state,district,month,ASSI,assi_after_centers,assi_after_bio_drive
100000,100000,2025-09-01,-1.4561361687192254,-1.4561361687192254,-1.4561361687192254
100000,100000,2025-10-01,-1.835646414888067,-1.835646414888067,-1.835646414888067
100000,100000,2025-11-01,-0.6280650526811109,-0.6280650526811109,-0.6280650526811109
100000,100000,2025-12-01,-0.4652719479120683,-0.4652719479120683,-0.4652719479120683
Andaman & Nicobar Islands,Andamans,2025-03-01,-0.6571852159865542,-0.6571852159865542,-0.6571852159865542
Andaman & Nicobar Islands,Andamans,2025-04-01,-0.6767507882600947,-0.6767507882600947,-0.6767507882600947
Andaman & Nicobar Islands,Andamans,2025-05-01,-0.6801151916928483,-0.6801151916928483,-0.6801151916928483
Andaman & Nicobar Islands,Andamans,2025-06-01,-0.7183750459239622,-0.7183750459239622,-0.7183750459239622
Andaman & Nicobar Islands,Andamans,2025-07-01,-0.6239709647148137,-0.6239709647148137,-0.6239709647148137
Andaman & Nicobar Islands,Andamans,2025-09-01,0.2872669358778095,0.2872669358778095,0.2872669358778095
Andaman & Nicobar Islands,Andamans,2025-10-01,-0.8168363923625859,-0.8168363923625859,-0.8168363923625859
Andaman & Nicobar Islands,Andamans,2025-11-01,-0.6102540803431923,-0.6102540803431923,-0.6102540803431923
Andaman & Nicobar Islands,Andamans,2025-12-01,-0.27867649245474396,-0.27867649245474396,-0.27867649245474396
Andaman & Nicobar Islands,Nicobars,2025-09-01,-1.3533848495987186,-1.3533848495987186,-1.3533848495987186
Andaman & Nicobar Islands,Nicobars,2025-11-01,-1.6315452896827347,-1.6315452896827347,-1.6315452896827347
Andaman & Nicobar Islands,Nicobars,2025-12-01,-1.3533429602460259,-1.3533429602460259,-1.3533429602460259
Andaman & Nicobar Islands,South Andaman,2025-09-01,-0.6830533976004503,-0.6830533976004503,-0.6830533976004503
Andaman & Nicobar Islands,South Andaman,2025-10-01,-0.9800384643321552,-0.9800384643321552,-0.9800384643321552
Andaman & Nicobar Islands,South Andaman,2025-11-01,-0.622087170966021,-0.622087170966021,-0.622087170966021
Andaman & Nicobar Islands,South Andaman,2025-12-01,-0.6734243444709207,-0.6734243444709207,-0.6734243444709207
Andaman and Nicobar Islands,Nicobar,2025-03-01,-0.4743450440710525,-0.4743450440710525,-0.4743450440710525
Andaman and Nicobar Islands,Nicobar,2025-04-01,-0.6186464237402218,-0.6186464237402218,-0.6186464237402218
Andaman and Nicobar Islands,Nicobar,2025-05-01,-0.7951262081301977,-0.7951262081301977,-0.7951262081301977
Andaman and Nicobar Islands,Nicobar,2025-06-01,-0.7227649093683214,-0.7227649093683214,-0.7227649093683214
Andaman and Nicobar Islands,Nicobar,2025-07-01,-0.6345236290819963,-0.6345236290819963,-0.6345236290819963
Andaman and Nicobar Islands,Nicobar,2025-09-01,0.260000410146167,0.260000410146167,0.260000410146167
Andaman and Nicobar Islands,Nicobar,2025-10-01,-1.0305513779296922,-1.0305513779296922,-1.0305513779296922
Andaman and Nicobar Islands,Nicobar,2025-11-01,-0.5269888606267772,-0.5269888606267772,-0.5269888606267772
Andaman and Nicobar Islands,Nicobar,2025-12-01,-0.7975453727764376,-0.7975453727764376,-0.7975453727764376
Andaman and Nicobar Islands,North And Middle Andaman,2025-03-01,-0.3660823936992932,-0.3660823936992932,-0.3660823936992932
Andaman and Nicobar Islands,North And Middle Andaman,2025-04-01,-0.40626525528582347,-0.40626525528582347,-0.40626525528582347
Andaman and Nicobar Islands,North And Middle Andaman,2025-05-01,-0.5121681891051524,-0.5121681891051524,-0.5121681891051524
Andaman and Nicobar Islands,North And Middle Andaman,2025-06-01,-0.45255733287454997,-0.45255733287454997,-0.45255733287454997
Andaman and Nicobar Islands,North And Middle Andaman,2025-07-01,-0.33809181959631796,-0.33809181959631796,-0.33809181959631796
Andaman and Nicobar Islands,North And Middle Andaman,2025-09-01,0.39580562999345353,0.39580562999345353,0.39580562999345353
Andaman and Nicobar Islands,North And Middle Andaman,2025-10-01,-0.7141116828107207,-0.7141116828107207,-0.7141116828107207
Andaman and Nicobar Islands,North And Middle Andaman,2025-11-01,-0.25068941576705395,-0.25068941576705395,-0.25068941576705395
Andaman and Nicobar Islands,North And Middle Andaman,2025-12-01,-0.30769120092679275,-0.30769120092679275,-0.30769120092679275
Andaman and Nicobar Islands,South Andaman,2025-03-01,-0.28071022011056934,-0.28071022011056934,-0.28071022011056934
Andaman and Nicobar Islands,South Andaman,2025-04-01,-0.34973031301264185,-0.34973031301264185,-0.34973031301264185
Andaman and Nicobar Islands,South Andaman,2025-05-01,-0.38227039393609785,-0.38227039393609785,-0.38227039393609785
Andaman and Nicobar Islands,South Andaman,2025-06-01,-0.4152731615852659,-0.4152731615852659,-0.4152731615852659
Andaman and Nicobar Islands,South Andaman,2025-07-01,-0.348728514572983,-0.348728514572983,-0.348728514572983
Andaman and Nicobar Islands,South Andaman,2025-09-01,0.4779672696781855,0.4779672696781855,0.4779672696781855
Andaman and Nicobar Islands,South Andaman,2025-10-01,-0.6254769242928274,-0.6254769242928274,-0.6254769242928274
Andaman and Nicobar Islands,South Andaman,2025-11-01,-0.09329555793141558,-0.09329555793141558,-0.09329555793141558
Andaman and Nicobar Islands,South Andaman,2025-12-01,-0.2344184370503732,-0.2344184370503732,-0.2344184370503732
Andhra Pradesh,Adilabad,2025-03-01,0.15933485592991764,0.15933485592991764,0.15933485592991764
Andhra Pradesh,Adilabad,2025-04-01,-0.13599272560662473,-0.13599272560662473,-0.13599272560662473
Andhra Pradesh,Adilabad,2025-05-01,-0.14324969482539263,-0.14324969482539263,-0.14324969482539263
Andhra Pradesh,Adilabad,2025-06-01,0.0005385904630713992,0.0005385904630713992,0.0005385904630713992
Andhra Pradesh,Adilabad,2025-07-01,0.08183239102108068,0.08183239102108068,0.08183239102108068
Andhra Pradesh,Adilabad,2025-09-01,0.7785439722333198,0.7785439722333198,0.7785439722333198
Andhra Pradesh,Adilabad,2025-10-01,-0.2768957527981147,-0.2768957527981147,-0.2768957527981147
Andhra Pradesh,Adilabad,2025-11-01,0.00010237569353517897,0.00010237569353517897,0.00010237569353517897
Andhra Pradesh,Adilabad,2025-12-01,-0.3275172570455126,-0.3275172570455126,-0.3275172570455126
Andhra Pradesh,Alluri Sitharama Raju,2025-03-01,0.021974193973816565,0.021974193973816565,0.021974193973816565
Andhra Pradesh,Alluri Sitharama Raju,2025-04-01,-0.2703268241182836,-0.2703268241182836,-0.2703268241182836
Andhra Pradesh,Alluri Sitharama Raju,2025-05-01,-0.2578063521299207,-0.2578063521299207,-0.2578063521299207
Andhra Pradesh,Alluri Sitharama Raju,2025-06-01,-0.1691378027314921,-0.1691378027314921,-0.1691378027314921
Andhra Pradesh,Alluri Sitharama Raju,2025-07-01,-0.2835095932575625,-0.2835095932575625,-0.2835095932575625
Andhra Pradesh,Alluri Sitharama Raju,2025-09-01,0.5575560656307075,0.5575560656307075,0.5575560656307075
Andhra Pradesh,Alluri Sitharama Raju,2025-10-01,-0.34184060290432206,-0.34184060290432206,-0.34184060290432206
Andhra Pradesh,Alluri Sitharama Raju,2025-11-01,-0.17097800500940158,-0.17097800500940158,-0.17097800500940158
Andhra Pradesh,Alluri Sitharama Raju,2025-12-01,-0.3054271780810435,-0.3054271780810435,-0.3054271780810435
Andhra Pradesh,Anakapalli,2025-03-01,-0.16090898372677648,-0.16090898372677648,-0.16090898372677648
Andhra Pradesh,Anakapalli,2025-04-01,-0.412039184749599,-0.412039184749599,-0.412039184749599
Andhra Pradesh,Anakapalli,2025-05-01,-0.3930749640768026,-0.3930749640768026,-0.3930749640768026
Andhra Pradesh,Anakapalli,2025-06-01,-0.31730526955708754,-0.31730526955708754,-0.31730526955708754
Andhra Pradesh,Anakapalli,2025-07-01,-0.3976983604119547,-0.3976983604119547,-0.3976983604119547
Andhra Pradesh,Anakapalli,2025-09-01,0.4970795604184577,0.4970795604184577,0.4970795604184577
Andhra Pradesh,Anakapalli,2025-10-01,-0.4884101652095553,-0.4884101652095553,-0.4884101652095553
Andhra Pradesh,Anakapalli,2025-11-01,0.12463971657619481,0.12463971657619481,0.12463971657619481
Andhra Pradesh,Anakapalli,2025-12-01,-0.31301164800668296,-0.31301164800668296,-0.31301164800668296
Andhra Pradesh,Anantapur,2025-03-01,0.8016568975502738,0.8016568975502738,0.8016568975502738
Andhra Pradesh,Anantapur,2025-04-01,0.28209852693554127,0.28209852693554127,0.28209852693554127
Andhra Pradesh,Anantapur,2025-05-01,0.2976560826525223,0.2976560826525223,0.2976560826525223
Andhra Pradesh,Anantapur,2025-06-01,0.3498246049547336,0.3498246049547336,0.3498246049547336
Andhra Pradesh,Anantapur,2025-07-01,0.11602595826068741,0.11602595826068741,0.11602595826068741
Andhra Pradesh,Anantapur,2025-09-01,0.7909191200610939,0.7909191200610939,0.7909191200610939
Andhra Pradesh,Anantapur,2025-10-01,-0.0717096156711276,-0.0717096156711276,-0.0717096156711276
Andhra Pradesh,Anantapur,2025-11-01,0.1483151626978708,0.1483151626978708,0.1483151626978708
Andhra Pradesh,Anantapur,2025-12-01,-0.15468122546967655,-0.15468122546967655,-0.15468122546967655
Andhra Pradesh,Ananthapur,2025-03-01,0.6676162822911501,0.6676162822911501,0.6676162822911501
Andhra Pradesh,Ananthapur,2025-04-01,0.5553925475057029,0.5553925475057029,0.5553925475057029
Andhra Pradesh,Ananthapur,2025-05-01,0.34011263970386674,0.34011263970386674,0.34011263970386674
Andhra Pradesh,Ananthapur,2025-06-01,0.2831637139371317,0.2831637139371317,0.2831637139371317
Andhra Pradesh,Ananthapur,2025-07-01,-0.051592851744119664,-0.051592851744119664,-0.051592851744119664
Andhra Pradesh,Ananthapur,2025-09-01,0.6630125272798041,0.6630125272798041,0.6630125272798041
Andhra Pradesh,Ananthapur,2025-10-01,-0.14099710586809608,-0.14099710586809608,-0.14099710586809608
Andhra Pradesh,Ananthapur,2025-11-01,-0.006750485455795707,-0.006750485455795707,-0.006750485455795707
Andhra Pradesh,Ananthapur,2025-12-01,-0.0957447981155284,-0.0957447981155284,-0.0957447981155284
Andhra Pradesh,Ananthapuramu,2025-03-01,0.780119656322825,0.780119656322825,0.780119656322825
Andhra Pradesh,Ananthapuramu,2025-04-01,0.8442857802552226,0.8442857802552226,0.8442857802552226
Andhra Pradesh,Ananthapuramu,2025-05-01,0.8218586135469079,0.8218586135469079,0.8218586135469079
Andhra Pradesh,Ananthapuramu,2025-06-01,0.6392979467854675,0.6392979467854675,0.6392979467854675
Andhra Pradesh,Ananthapuramu,2025-07-01,0.26668060249264247,0.26668060249264247,0.26668060249264247
Andhra Pradesh,Ananthapuramu,2025-09-01,0.6982350202472934,0.6982350202472934,0.6982350202472934
Andhra Pradesh,Ananthapuramu,2025-10-01,-0.15497385588302864,-0.15497385588302864,-0.15497385588302864
Andhra Pradesh,Ananthapuramu,2025-11-01,0.04928700253232049,0.04928700253232049,0.04928700253232049
Andhra Pradesh,Ananthapuramu,2025-12-01,-0.12640390947721286,-0.12640390947721286,-0.12640390947721286
Andhra Pradesh,Annamayya,2025-03-01,-0.12007647608833771,-0.12007647608833771,-0.12007647608833771
Andhra Pradesh,Annamayya,2025-04-01,-0.184220087023388,-0.184220087023388,-0.184220087023388
Andhra Pradesh,Annamayya,2025-05-01,0.0185963000101245,0.0185963000101245,0.0185963000101245
Andhra Pradesh,Annamayya,2025-06-01,0.021661622653448995,0.021661622653448995,0.021661622653448995
Andhra Pradesh,Annamayya,2025-07-01,-0.10005776095703037,-0.10005776095703037,-0.10005776095703037
Andhra Pradesh,Annamayya,2025-09-01,0.5535430295956205,0.5535430295956205,0.5535430295956205
Andhra Pradesh,Annamayya,2025-10-01,-0.4179044914596905,-0.4179044914596905,-0.4179044914596905
Andhra Pradesh,Annamayya,2025-11-01,0.032791194576704555,0.032791194576704555,0.032791194576704555
Andhra Pradesh,Annamayya,2025-12-01,-0.22965335838247397,-0.22965335838247397,-0.22965335838247397
Andhra Pradesh,Bapatla,2025-03-01,-0.2728287135979304,-0.2728287135979304,-0.2728287135979304
Andhra Pradesh,Bapatla,2025-04-01,-0.56146894963139,-0.56146894963139,-0.56146894963139
Andhra Pradesh,Bapatla,2025-05-01,-0.2465984513353236,-0.2465984513353236,-0.2465984513353236
Andhra Pradesh,Bapatla,2025-06-01,-0.23350536547876127,-0.23350536547876127,-0.23350536547876127
Andhra Pradesh,Bapatla,2025-07-01,-0.350502384810368,-0.350502384810368,-0.350502384810368
Andhra Pradesh,Bapatla,2025-09-01,0.48965052911298523,0.48965052911298523,0.48965052911298523
Andhra Pradesh,Bapatla,2025-10-01,-0.4837840787486518,-0.4837840787486518,-0.4837840787486518
Andhra Pradesh,Bapatla,2025-11-01,0.03751088089926047,0.03751088089926047,0.03751088089926047
Andhra Pradesh,Bapatla,2025-12-01,-0.3217661524659286,-0.3217661524659286,-0.3217661524659286
Andhra Pradesh,Chittoor,2025-03-01,1.7338017273292443,1.6297736236894895,1.5820940761879354
Andhra Pradesh,Chittoor,2025-04-01,1.138954472691172,1.0706172043297015,1.0392959563306945
Andhra Pradesh,Chittoor,2025-05-01,1.4946989456461401,1.4050170089073717,1.363912787902103
Andhra Pradesh,Chittoor,2025-06-01,1.320222286779036,1.2410089495722938,1.2047028366858703
Andhra Pradesh,Chittoor,2025-07-01,0.8961422436531108,0.8961422436531108,0.8961422436531108
Andhra Pradesh,Chittoor,2025-09-01,0.8934392572915135,0.8934392572915135,0.8934392572915135
Andhra Pradesh,Chittoor,2025-10-01,-0.004771913365116981,-0.004771913365116981,-0.004771913365116981
Andhra Pradesh,Chittoor,2025-11-01,0.29149090499407226,0.29149090499407226,0.29149090499407226
Andhra Pradesh,Chittoor,2025-12-01,0.009201702424434004,0.009201702424434004,0.009201702424434004
Andhra Pradesh,Cuddapah,2025-03-01,1.0199133551449102,1.0199133551449102,1.0199133551449102
Andhra Pradesh,Cuddapah,2025-04-01,0.9353895078676934,0.9353895078676934,0.9353895078676934
Andhra Pradesh,Cuddapah,2025-05-01,0.8457402457705699,0.8457402457705699,0.8457402457705699
Andhra Pradesh,Cuddapah,2025-06-01,0.9005123759070158,0.9005123759070158,0.9005123759070158
Andhra Pradesh,Cuddapah,2025-07-01,0.4581143704494693,0.4581143704494693,0.4581143704494693
Andhra Pradesh,Cuddapah,2025-09-01,0.832745343086896,0.832745343086896,0.832745343086896
Andhra Pradesh,Cuddapah,2025-10-01,-0.03644041888115358,-0.03644041888115358,-0.03644041888115358
Andhra Pradesh,Cuddapah,2025-11-01,0.23299925485218612,0.23299925485218612,0.23299925485218612
Andhra Pradesh,Cuddapah,2025-12-01,-0.016596630038014322,-0.016596630038014322,-0.016596630038014322
Andhra Pradesh,Dr. B. R. Ambedkar Konaseema,2025-03-01,-0.227184439530748,-0.227184439530748,-0.227184439530748
Andhra Pradesh,Dr. B. R. Ambedkar Konaseema,2025-04-01,-0.49823574587563807,-0.49823574587563807,-0.49823574587563807
Andhra Pradesh,Dr. B. R. Ambedkar Konaseema,2025-05-01,-0.29296200984472726,-0.29296200984472726,-0.29296200984472726
Andhra Pradesh,Dr. B. R. Ambedkar Konaseema,2025-06-01,-0.2972399626820771,-0.2972399626820771,-0.2972399626820771
Andhra Pradesh,Dr. B. R. Ambedkar Konaseema,2025-07-01,-0.41598751111859333,-0.41598751111859333,-0.41598751111859333
Andhra Pradesh,Dr. B. R. Ambedkar Konaseema,2025-09-01,0.5305208546314587,0.5305208546314587,0.5305208546314587
Andhra Pradesh,Dr. B. R. Ambedkar Konaseema,2025-10-01,-0.5068109963516023,-0.5068109963516023,-0.5068109963516023
Andhra Pradesh,Dr. B. R. Ambedkar Konaseema,2025-11-01,0.07797704957421467,0.07797704957421467,0.07797704957421467
Andhra Pradesh,Dr. B. R. Ambedkar Konaseema,2025-12-01,-0.2953464843713204,-0.2953464843713204,-0.2953464843713204
Andhra Pradesh,East Godavari,2025-03-01,1.7847889006591795,1.6777015666196287,1.6286198718515013
Andhra Pradesh,East Godavari,2025-04-01,1.2126529147439549,1.1398937398593174,1.106545784703859
Andhra Pradesh,East Godavari,2025-05-01,1.3034141664934917,1.2252093165038822,1.189365426925311
Andhra Pradesh,East Godavari,2025-06-01,1.2925641159230263,1.2150102689676447,1.1794647557797615
Andhra Pradesh,East Godavari,2025-07-01,0.9210633438949631,0.9210633438949631,0.9210633438949631
Andhra Pradesh,East Godavari,2025-09-01,0.9198199792900039,0.9198199792900039,0.9198199792900039
Andhra Pradesh,East Godavari,2025-10-01,-0.035041992459199284,-0.035041992459199284,-0.035041992459199284
Andhra Pradesh,East Godavari,2025-11-01,0.36402956863363845,0.36402956863363845,0.36402956863363845
Andhra Pradesh,East Godavari,2025-12-01,0.06293565280283678,0.06293565280283678,0.06293565280283678
Andhra Pradesh,Eluru,2025-03-01,-0.18099375452180344,-0.18099375452180344,-0.18099375452180344
Andhra Pradesh,Eluru,2025-04-01,-0.42689854789971887,-0.42689854789971887,-0.42689854789971887
Andhra Pradesh,Eluru,2025-05-01,-0.2802012811851933,-0.2802012811851933,-0.2802012811851933
Andhra Pradesh,Eluru,2025-06-01,-0.17418972995134396,-0.17418972995134396,-0.17418972995134396
Andhra Pradesh,Eluru,2025-07-01,-0.4866412346742411,-0.4866412346742411,-0.4866412346742411
Andhra Pradesh,Eluru,2025-09-01,0.5660698540687683,0.5660698540687683,0.5660698540687683
Andhra Pradesh,Eluru,2025-10-01,-0.4286465508974627,-0.4286465508974627,-0.4286465508974627
Andhra Pradesh,Eluru,2025-11-01,0.12630636094738376,0.12630636094738376,0.12630636094738376
Andhra Pradesh,Eluru,2025-12-01,-0.3233629847380308,-0.3233629847380308,-0.3233629847380308
Andhra Pradesh,Guntur,2025-03-01,1.8327072232000163,1.7227447898080153,1.6723453411700149
Andhra Pradesh,Guntur,2025-04-01,1.2995340684512353,1.2215620243441612,1.1858248374617522
Andhra Pradesh,Guntur,2025-05-01,1.390040765730254,1.3066383197864386,1.2684121987288568
Andhra Pradesh,Guntur,2025-06-01,1.462142880681608,1.3744143078407114,1.3342053786219672
Andhra Pradesh,Guntur,2025-07-01,1.0318945888175426,1.0318945888175426,1.0318945888175426
Andhra Pradesh,Guntur,2025-09-01,0.9088229433839659,0.9088229433839659,0.9088229433839659
Andhra Pradesh,Guntur,2025-10-01,-0.02825209859708529,-0.02825209859708529,-0.02825209859708529
Andhra Pradesh,Guntur,2025-11-01,0.4659264612720876,0.4659264612720876,0.4659264612720876
Andhra Pradesh,Guntur,2025-12-01,0.07843896929423319,0.07843896929423319,0.07843896929423319
Andhra Pradesh,Hyderabad,2025-03-01,0.5203698878992346,0.5203698878992346,0.5203698878992346
Andhra Pradesh,Hyderabad,2025-04-01,0.25722954972085926,0.25722954972085926,0.25722954972085926
Andhra Pradesh,Hyderabad,2025-05-01,0.26841337199596055,0.26841337199596055,0.26841337199596055
Andhra Pradesh,Hyderabad,2025-06-01,0.30941037712400976,0.30941037712400976,0.30941037712400976
Andhra Pradesh,Hyderabad,2025-07-01,0.4654622813502602,0.4654622813502602,0.4654622813502602
Andhra Pradesh,Hyderabad,2025-09-01,0.8050896295646194,0.8050896295646194,0.8050896295646194
Andhra Pradesh,Hyderabad,2025-10-01,-0.10988693529244378,-0.10988693529244378,-0.10988693529244378
Andhra Pradesh,Hyderabad,2025-11-01,0.04759689482131929,0.04759689482131929,0.04759689482131929
Andhra Pradesh,Hyderabad,2025-12-01,-0.14839236817638,-0.14839236817638,-0.14839236817638
Andhra Pradesh,K.V.Rangareddy,2025-07-01,-0.9907680061963337,-0.9907680061963337,-0.9907680061963337
Andhra Pradesh,K.V.Rangareddy,2025-09-01,0.22884607994853257,0.22884607994853257,0.22884607994853257
Andhra Pradesh,K.V.Rangareddy,2025-10-01,-0.7773877689567997,-0.7773877689567997,-0.7773877689567997
Andhra Pradesh,K.V.Rangareddy,2025-11-01,-0.6449720829562455,-0.6449720829562455,-0.6449720829562455
Andhra Pradesh,K.V.Rangareddy,2025-12-01,-0.7983769560314502,-0.7983769560314502,-0.7983769560314502
Andhra Pradesh,K.v. Rangareddy,2025-03-01,-1.0272478774695428,-1.0272478774695428,-1.0272478774695428
Andhra Pradesh,K.v. Rangareddy,2025-06-01,-0.9239706729824106,-0.9239706729824106,-0.9239706729824106
Andhra Pradesh,K.v. Rangareddy,2025-09-01,0.09137641442522823,0.09137641442522823,0.09137641442522823
Andhra Pradesh,K.v. Rangareddy,2025-10-01,-0.6799349841413119,-0.6799349841413119,-0.6799349841413119
Andhra Pradesh,K.v. Rangareddy,2025-11-01,-1.116320427500163,-1.116320427500163,-1.116320427500163
Andhra Pradesh,K.v. Rangareddy,2025-12-01,0.12038837161335697,0.12038837161335697,0.12038837161335697
Andhra Pradesh,Kakinada,2025-03-01,-0.03912066295012655,-0.03912066295012655,-0.03912066295012655
Andhra Pradesh,Kakinada,2025-04-01,-0.34944366285853057,-0.34944366285853057,-0.34944366285853057
Andhra Pradesh,Kakinada,2025-05-01,-0.026696280400653805,-0.026696280400653805,-0.026696280400653805
Andhra Pradesh,Kakinada,2025-06-01,-0.1257117235214295,-0.1257117235214295,-0.1257117235214295
Andhra Pradesh,Kakinada,2025-07-01,-0.19588819300241045,-0.19588819300241045,-0.19588819300241045
Andhra Pradesh,Kakinada,2025-09-01,0.5902957969151571,0.5902957969151571,0.5902957969151571
Andhra Pradesh,Kakinada,2025-10-01,-0.35070210712125877,-0.35070210712125877,-0.35070210712125877
Andhra Pradesh,Kakinada,2025-11-01,-0.01824932037109021,-0.01824932037109021,-0.01824932037109021
Andhra Pradesh,Kakinada,2025-12-01,-0.2219097219313994,-0.2219097219313994,-0.2219097219313994
Andhra Pradesh,Karim Nagar,2025-03-01,-0.7151613066240519,-0.7151613066240519,-0.7151613066240519
Andhra Pradesh,Karim Nagar,2025-04-01,-0.847522730654459,-0.847522730654459,-0.847522730654459
Andhra Pradesh,Karim Nagar,2025-05-01,-0.7019462292319331,-0.7019462292319331,-0.7019462292319331
Andhra Pradesh,Karim Nagar,2025-06-01,-0.8222335881748339,-0.8222335881748339,-0.8222335881748339
Andhra Pradesh,Karim Nagar,2025-07-01,-0.7454833215612175,-0.7454833215612175,-0.7454833215612175
Andhra Pradesh,Karim Nagar,2025-09-01,0.2894533294917309,0.2894533294917309,0.2894533294917309
Andhra Pradesh,Karim Nagar,2025-10-01,-0.536132749382239,-0.536132749382239,-0.536132749382239
Andhra Pradesh,Karim Nagar,2025-11-01,-0.5545131074548659,-0.5545131074548659,-0.5545131074548659
Andhra Pradesh,Karim Nagar,2025-12-01,-0.6770040920057964,-0.6770040920057964,-0.6770040920057964
Andhra Pradesh,Karimnagar,2025-03-01,-0.24780115955886836,-0.24780115955886836,-0.24780115955886836
Andhra Pradesh,Karimnagar,2025-04-01,-0.48176811939543185,-0.48176811939543185,-0.48176811939543185
Andhra Pradesh,Karimnagar,2025-05-01,-0.32857879423250713,-0.32857879423250713,-0.32857879423250713
Andhra Pradesh,Karimnagar,2025-06-01,-0.2937226058361545,-0.2937226058361545,-0.2937226058361545
Andhra Pradesh,Karimnagar,2025-07-01,-0.2659903686973103,-0.2659903686973103,-0.2659903686973103
Andhra Pradesh,Karimnagar,2025-09-01,0.6419334380675867,0.6419334380675867,0.6419334380675867
Andhra Pradesh,Karimnagar,2025-10-01,-0.3897616315345134,-0.3897616315345134,-0.3897616315345134
Andhra Pradesh,Karimnagar,2025-11-01,-0.2720992088026545,-0.2720992088026545,-0.2720992088026545
Andhra Pradesh,Karimnagar,2025-12-01,-0.36534362991833713,-0.36534362991833713,-0.36534362991833713
Andhra Pradesh,Khammam,2025-03-01,0.1352277513544458,0.1352277513544458,0.1352277513544458
Andhra Pradesh,Khammam,2025-04-01,-0.18045472242382304,-0.18045472242382304,-0.18045472242382304
Andhra Pradesh,Khammam,2025-05-01,-0.11041599810213869,-0.11041599810213869,-0.11041599810213869
Andhra Pradesh,Khammam,2025-06-01,-0.03213031303822721,-0.03213031303822721,-0.03213031303822721
Andhra Pradesh,Khammam,2025-07-01,0.02811707115669769,0.02811707115669769,0.02811707115669769
Andhra Pradesh,Khammam,2025-09-01,0.735661861860921,0.735661861860921,0.735661861860921
Andhra Pradesh,Khammam,2025-10-01,-0.24753121694533095,-0.24753121694533095,-0.24753121694533095
Andhra Pradesh,Khammam,2025-11-01,0.0009257730728111924,0.0009257730728111924,0.0009257730728111924
Andhra Pradesh,Khammam,2025-12-01,-0.3126789326060039,-0.3126789326060039,-0.3126789326060039
Andhra Pradesh,Krishna,2025-03-01,1.4819685453716172,1.39305043264932,1.3522962976516006
Andhra Pradesh,Krishna,2025-04-01,1.1112197240477981,1.0445465406049301,1.0139879981936157
Andhra Pradesh,Krishna,2025-05-01,1.2890439966489018,1.2117013568499677,1.1762526469421228
Andhra Pradesh,Krishna,2025-06-01,1.1185001952840836,1.0513901835670385,1.0206314281967264
Andhra Pradesh,Krishna,2025-07-01,0.7772545639233241,0.7772545639233241,0.7772545639233241
Andhra Pradesh,Krishna,2025-09-01,0.9072864016603676,0.9072864016603676,0.9072864016603676
Andhra Pradesh,Krishna,2025-10-01,-0.09061953534820479,-0.09061953534820479,-0.09061953534820479
Andhra Pradesh,Krishna,2025-11-01,0.33706035568497816,0.33706035568497816,0.33706035568497816
Andhra Pradesh,Krishna,2025-12-01,0.021096801385174512,0.021096801385174512,0.021096801385174512
Andhra Pradesh,Kurnool,2025-03-01,1.8306717652592306,1.7208314593436767,1.6704879857990478
Andhra Pradesh,Kurnool,2025-04-01,1.4531340144710396,1.3659459736027773,1.3259847882048237
Andhra Pradesh,Kurnool,2025-05-01,1.5846194510714662,1.4895422840071781,1.4459652491027128
Andhra Pradesh,Kurnool,2025-06-01,1.4627689166406965,1.3750027816422548,1.3347766364346356
Andhra Pradesh,Kurnool,2025-07-01,1.3698549347380065,1.287663638653726,1.2499926279484308
Andhra Pradesh,Kurnool,2025-09-01,0.9060470546505032,0.9060470546505032,0.9060470546505032
Andhra Pradesh,Kurnool,2025-10-01,0.06382320035757187,0.06382320035757187,0.06382320035757187
Andhra Pradesh,Kurnool,2025-11-01,0.22489764812168184,0.22489764812168184,0.22489764812168184
Andhra Pradesh,Kurnool,2025-12-01,0.06764541835809249,0.06764541835809249,0.06764541835809249
Andhra Pradesh,Mahabub Nagar,2025-03-01,-0.5136773111177857,-0.5136773111177857,-0.5136773111177857
Andhra Pradesh,Mahabub Nagar,2025-04-01,-0.7404181151563656,-0.7404181151563656,-0.7404181151563656
Andhra Pradesh,Mahabub Nagar,2025-05-01,-0.7467757902114629,-0.7467757902114629,-0.7467757902114629
Andhra Pradesh,Mahabub Nagar,2025-06-01,-0.5392740085061535,-0.5392740085061535,-0.5392740085061535
Andhra Pradesh,Mahabub Nagar,2025-07-01,-0.5328083481249307,-0.5328083481249307,-0.5328083481249307
Andhra Pradesh,Mahabub Nagar,2025-09-01,0.6855122966097092,0.6855122966097092,0.6855122966097092
Andhra Pradesh,Mahabub Nagar,2025-10-01,-0.35205995816586017,-0.35205995816586017,-0.35205995816586017
Andhra Pradesh,Mahabub Nagar,2025-11-01,-0.20442441190371316,-0.20442441190371316,-0.20442441190371316
Andhra Pradesh,Mahabub Nagar,2025-12-01,-0.4220391276436155,-0.4220391276436155,-0.4220391276436155
Andhra Pradesh,Mahabubnagar,2025-09-01,-0.8646356665822501,-0.8646356665822501,-0.8646356665822501
Andhra Pradesh,Mahabubnagar,2025-10-01,-1.1402998705779257,-1.1402998705779257,-1.1402998705779257
Andhra Pradesh,Mahabubnagar,2025-11-01,-1.3262545982028942,-1.3262545982028942,-1.3262545982028942
Andhra Pradesh,Mahabubnagar,2025-12-01,-0.02599536733826959,-0.02599536733826959,-0.02599536733826959
Andhra Pradesh,Mahbubnagar,2025-03-01,-0.21478190411842074,-0.21478190411842074,-0.21478190411842074
Andhra Pradesh,Mahbubnagar,2025-04-01,-0.42913956315925605,-0.42913956315925605,-0.42913956315925605
Andhra Pradesh,Mahbubnagar,2025-05-01,-0.412039184749599,-0.412039184749599,-0.412039184749599
Andhra Pradesh,Mahbubnagar,2025-06-01,-0.34030597130986956,-0.34030597130986956,-0.34030597130986956
Andhra Pradesh,Mahbubnagar,2025-07-01,-0.3151068245425815,-0.3151068245425815,-0.3151068245425815
Andhra Pradesh,Mahbubnagar,2025-09-01,0.6085238515408395,0.6085238515408395,0.6085238515408395
Andhra Pradesh,Mahbubnagar,2025-10-01,-0.36499407480973894,-0.36499407480973894,-0.36499407480973894
Andhra Pradesh,Mahbubnagar,2025-11-01,-0.24741461657405278,-0.24741461657405278,-0.24741461657405278
Andhra Pradesh,Mahbubnagar,2025-12-01,-0.44571845132103394,-0.44571845132103394,-0.44571845132103394
Andhra Pradesh,Medak,2025-03-01,-0.1526650575997393,-0.1526650575997393,-0.1526650575997393
Andhra Pradesh,Medak,2025-04-01,-0.3002708229007581,-0.3002708229007581,-0.3002708229007581
Andhra Pradesh,Medak,2025-05-01,-0.3425239258330426,-0.3425239258330426,-0.3425239258330426
Andhra Pradesh,Medak,2025-06-01,-0.2504326037036388,-0.2504326037036388,-0.2504326037036388
Andhra Pradesh,Medak,2025-07-01,-0.22105911081383606,-0.22105911081383606,-0.22105911081383606
Andhra Pradesh,Medak,2025-09-01,0.6576514188521734,0.6576514188521734,0.6576514188521734
Andhra Pradesh,Medak,2025-10-01,-0.3372671440707902,-0.3372671440707902,-0.3372671440707902
Andhra Pradesh,Medak,2025-11-01,-0.14432154727562774,-0.14432154727562774,-0.14432154727562774
Andhra Pradesh,Medak,2025-12-01,-0.3829649408269521,-0.3829649408269521,-0.3829649408269521
Andhra Pradesh,N. T. R,2025-03-01,0.08842959356082959,0.08842959356082959,0.08842959356082959
Andhra Pradesh,N. T. R,2025-04-01,-0.2737558444937589,-0.2737558444937589,-0.2737558444937589
Andhra Pradesh,N. T. R,2025-05-01,0.021468498061290545,0.021468498061290545,0.021468498061290545
Andhra Pradesh,N. T. R,2025-06-01,-0.027090455491933507,-0.027090455491933507,-0.027090455491933507
Andhra Pradesh,N. T. R,2025-07-01,-0.1104047856426699,-0.1104047856426699,-0.1104047856426699
Andhra Pradesh,N. T. R,2025-09-01,0.6347609928859533,0.6347609928859533,0.6347609928859533
Andhra Pradesh,N. T. R,2025-10-01,-0.3953302047403988,-0.3953302047403988,-0.3953302047403988
Andhra Pradesh,N. T. R,2025-11-01,0.07179349092205368,0.07179349092205368,0.07179349092205368
Andhra Pradesh,N. T. R,2025-12-01,-0.23070969651663065,-0.23070969651663065,-0.23070969651663065
Andhra Pradesh,Nalgonda,2025-03-01,-0.10728561953619828,-0.10728561953619828,-0.10728561953619828
Andhra Pradesh,Nalgonda,2025-04-01,-0.3568617686063738,-0.3568617686063738,-0.3568617686063738
Andhra Pradesh,Nalgonda,2025-05-01,-0.23294995562889587,-0.23294995562889587,-0.23294995562889587
Andhra Pradesh,Nalgonda,2025-06-01,-0.1236020155005969,-0.1236020155005969,-0.1236020155005969
Andhra Pradesh,Nalgonda,2025-07-01,-0.10529524393884208,-0.10529524393884208,-0.10529524393884208
Andhra Pradesh,Nalgonda,2025-09-01,0.7472513263372472,0.7472513263372472,0.7472513263372472
Andhra Pradesh,Nalgonda,2025-10-01,-0.23957924327197389,-0.23957924327197389,-0.23957924327197389
Andhra Pradesh,Nalgonda,2025-11-01,-0.06333323238902239,-0.06333323238902239,-0.06333323238902239
Andhra Pradesh,Nalgonda,2025-12-01,-0.30951140170998553,-0.30951140170998553,-0.30951140170998553
Andhra Pradesh,Nandyal,2025-03-01,-0.19786995655707323,-0.19786995655707323,-0.19786995655707323
Andhra Pradesh,Nandyal,2025-04-01,-0.3149730667789302,-0.3149730667789302,-0.3149730667789302
Andhra Pradesh,Nandyal,2025-05-01,0.0024517716328480293,0.0024517716328480293,0.0024517716328480293
Andhra Pradesh,Nandyal,2025-06-01,0.028783299788947406,0.028783299788947406,0.028783299788947406
Andhra Pradesh,Nandyal,2025-07-01,-0.09073941779833375,-0.09073941779833375,-0.09073941779833375
Andhra Pradesh,Nandyal,2025-09-01,0.5243484914870777,0.5243484914870777,0.5243484914870777
Andhra Pradesh,Nandyal,2025-10-01,-0.3017461768714097,-0.3017461768714097,-0.3017461768714097
Andhra Pradesh,Nandyal,2025-11-01,-0.08124773341639326,-0.08124773341639326,-0.08124773341639326
Andhra Pradesh,Nandyal,2025-12-01,-0.32487103523990735,-0.32487103523990735,-0.32487103523990735
Andhra Pradesh,Nellore,2025-03-01,0.7796895855693731,0.7796895855693731,0.7796895855693731
Andhra Pradesh,Nellore,2025-04-01,0.9279138829722086,0.9279138829722086,0.9279138829722086
Andhra Pradesh,Nellore,2025-05-01,0.793389428407813,0.793389428407813,0.793389428407813
Andhra Pradesh,Nellore,2025-06-01,0.8023002544380663,0.8023002544380663,0.8023002544380663
Andhra Pradesh,Nellore,2025-07-01,0.4458970896591451,0.4458970896591451,0.4458970896591451
Andhra Pradesh,Nellore,2025-09-01,0.8332269669656381,0.8332269669656381,0.8332269669656381
Andhra Pradesh,Nellore,2025-10-01,-0.131513853792012,-0.131513853792012,-0.131513853792012
Andhra Pradesh,Nellore,2025-11-01,0.2710966676768202,0.2710966676768202,0.2710966676768202
Andhra Pradesh,Nellore,2025-12-01,-0.062262701129251266,-0.062262701129251266,-0.062262701129251266
Andhra Pradesh,Nizamabad,2025-03-01,-0.3387494119937856,-0.3387494119937856,-0.3387494119937856
Andhra Pradesh,Nizamabad,2025-04-01,-0.44981681486649644,-0.44981681486649644,-0.44981681486649644
Andhra Pradesh,Nizamabad,2025-05-01,-0.40589802506485007,-0.40589802506485007,-0.40589802506485007
Andhra Pradesh,Nizamabad,2025-06-01,-0.3857584335843458,-0.3857584335843458,-0.3857584335843458
Andhra Pradesh,Nizamabad,2025-07-01,-0.3616365659507335,-0.3616365659507335,-0.3616365659507335
Andhra Pradesh,Nizamabad,2025-09-01,0.5183857878530412,0.5183857878530412,0.5183857878530412
Andhra Pradesh,Nizamabad,2025-10-01,-0.3724166941353242,-0.3724166941353242,-0.3724166941353242
Andhra Pradesh,Nizamabad,2025-11-01,-0.3486650191067653,-0.3486650191067653,-0.3486650191067653
Andhra Pradesh,Nizamabad,2025-12-01,-0.5232748684219286,-0.5232748684219286,-0.5232748684219286
Andhra Pradesh,Palnadu,2025-03-01,-0.15467386465978797,-0.15467386465978797,-0.15467386465978797
Andhra Pradesh,Palnadu,2025-04-01,-0.40028430466349735,-0.40028430466349735,-0.40028430466349735
Andhra Pradesh,Palnadu,2025-05-01,-0.03352452260087951,-0.03352452260087951,-0.03352452260087951
Andhra Pradesh,Palnadu,2025-06-01,0.06905397233073898,0.06905397233073898,0.06905397233073898
Andhra Pradesh,Palnadu,2025-07-01,-0.24080559185781472,-0.24080559185781472,-0.24080559185781472
Andhra Pradesh,Palnadu,2025-09-01,0.5405725612290834,0.5405725612290834,0.5405725612290834
Andhra Pradesh,Palnadu,2025-10-01,-0.46383747798292435,-0.46383747798292435,-0.46383747798292435
Andhra Pradesh,Palnadu,2025-11-01,-0.16418252316888932,-0.16418252316888932,-0.16418252316888932
Andhra Pradesh,Palnadu,2025-12-01,-0.11262342992957595,-0.11262342992957595,-0.11262342992957595
Andhra Pradesh,Parvathipuram Manyam,2025-03-01,-0.21844464282364182,-0.21844464282364182,-0.21844464282364182
Andhra Pradesh,Parvathipuram Manyam,2025-04-01,-0.3259579832145565,-0.3259579832145565,-0.3259579832145565
Andhra Pradesh,Parvathipuram Manyam,2025-05-01,-0.23527894558228157,-0.23527894558228157,-0.23527894558228157
Andhra Pradesh,Parvathipuram Manyam,2025-06-01,-0.23648194032531172,-0.23648194032531172,-0.23648194032531172
Andhra Pradesh,Parvathipuram Manyam,2025-07-01,-0.3250463744396095,-0.3250463744396095,-0.3250463744396095
Andhra Pradesh,Parvathipuram Manyam,2025-09-01,0.45839549686649744,0.45839549686649744,0.45839549686649744
Andhra Pradesh,Parvathipuram Manyam,2025-10-01,-0.47648143894285405,-0.47648143894285405,-0.47648143894285405
Andhra Pradesh,Parvathipuram Manyam,2025-11-01,-0.2903207462350754,-0.2903207462350754,-0.2903207462350754
Andhra Pradesh,Parvathipuram Manyam,2025-12-01,-0.3186378070225042,-0.3186378070225042,-0.3186378070225042
Andhra Pradesh,Prakasam,2025-03-01,1.3836070090742796,1.3005905885298228,1.26254139578028
Andhra Pradesh,Prakasam,2025-04-01,1.0741552036684265,1.0741552036684265,1.0741552036684265
Andhra Pradesh,Prakasam,2025-05-01,1.1558643334103433,1.0865124734057228,1.0547262042369383
Andhra Pradesh,Prakasam,2025-06-01,1.144628382525567,1.075950679574033,1.0444733990545798
Andhra Pradesh,Prakasam,2025-07-01,0.8421309656182154,0.8421309656182154,0.8421309656182154
Andhra Pradesh,Prakasam,2025-09-01,0.883344769553576,0.883344769553576,0.883344769553576
Andhra Pradesh,Prakasam,2025-10-01,-0.10254197846049232,-0.10254197846049232,-0.10254197846049232
Andhra Pradesh,Prakasam,2025-11-01,0.24488741434600803,0.24488741434600803,0.24488741434600803
Andhra Pradesh,Prakasam,2025-12-01,0.011683192271274987,0.011683192271274987,0.011683192271274987
Andhra Pradesh,Rangareddi,2025-03-01,0.17557442412858712,0.17557442412858712,0.17557442412858712
Andhra Pradesh,Rangareddi,2025-04-01,-0.028273217907943987,-0.028273217907943987,-0.028273217907943987
Andhra Pradesh,Rangareddi,2025-05-01,-0.02009281348989208,-0.02009281348989208,-0.02009281348989208
Andhra Pradesh,Rangareddi,2025-06-01,0.03557365804985296,0.03557365804985296,0.03557365804985296
Andhra Pradesh,Rangareddi,2025-07-01,0.12932785696539517,0.12932785696539517,0.12932785696539517
Andhra Pradesh,Rangareddi,2025-09-01,0.7225076018183954,0.7225076018183954,0.7225076018183954
Andhra Pradesh,Rangareddi,2025-10-01,-0.2165528843453587,-0.2165528843453587,-0.2165528843453587
Andhra Pradesh,Rangareddi,2025-11-01,-0.05141173543057399,-0.05141173543057399,-0.05141173543057399
Andhra Pradesh,Rangareddi,2025-12-01,-0.23262661373911997,-0.23262661373911997,-0.23262661373911997
Andhra Pradesh,Spsr Nellore,2025-03-01,-1.4561397557177091,-1.4561397557177091,-1.4561397557177091
Andhra Pradesh,Spsr Nellore,2025-06-01,-0.628069385447557,-0.628069385447557,-0.628069385447557
Andhra Pradesh,Spsr Nellore,2025-07-01,-1.6493361699805584,-1.6493361699805584,-1.6493361699805584
Andhra Pradesh,Sri Potti Sriramulu Nellore,2025-03-01,-0.165884391176708,-0.165884391176708,-0.165884391176708
Andhra Pradesh,Sri Potti Sriramulu Nellore,2025-04-01,-0.42209143028673884,-0.42209143028673884,-0.42209143028673884
Andhra Pradesh,Sri Potti Sriramulu Nellore,2025-05-01,-0.04158587947121658,-0.04158587947121658,-0.04158587947121658
Andhra Pradesh,Sri Potti Sriramulu Nellore,2025-06-01,-0.27952469799291896,-0.27952469799291896,-0.27952469799291896
Andhra Pradesh,Sri Potti Sriramulu Nellore,2025-07-01,-0.2751267978602029,-0.2751267978602029,-0.2751267978602029
Andhra Pradesh,Sri Potti Sriramulu Nellore,2025-09-01,0.5788126873252505,0.5788126873252505,0.5788126873252505
Andhra Pradesh,Sri Potti Sriramulu Nellore,2025-10-01,-0.4334262288663492,-0.4334262288663492,-0.4334262288663492
Andhra Pradesh,Sri Potti Sriramulu Nellore,2025-11-01,0.008638403530997,0.008638403530997,0.008638403530997
Andhra Pradesh,Sri Potti Sriramulu Nellore,2025-12-01,-0.36772656373482626,-0.36772656373482626,-0.36772656373482626
Andhra Pradesh,Sri Sathya Sai,2025-03-01,-0.1231857639969427,-0.1231857639969427,-0.1231857639969427
Andhra Pradesh,Sri Sathya Sai,2025-04-01,-0.3166120367652321,-0.3166120367652321,-0.3166120367652321
Andhra Pradesh,Sri Sathya Sai,2025-05-01,-0.10987813476184866,-0.10987813476184866,-0.10987813476184866
Andhra Pradesh,Sri Sathya Sai,2025-06-01,-0.16757416596983685,-0.16757416596983685,-0.16757416596983685
Andhra Pradesh,Sri Sathya Sai,2025-07-01,-0.28180354230795307,-0.28180354230795307,-0.28180354230795307
Andhra Pradesh,Sri Sathya Sai,2025-09-01,0.5402005048704146,0.5402005048704146,0.5402005048704146
Andhra Pradesh,Sri Sathya Sai,2025-10-01,-0.34312584592198364,-0.34312584592198364,-0.34312584592198364
Andhra Pradesh,Sri Sathya Sai,2025-11-01,-0.10624970388931987,-0.10624970388931987,-0.10624970388931987
Andhra Pradesh,Sri Sathya Sai,2025-12-01,-0.2291861859120579,-0.2291861859120579,-0.2291861859120579
Andhra Pradesh,Srikakulam,2025-03-01,1.7949201049979187,1.6872248986980434,1.6378645958106006
Andhra Pradesh,Srikakulam,2025-04-01,1.1560885323352135,1.0867232203951005,1.0549307857558823
Andhra Pradesh,Srikakulam,2025-05-01,1.0118631302958432,1.0118631302958432,1.0118631302958432
Andhra Pradesh,Srikakulam,2025-06-01,1.0969252825154605,1.0311097655645327,1.0009443202953576
Andhra Pradesh,Srikakulam,2025-07-01,0.5826180338735281,0.5826180338735281,0.5826180338735281
Andhra Pradesh,Srikakulam,2025-09-01,0.8558591527296843,0.8558591527296843,0.8558591527296843
Andhra Pradesh,Srikakulam,2025-10-01,-0.08027718564029017,-0.08027718564029017,-0.08027718564029017
Andhra Pradesh,Srikakulam,2025-11-01,0.25617307971328673,0.25617307971328673,0.25617307971328673
Andhra Pradesh,Srikakulam,2025-12-01,-0.04007171655601121,-0.04007171655601121,-0.04007171655601121
Andhra Pradesh,Tirupati,2025-03-01,-0.0682718517233331,-0.0682718517233331,-0.0682718517233331
Andhra Pradesh,Tirupati,2025-04-01,-0.3786731212043034,-0.3786731212043034,-0.3786731212043034
Andhra Pradesh,Tirupati,2025-05-01,0.041103983569994784,0.041103983569994784,0.041103983569994784
Andhra Pradesh,Tirupati,2025-06-01,-0.14870678720350686,-0.14870678720350686,-0.14870678720350686
Andhra Pradesh,Tirupati,2025-07-01,-0.03578924109843572,-0.03578924109843572,-0.03578924109843572
Andhra Pradesh,Tirupati,2025-09-01,0.593946692043681,0.593946692043681,0.593946692043681
Andhra Pradesh,Tirupati,2025-10-01,-0.5292336841071322,-0.5292336841071322,-0.5292336841071322
Andhra Pradesh,Tirupati,2025-11-01,0.3215377590432751,0.3215377590432751,0.3215377590432751
Andhra Pradesh,Tirupati,2025-12-01,-0.2521571734907918,-0.2521571734907918,-0.2521571734907918
Andhra Pradesh,Visakhapatanam,2025-06-01,-1.4561399729918465,-1.4561399729918465,-1.4561399729918465
Andhra Pradesh,Visakhapatnam,2025-03-01,1.8377401645109348,1.7274757546402786,1.676937900116228
Andhra Pradesh,Visakhapatnam,2025-04-01,1.3511921251106946,1.2701205976040528,1.2329628141635087
Andhra Pradesh,Visakhapatnam,2025-05-01,1.3841684805645507,1.3011183717306776,1.2630537385151523
Andhra Pradesh,Visakhapatnam,2025-06-01,1.389848331927141,1.3064574320115125,1.2682366028835161
Andhra Pradesh,Visakhapatnam,2025-07-01,0.9481472438626625,0.9481472438626625,0.9481472438626625
Andhra Pradesh,Visakhapatnam,2025-09-01,0.9272961852103146,0.9272961852103146,0.9272961852103146
Andhra Pradesh,Visakhapatnam,2025-10-01,-0.06346230092559578,-0.06346230092559578,-0.06346230092559578
Andhra Pradesh,Visakhapatnam,2025-11-01,0.31552473394662905,0.31552473394662905,0.31552473394662905
Andhra Pradesh,Visakhapatnam,2025-12-01,0.09642512642656893,0.09642512642656893,0.09642512642656893
Andhra Pradesh,Vizianagaram,2025-03-01,1.1699023648987597,1.099708223004834,1.067535907970118
Andhra Pradesh,Vizianagaram,2025-04-01,0.9357191318285099,0.9357191318285099,0.9357191318285099
Andhra Pradesh,Vizianagaram,2025-05-01,0.8515375576035402,0.8515375576035402,0.8515375576035402
Andhra Pradesh,Vizianagaram,2025-06-01,0.7877753645057481,0.7877753645057481,0.7877753645057481
Andhra Pradesh,Vizianagaram,2025-07-01,0.4158299778286216,0.4158299778286216,0.4158299778286216
Andhra Pradesh,Vizianagaram,2025-09-01,0.8163399491701755,0.8163399491701755,0.8163399491701755
Andhra Pradesh,Vizianagaram,2025-10-01,-0.14483651003032666,-0.14483651003032666,-0.14483651003032666
Andhra Pradesh,Vizianagaram,2025-11-01,0.22168599112655837,0.22168599112655837,0.22168599112655837
Andhra Pradesh,Vizianagaram,2025-12-01,-0.03369077900755924,-0.03369077900755924,-0.03369077900755924
Andhra Pradesh,Warangal,2025-03-01,0.24769609484659116,0.24769609484659116,0.24769609484659116
Andhra Pradesh,Warangal,2025-04-01,-0.09743989963862813,-0.09743989963862813,-0.09743989963862813
Andhra Pradesh,Warangal,2025-05-01,-0.043721599928216365,-0.043721599928216365,-0.043721599928216365
Andhra Pradesh,Warangal,2025-06-01,0.020812704009295663,0.020812704009295663,0.020812704009295663
Andhra Pradesh,Warangal,2025-07-01,0.08568023014458065,0.08568023014458065,0.08568023014458065
Andhra Pradesh,Warangal,2025-09-01,0.7673177264889172,0.7673177264889172,0.7673177264889172
Andhra Pradesh,Warangal,2025-10-01,-0.18131907512598916,-0.18131907512598916,-0.18131907512598916
Andhra Pradesh,Warangal,2025-11-01,-0.0908809091322817,-0.0908809091322817,-0.0908809091322817
Andhra Pradesh,Warangal,2025-12-01,-0.242692727231832,-0.242692727231832,-0.242692727231832
Andhra Pradesh,West Godavari,2025-03-01,1.5866981701594596,1.4914962799498919,1.447862080270507
Andhra Pradesh,West Godavari,2025-04-01,1.1583866958720015,1.0888834941196814,1.0570278599832013
Andhra Pradesh,West Godavari,2025-05-01,1.1812478876147985,1.1103730143579105,1.0778886974485036
Andhra Pradesh,West Godavari,2025-06-01,1.2465691684432691,1.1717750183366729,1.137494366204483
Andhra Pradesh,West Godavari,2025-07-01,0.7761326834780548,0.7761326834780548,0.7761326834780548
Andhra Pradesh,West Godavari,2025-09-01,0.8898251295333202,0.8898251295333202,0.8898251295333202
Andhra Pradesh,West Godavari,2025-10-01,-0.1025756520933701,-0.1025756520933701,-0.1025756520933701
Andhra Pradesh,West Godavari,2025-11-01,0.34352504212872703,0.34352504212872703,0.34352504212872703
Andhra Pradesh,West Godavari,2025-12-01,0.004429564203415504,0.004429564203415504,0.004429564203415504
Andhra Pradesh,Y. S. R,2025-03-01,-0.2216132951204044,-0.2216132951204044,-0.2216132951204044
Andhra Pradesh,Y. S. R,2025-04-01,-0.19250596859777622,-0.19250596859777622,-0.19250596859777622
Andhra Pradesh,Y. S. R,2025-05-01,-0.10074156601934069,-0.10074156601934069,-0.10074156601934069
Andhra Pradesh,Y. S. R,2025-06-01,-0.11176203860231265,-0.11176203860231265,-0.11176203860231265
Andhra Pradesh,Y. S. R,2025-07-01,-0.04206688560661216,-0.04206688560661216,-0.04206688560661216
Andhra Pradesh,Y. S. R,2025-09-01,0.5710517255038359,0.5710517255038359,0.5710517255038359
Andhra Pradesh,Y. S. R,2025-10-01,-0.4360927212661647,-0.4360927212661647,-0.4360927212661647
Andhra Pradesh,Y. S. R,2025-11-01,0.044441343272760336,0.044441343272760336,0.044441343272760336
Andhra Pradesh,Y. S. R,2025-12-01,-0.3203793646782907,-0.3203793646782907,-0.3203793646782907
Arunachal Pradesh,Anjaw,2025-03-01,-0.5710573117299317,-0.5710573117299317,-0.5710573117299317
Arunachal Pradesh,Anjaw,2025-04-01,-0.7404181151563656,-0.7404181151563656,-0.7404181151563656
Arunachal Pradesh,Anjaw,2025-05-01,-0.6718331904662058,-0.6718331904662058,-0.6718331904662058
Arunachal Pradesh,Anjaw,2025-06-01,-0.7575216434519778,-0.7575216434519778,-0.7575216434519778
Arunachal Pradesh,Anjaw,2025-07-01,-0.7194610610922132,-0.7194610610922132,-0.7194610610922132
Arunachal Pradesh,Anjaw,2025-09-01,0.21088976131292908,0.21088976131292908,0.21088976131292908
Arunachal Pradesh,Anjaw,2025-10-01,-1.090043029004896,-1.090043029004896,-1.090043029004896
Arunachal Pradesh,Anjaw,2025-11-01,0.24128752767760037,0.24128752767760037,0.24128752767760037
Arunachal Pradesh,Anjaw,2025-12-01,-0.9309912647411197,-0.9309912647411197,-0.9309912647411197
Arunachal Pradesh,Changlang,2025-03-01,-0.27760797534734916,-0.27760797534734916,-0.27760797534734916
Arunachal Pradesh,Changlang,2025-04-01,-0.45186865629402384,-0.45186865629402384,-0.45186865629402384
Arunachal Pradesh,Changlang,2025-05-01,-0.47597679692437067,-0.47597679692437067,-0.47597679692437067
Arunachal Pradesh,Changlang,2025-06-01,-0.469601305044256,-0.469601305044256,-0.469601305044256
Arunachal Pradesh,Changlang,2025-07-01,-0.41072170588325513,-0.41072170588325513,-0.41072170588325513
Arunachal Pradesh,Changlang,2025-09-01,0.5864351765862887,0.5864351765862887,0.5864351765862887
Arunachal Pradesh,Changlang,2025-10-01,-0.65668981798355,-0.65668981798355,-0.65668981798355
Arunachal Pradesh,Changlang,2025-11-01,-0.46781573449179753,-0.46781573449179753,-0.46781573449179753
Arunachal Pradesh,Changlang,2025-12-01,-0.5387501263823796,-0.5387501263823796,-0.5387501263823796
Arunachal Pradesh,Dibang Valley,2025-03-01,-0.8552175433546766,-0.8552175433546766,-0.8552175433546766
Arunachal Pradesh,Dibang Valley,2025-04-01,-0.9907680061963337,-0.9907680061963337,-0.9907680061963337
Arunachal Pradesh,Dibang Valley,2025-05-01,-0.8500445990031812,-0.8500445990031812,-0.8500445990031812
Arunachal Pradesh,Dibang Valley,2025-06-01,-0.9198792588728846,-0.9198792588728846,-0.9198792588728846
Arunachal Pradesh,Dibang Valley,2025-07-01,-0.932503284903863,-0.932503284903863,-0.932503284903863
Arunachal Pradesh,Dibang Valley,2025-09-01,-0.018599981740168116,-0.018599981740168116,-0.018599981740168116
Arunachal Pradesh,Dibang Valley,2025-10-01,-0.8703370193862826,-0.8703370193862826,-0.8703370193862826
Arunachal Pradesh,Dibang Valley,2025-11-01,-0.94974206914386,-0.94974206914386,-0.94974206914386
Arunachal Pradesh,Dibang Valley,2025-12-01,-0.8154311604182424,-0.8154311604182424,-0.8154311604182424
Arunachal Pradesh,East Kameng,2025-03-01,-0.5425973939868456,-0.5425973939868456,-0.5425973939868456
Arunachal Pradesh,East Kameng,2025-04-01,-0.5188986730180417,-0.5188986730180417,-0.5188986730180417
Arunachal Pradesh,East Kameng,2025-05-01,-0.5084307622323029,-0.5084307622323029,-0.5084307622323029
Arunachal Pradesh,East Kameng,2025-06-01,-0.5467461389351393,-0.5467461389351393,-0.5467461389351393
Arunachal Pradesh,East Kameng,2025-07-01,-0.5610542302886476,-0.5610542302886476,-0.5610542302886476
Arunachal Pradesh,East Kameng,2025-09-01,0.44588257899748146,0.44588257899748146,0.44588257899748146
Arunachal Pradesh,East Kameng,2025-10-01,-0.6912058425101608,-0.6912058425101608,-0.6912058425101608
Arunachal Pradesh,East Kameng,2025-11-01,-0.39563406867652007,-0.39563406867652007,-0.39563406867652007
Arunachal Pradesh,East Kameng,2025-12-01,-0.7489921550030194,-0.7489921550030194,-0.7489921550030194
Arunachal Pradesh,East Siang,2025-03-01,-0.5435836832721636,-0.5435836832721636,-0.5435836832721636
Arunachal Pradesh,East Siang,2025-04-01,-0.599424916776483,-0.599424916776483,-0.599424916776483
Arunachal Pradesh,East Siang,2025-05-01,-0.6245733216797771,-0.6245733216797771,-0.6245733216797771
Arunachal Pradesh,East Siang,2025-06-01,-0.6307212878329571,-0.6307212878329571,-0.6307212878329571
Arunachal Pradesh,East Siang,2025-07-01,-0.5721742481711324,-0.5721742481711324,-0.5721742481711324
Arunachal Pradesh,East Siang,2025-09-01,0.3958179099284069,0.3958179099284069,0.3958179099284069
Arunachal Pradesh,East Siang,2025-10-01,-0.5546175916480922,-0.5546175916480922,-0.5546175916480922
Arunachal Pradesh,East Siang,2025-11-01,-0.2805523899720216,-0.2805523899720216,-0.2805523899720216
Arunachal Pradesh,East Siang,2025-12-01,-0.7085777261089996,-0.7085777261089996,-0.7085777261089996
Arunachal Pradesh,Kamle,2025-06-01,-0.9725063217886026,-0.9725063217886026,-0.9725063217886026
Arunachal Pradesh,Kamle,2025-07-01,-0.8309516593639986,-0.8309516593639986,-0.8309516593639986
Arunachal Pradesh,Kamle,2025-09-01,0.194487377851149,0.194487377851149,0.194487377851149
Arunachal Pradesh,Kamle,2025-10-01,-1.3911564953070596,-1.3911564953070596,-1.3911564953070596
Arunachal Pradesh,Kamle,2025-11-01,0.023361950050666144,0.023361950050666144,0.023361950050666144
Arunachal Pradesh,Kamle,2025-12-01,-1.3606904831363589,-1.3606904831363589,-1.3606904831363589
Arunachal Pradesh,Kra Daadi,2025-03-01,-0.588264238934947,-0.588264238934947,-0.588264238934947
Arunachal Pradesh,Kra Daadi,2025-04-01,-0.6586658951999274,-0.6586658951999274,-0.6586658951999274
Arunachal Pradesh,Kra Daadi,2025-05-01,-0.6655024346754905,-0.6655024346754905,-0.6655024346754905
Arunachal Pradesh,Kra Daadi,2025-06-01,-0.7307558806883149,-0.7307558806883149,-0.7307558806883149
Arunachal Pradesh,Kra Daadi,2025-07-01,-0.6818243375240588,-0.6818243375240588,-0.6818243375240588
Arunachal Pradesh,Kra Daadi,2025-09-01,0.19030835320518488,0.19030835320518488,0.19030835320518488
Arunachal Pradesh,Kra Daadi,2025-10-01,-0.8586153632261457,-0.8586153632261457,-0.8586153632261457
Arunachal Pradesh,Kra Daadi,2025-11-01,-0.845304096595882,-0.845304096595882,-0.845304096595882
Arunachal Pradesh,Kra Daadi,2025-12-01,-0.8632246301352983,-0.8632246301352983,-0.8632246301352983
Arunachal Pradesh,Kurung Kumey,2025-03-01,-0.4812343073448836,-0.4812343073448836,-0.4812343073448836
Arunachal Pradesh,Kurung Kumey,2025-04-01,-0.49649343871619595,-0.49649343871619595,-0.49649343871619595
Arunachal Pradesh,Kurung Kumey,2025-05-01,-0.5342249973444234,-0.5342249973444234,-0.5342249973444234
Arunachal Pradesh,Kurung Kumey,2025-06-01,-0.6068497886760712,-0.6068497886760712,-0.6068497886760712
Arunachal Pradesh,Kurung Kumey,2025-07-01,-0.5238637714011526,-0.5238637714011526,-0.5238637714011526
Arunachal Pradesh,Kurung Kumey,2025-09-01,0.2620303640244676,0.2620303640244676,0.2620303640244676
Arunachal Pradesh,Kurung Kumey,2025-10-01,-0.7812738120947791,-0.7812738120947791,-0.7812738120947791
Arunachal Pradesh,Kurung Kumey,2025-11-01,-0.3388055467929931,-0.3388055467929931,-0.3388055467929931
Arunachal Pradesh,Kurung Kumey,2025-12-01,-1.0210515636317072,-1.0210515636317072,-1.0210515636317072
Arunachal Pradesh,Leparada,2025-09-01,-1.1006627934173692,-1.1006627934173692,-1.1006627934173692
Arunachal Pradesh,Leparada,2025-10-01,-1.4413036230526166,-1.4413036230526166,-1.4413036230526166
Arunachal Pradesh,Leparada,2025-11-01,-0.14490414687639752,-0.14490414687639752,-0.14490414687639752
Arunachal Pradesh,Leparada,2025-12-01,-1.1478843184634013,-1.1478843184634013,-1.1478843184634013
Arunachal Pradesh,Lohit,2025-03-01,-0.4591926291748872,-0.4591926291748872,-0.4591926291748872
Arunachal Pradesh,Lohit,2025-04-01,-0.5248733902346063,-0.5248733902346063,-0.5248733902346063
Arunachal Pradesh,Lohit,2025-05-01,-0.5349375668229586,-0.5349375668229586,-0.5349375668229586
Arunachal Pradesh,Lohit,2025-06-01,-0.5610542302886476,-0.5610542302886476,-0.5610542302886476
Arunachal Pradesh,Lohit,2025-07-01,-0.5699793245647036,-0.5699793245647036,-0.5699793245647036
Arunachal Pradesh,Lohit,2025-09-01,0.36638232736235976,0.36638232736235976,0.36638232736235976
Arunachal Pradesh,Lohit,2025-10-01,-0.5982891646935212,-0.5982891646935212,-0.5982891646935212
Arunachal Pradesh,Lohit,2025-11-01,-0.5795131546717605,-0.5795131546717605,-0.5795131546717605
Arunachal Pradesh,Lohit,2025-12-01,-0.1335715425190809,-0.1335715425190809,-0.1335715425190809
Arunachal Pradesh,Longding,2025-03-01,-0.4947207075545332,-0.4947207075545332,-0.4947207075545332
Arunachal Pradesh,Longding,2025-04-01,-0.554151343341302,-0.554151343341302,-0.554151343341302
Arunachal Pradesh,Longding,2025-05-01,-0.5908292865460592,-0.5908292865460592,-0.5908292865460592
Arunachal Pradesh,Longding,2025-06-01,-0.6134878512255391,-0.6134878512255391,-0.6134878512255391
Arunachal Pradesh,Longding,2025-07-01,0.2352782436081516,0.2352782436081516,0.2352782436081516
Arunachal Pradesh,Longding,2025-09-01,-0.5241998202462818,-0.5241998202462818,-0.5241998202462818
Arunachal Pradesh,Longding,2025-10-01,-0.9290094904460129,-0.9290094904460129,-0.9290094904460129
Arunachal Pradesh,Longding,2025-11-01,-0.4459361891980334,-0.4459361891980334,-0.4459361891980334
Arunachal Pradesh,Longding,2025-12-01,-0.922138102877854,-0.922138102877854,-0.922138102877854
Arunachal Pradesh,Lower Dibang Valley,2025-03-01,-0.5281118794282108,-0.5281118794282108,-0.5281118794282108
Arunachal Pradesh,Lower Dibang Valley,2025-04-01,-0.6818243375240588,-0.6818243375240588,-0.6818243375240588
Arunachal Pradesh,Lower Dibang Valley,2025-05-01,-0.640398019321201,-0.640398019321201,-0.640398019321201
Arunachal Pradesh,Lower Dibang Valley,2025-06-01,-0.641732632276526,-0.641732632276526,-0.641732632276526
Arunachal Pradesh,Lower Dibang Valley,2025-07-01,-0.6276185884447237,-0.6276185884447237,-0.6276185884447237
Arunachal Pradesh,Lower Dibang Valley,2025-09-01,0.27211004441532116,0.27211004441532116,0.27211004441532116
Arunachal Pradesh,Lower Dibang Valley,2025-10-01,-0.6705206173014391,-0.6705206173014391,-0.6705206173014391
Arunachal Pradesh,Lower Dibang Valley,2025-11-01,-0.5782795568615933,-0.5782795568615933,-0.5782795568615933
Arunachal Pradesh,Lower Dibang Valley,2025-12-01,-0.6924468254945079,-0.6924468254945079,-0.6924468254945079
Arunachal Pradesh,Lower Siang,2025-03-01,-0.7352051988616592,-0.7352051988616592,-0.7352051988616592
Arunachal Pradesh,Lower Siang,2025-05-01,-0.9907680061963337,-0.9907680061963337,-0.9907680061963337
Arunachal Pradesh,Lower Siang,2025-09-01,0.10016333614668664,0.10016333614668664,0.10016333614668664
Arunachal Pradesh,Lower Siang,2025-10-01,-1.0101207212318646,-1.0101207212318646,-1.0101207212318646
Arunachal Pradesh,Lower Siang,2025-11-01,0.1888133669013594,0.1888133669013594,0.1888133669013594
Arunachal Pradesh,Lower Siang,2025-12-01,-1.1646266556715401,-1.1646266556715401,-1.1646266556715401
Arunachal Pradesh,Lower Subansiri,2025-03-01,-0.5129352100443428,-0.5129352100443428,-0.5129352100443428
Arunachal Pradesh,Lower Subansiri,2025-04-01,-0.5780161199532513,-0.5780161199532513,-0.5780161199532513
Arunachal Pradesh,Lower Subansiri,2025-05-01,-0.576197292317738,-0.576197292317738,-0.576197292317738
Arunachal Pradesh,Lower Subansiri,2025-06-01,-0.6377610870567791,-0.6377610870567791,-0.6377610870567791
Arunachal Pradesh,Lower Subansiri,2025-07-01,-0.5102899435154524,-0.5102899435154524,-0.5102899435154524
Arunachal Pradesh,Lower Subansiri,2025-09-01,0.3478951582640315,0.3478951582640315,0.3478951582640315
Arunachal Pradesh,Lower Subansiri,2025-10-01,-0.7072571933742362,-0.7072571933742362,-0.7072571933742362
Arunachal Pradesh,Lower Subansiri,2025-11-01,-0.42218262922858607,-0.42218262922858607,-0.42218262922858607
Arunachal Pradesh,Lower Subansiri,2025-12-01,-0.8345237209848168,-0.8345237209848168,-0.8345237209848168
Arunachal Pradesh,Namsai,2025-03-01,-0.39156114310383383,-0.39156114310383383,-0.39156114310383383
Arunachal Pradesh,Namsai,2025-04-01,-0.46860049263031056,-0.46860049263031056,-0.46860049263031056
Arunachal Pradesh,Namsai,2025-05-01,-0.43265154176966003,-0.43265154176966003,-0.43265154176966003
Arunachal Pradesh,Namsai,2025-06-01,-0.4201206830152908,-0.4201206830152908,-0.4201206830152908
Arunachal Pradesh,Namsai,2025-07-01,-0.455569541245387,-0.455569541245387,-0.455569541245387
Arunachal Pradesh,Namsai,2025-09-01,0.389581818150693,0.389581818150693,0.389581818150693
Arunachal Pradesh,Namsai,2025-10-01,-0.7329604208930851,-0.7329604208930851,-0.7329604208930851
Arunachal Pradesh,Namsai,2025-11-01,-0.5014452622637461,-0.5014452622637461,-0.5014452622637461
Arunachal Pradesh,Namsai,2025-12-01,-0.37066037954332975,-0.37066037954332975,-0.37066037954332975
Arunachal Pradesh,Pakke Kessang,2025-03-01,-1.0192046503196244,-1.0192046503196244,-1.0192046503196244
Arunachal Pradesh,Pakke Kessang,2025-09-01,-0.03375291702169492,-0.03375291702169492,-0.03375291702169492
Arunachal Pradesh,Pakke Kessang,2025-10-01,-1.1446102353767054,-1.1446102353767054,-1.1446102353767054
Arunachal Pradesh,Pakke Kessang,2025-11-01,-0.881889975635363,-0.881889975635363,-0.881889975635363
Arunachal Pradesh,Pakke Kessang,2025-12-01,-1.5145611594419575,-1.5145611594419575,-1.5145611594419575
Arunachal Pradesh,Papum Pare,2025-03-01,-0.23008818090725394,-0.23008818090725394,-0.23008818090725394
Arunachal Pradesh,Papum Pare,2025-04-01,-0.3877762068833268,-0.3877762068833268,-0.3877762068833268
Arunachal Pradesh,Papum Pare,2025-05-01,-0.370389209284616,-0.370389209284616,-0.370389209284616
Arunachal Pradesh,Papum Pare,2025-06-01,-0.4234820850094436,-0.4234820850094436,-0.4234820850094436
Arunachal Pradesh,Papum Pare,2025-07-01,-0.3343066565177669,-0.3343066565177669,-0.3343066565177669
Arunachal Pradesh,Papum Pare,2025-09-01,0.5240688335278813,0.5240688335278813,0.5240688335278813
Arunachal Pradesh,Papum Pare,2025-10-01,-0.4723714881415223,-0.4723714881415223,-0.4723714881415223
Arunachal Pradesh,Papum Pare,2025-11-01,-0.37528706490020913,-0.37528706490020913,-0.37528706490020913
Arunachal Pradesh,Papum Pare,2025-12-01,-0.6030465260186268,-0.6030465260186268,-0.6030465260186268
Arunachal Pradesh,Shi-yomi,2025-03-01,-0.9668824823698529,-0.9668824823698529,-0.9668824823698529
Arunachal Pradesh,Shi-yomi,2025-04-01,-0.9369583414211342,-0.9369583414211342,-0.9369583414211342
Arunachal Pradesh,Shi-yomi,2025-05-01,-0.904542259069401,-0.904542259069401,-0.904542259069401
Arunachal Pradesh,Shi-yomi,2025-06-01,-0.9281764708929011,-0.9281764708929011,-0.9281764708929011
Arunachal Pradesh,Shi-yomi,2025-07-01,-0.8778781354659955,-0.8778781354659955,-0.8778781354659955
Arunachal Pradesh,Shi-yomi,2025-09-01,-0.011517198268064584,-0.011517198268064584,-0.011517198268064584
Arunachal Pradesh,Shi-yomi,2025-10-01,-0.7106658036238181,-0.7106658036238181,-0.7106658036238181
Arunachal Pradesh,Shi-yomi,2025-11-01,0.23829231556869584,0.23829231556869584,0.23829231556869584
Arunachal Pradesh,Shi-yomi,2025-12-01,-1.106001217557134,-1.106001217557134,-1.106001217557134
Arunachal Pradesh,Siang,2025-03-01,-0.6023383964295568,-0.6023383964295568,-0.6023383964295568
Arunachal Pradesh,Siang,2025-04-01,-0.7019462292319331,-0.7019462292319331,-0.7019462292319331
Arunachal Pradesh,Siang,2025-05-01,-0.6943309724492542,-0.6943309724492542,-0.6943309724492542
Arunachal Pradesh,Siang,2025-06-01,-0.7307558806883149,-0.7307558806883149,-0.7307558806883149
Arunachal Pradesh,Siang,2025-07-01,-0.7019462292319331,-0.7019462292319331,-0.7019462292319331
Arunachal Pradesh,Siang,2025-09-01,0.23580229254267768,0.23580229254267768,0.23580229254267768
Arunachal Pradesh,Siang,2025-10-01,-1.0189448651087796,-1.0189448651087796,-1.0189448651087796
Arunachal Pradesh,Siang,2025-11-01,-0.6697274334652576,-0.6697274334652576,-0.6697274334652576
Arunachal Pradesh,Siang,2025-12-01,-0.9454557424839691,-0.9454557424839691,-0.9454557424839691
Arunachal Pradesh,Tawang,2025-03-01,-0.5817828516178744,-0.5817828516178744,-0.5817828516178744
Arunachal Pradesh,Tawang,2025-04-01,-0.6169090025720032,-0.6169090025720032,-0.6169090025720032
Arunachal Pradesh,Tawang,2025-05-01,-0.6444350892852353,-0.6444350892852353,-0.6444350892852353
Arunachal Pradesh,Tawang,2025-06-01,-0.6897506405217555,-0.6897506405217555,-0.6897506405217555
Arunachal Pradesh,Tawang,2025-07-01,-0.6915669579460991,-0.6915669579460991,-0.6915669579460991
Arunachal Pradesh,Tawang,2025-09-01,0.2678540686010544,0.2678540686010544,0.2678540686010544
Arunachal Pradesh,Tawang,2025-10-01,-0.727809037962977,-0.727809037962977,-0.727809037962977
Arunachal Pradesh,Tawang,2025-11-01,-0.4821057448495815,-0.4821057448495815,-0.4821057448495815
Arunachal Pradesh,Tawang,2025-12-01,-0.7014449615633628,-0.7014449615633628,-0.7014449615633628
Arunachal Pradesh,Tirap,2025-03-01,-0.5769725979032851,-0.5769725979032851,-0.5769725979032851
Arunachal Pradesh,Tirap,2025-04-01,-0.7019462292319331,-0.7019462292319331,-0.7019462292319331
Arunachal Pradesh,Tirap,2025-05-01,-0.6726423809569179,-0.6726423809569179,-0.6726423809569179
Arunachal Pradesh,Tirap,2025-06-01,-0.6734556763301571,-0.6734556763301571,-0.6734556763301571
Arunachal Pradesh,Tirap,2025-07-01,-0.6897506405217555,-0.6897506405217555,-0.6897506405217555
Arunachal Pradesh,Tirap,2025-09-01,0.2449179444623393,0.2449179444623393,0.2449179444623393
Arunachal Pradesh,Tirap,2025-10-01,-0.4732999080555528,-0.4732999080555528,-0.4732999080555528
Arunachal Pradesh,Tirap,2025-11-01,-0.4286980915715193,-0.4286980915715193,-0.4286980915715193
Arunachal Pradesh,Tirap,2025-12-01,-0.8830289407698146,-0.8830289407698146,-0.8830289407698146
Arunachal Pradesh,Upper Siang,2025-03-01,-0.6832150704901738,-0.6832150704901738,-0.6832150704901738
Arunachal Pradesh,Upper Siang,2025-04-01,-0.6809674777798482,-0.6809674777798482,-0.6809674777798482
Arunachal Pradesh,Upper Siang,2025-05-01,-0.648574815440969,-0.648574815440969,-0.648574815440969
Arunachal Pradesh,Upper Siang,2025-06-01,-0.75613703476656,-0.75613703476656,-0.75613703476656
Arunachal Pradesh,Upper Siang,2025-07-01,-0.7547646732158897,-0.7547646732158897,-0.7547646732158897
Arunachal Pradesh,Upper Siang,2025-09-01,0.3439120185636894,0.3439120185636894,0.3439120185636894
Arunachal Pradesh,Upper Siang,2025-10-01,-0.5408346461586089,-0.5408346461586089,-0.5408346461586089
Arunachal Pradesh,Upper Siang,2025-11-01,-0.702795667296572,-0.702795667296572,-0.702795667296572
Arunachal Pradesh,Upper Siang,2025-12-01,-0.7213458017782632,-0.7213458017782632,-0.7213458017782632
Arunachal Pradesh,Upper Subansiri,2025-03-01,-0.3692716298119717,-0.3692716298119717,-0.3692716298119717
Arunachal Pradesh,Upper Subansiri,2025-04-01,-0.498820159495875,-0.498820159495875,-0.498820159495875
Arunachal Pradesh,Upper Subansiri,2025-05-01,-0.500880212736112,-0.500880212736112,-0.500880212736112
Arunachal Pradesh,Upper Subansiri,2025-06-01,-0.5262284171572493,-0.5262284171572493,-0.5262284171572493
Arunachal Pradesh,Upper Subansiri,2025-07-01,-0.5118538057791453,-0.5118538057791453,-0.5118538057791453
Arunachal Pradesh,Upper Subansiri,2025-09-01,0.3213686748933911,0.3213686748933911,0.3213686748933911
Arunachal Pradesh,Upper Subansiri,2025-10-01,-0.7366211829073102,-0.7366211829073102,-0.7366211829073102
Arunachal Pradesh,Upper Subansiri,2025-11-01,-0.4442825264393644,-0.4442825264393644,-0.4442825264393644
Arunachal Pradesh,Upper Subansiri,2025-12-01,-0.6492323720375622,-0.6492323720375622,-0.6492323720375622
Arunachal Pradesh,West Kameng,2025-03-01,-0.45193349327976395,-0.45193349327976395,-0.45193349327976395
Arunachal Pradesh,West Kameng,2025-04-01,-0.4070016004559745,-0.4070016004559745,-0.4070016004559745
Arunachal Pradesh,West Kameng,2025-05-01,-0.4678532615092752,-0.4678532615092752,-0.4678532615092752
Arunachal Pradesh,West Kameng,2025-06-01,-0.4473373311018084,-0.4473373311018084,-0.4473373311018084
Arunachal Pradesh,West Kameng,2025-07-01,0.31808641792408454,0.31808641792408454,0.31808641792408454
Arunachal Pradesh,West Kameng,2025-09-01,-0.4326521323364769,-0.4326521323364769,-0.4326521323364769
Arunachal Pradesh,West Kameng,2025-10-01,-0.6384204664163827,-0.6384204664163827,-0.6384204664163827
Arunachal Pradesh,West Kameng,2025-11-01,-0.44451746208028764,-0.44451746208028764,-0.44451746208028764
Arunachal Pradesh,West Kameng,2025-12-01,-0.5978361430505709,-0.5978361430505709,-0.5978361430505709
Arunachal Pradesh,West Siang,2025-03-01,-0.319016816702288,-0.319016816702288,-0.319016816702288
Arunachal Pradesh,West Siang,2025-04-01,-0.5525661131975912,-0.5525661131975912,-0.5525661131975912
Arunachal Pradesh,West Siang,2025-05-01,-0.5252111915269051,-0.5252111915269051,-0.5252111915269051
Arunachal Pradesh,West Siang,2025-06-01,-0.5471281898018252,-0.5471281898018252,-0.5471281898018252
Arunachal Pradesh,West Siang,2025-07-01,-0.5418534483836654,-0.5418534483836654,-0.5418534483836654
Arunachal Pradesh,West Siang,2025-09-01,0.46597055333647763,0.46597055333647763,0.46597055333647763
Arunachal Pradesh,West Siang,2025-10-01,-0.6655932953920606,-0.6655932953920606,-0.6655932953920606
Arunachal Pradesh,West Siang,2025-11-01,-0.34557935741482226,-0.34557935741482226,-0.34557935741482226
Arunachal Pradesh,West Siang,2025-12-01,-0.648321956127797,-0.648321956127797,-0.648321956127797
Assam,Bajali,2025-09-01,-0.6467242356845538,-0.6467242356845538,-0.6467242356845538
Assam,Bajali,2025-10-01,-1.0666300970334603,-1.0666300970334603,-1.0666300970334603
Assam,Bajali,2025-11-01,-0.2713376136320128,-0.2713376136320128,-0.2713376136320128
Assam,Bajali,2025-12-01,-0.7354180455101872,-0.7354180455101872,-0.7354180455101872
Assam,Baksa,2025-03-01,-0.1466302115028135,-0.1466302115028135,-0.1466302115028135
Assam,Baksa,2025-04-01,0.5619996627578927,0.5619996627578927,0.5619996627578927
Assam,Baksa,2025-05-01,-0.7119654340899999,-0.7119654340899999,-0.7119654340899999
Assam,Baksa,2025-06-01,-0.5637754406172222,-0.5637754406172222,-0.5637754406172222
Assam,Baksa,2025-07-01,0.445503154117263,0.445503154117263,0.445503154117263
Assam,Baksa,2025-09-01,0.5863510797946078,0.5863510797946078,0.5863510797946078
Assam,Baksa,2025-10-01,-0.27524507784544694,-0.27524507784544694,-0.27524507784544694
Assam,Baksa,2025-11-01,-0.28062587427241337,-0.28062587427241337,-0.28062587427241337
Assam,Baksa,2025-12-01,-0.20184511906118355,-0.20184511906118355,-0.20184511906118355
Assam,Barpeta,2025-03-01,0.02523117792286675,0.02523117792286675,0.02523117792286675
Assam,Barpeta,2025-04-01,0.7651394931625968,0.7651394931625968,0.7651394931625968
Assam,Barpeta,2025-05-01,-0.14863428616107457,-0.14863428616107457,-0.14863428616107457
Assam,Barpeta,2025-06-01,0.6957639863697389,0.6957639863697389,0.6957639863697389
Assam,Barpeta,2025-07-01,0.7538947993861599,0.7538947993861599,0.7538947993861599
Assam,Barpeta,2025-09-01,-0.04593135233199461,-0.04593135233199461,-0.04593135233199461
Assam,Barpeta,2025-10-01,-0.1816449275038861,-0.1816449275038861,-0.1816449275038861
Assam,Barpeta,2025-11-01,0.04895065521301311,0.04895065521301311,0.04895065521301311
Assam,Barpeta,2025-12-01,-0.12095407305140819,-0.12095407305140819,-0.12095407305140819
Assam,Biswanath,2025-03-01,-0.1457070678558752,-0.1457070678558752,-0.1457070678558752
Assam,Biswanath,2025-04-01,0.48180046991519987,0.48180046991519987,0.48180046991519987
Assam,Biswanath,2025-05-01,-0.8086727480261013,-0.8086727480261013,-0.8086727480261013
Assam,Biswanath,2025-06-01,-0.4502709566481968,-0.4502709566481968,-0.4502709566481968
Assam,Biswanath,2025-07-01,-0.4678532615092752,-0.4678532615092752,-0.4678532615092752
Assam,Biswanath,2025-09-01,0.5576199956340283,0.5576199956340283,0.5576199956340283
Assam,Biswanath,2025-10-01,-0.42524270286021343,-0.42524270286021343,-0.42524270286021343
Assam,Biswanath,2025-11-01,-0.07196211332866355,-0.07196211332866355,-0.07196211332866355
Assam,Biswanath,2025-12-01,-0.4076274891356459,-0.4076274891356459,-0.4076274891356459
Assam,Bongaigaon,2025-03-01,-0.04250458947837805,-0.04250458947837805,-0.04250458947837805
Assam,Bongaigaon,2025-04-01,0.7375289770383193,0.7375289770383193,0.7375289770383193
Assam,Bongaigaon,2025-05-01,-0.4824857716492878,-0.4824857716492878,-0.4824857716492878
Assam,Bongaigaon,2025-06-01,-0.5570085623105369,-0.5570085623105369,-0.5570085623105369
Assam,Bongaigaon,2025-07-01,0.7252488877911741,0.7252488877911741,0.7252488877911741
Assam,Bongaigaon,2025-09-01,0.6929220472869914,0.6929220472869914,0.6929220472869914
Assam,Bongaigaon,2025-10-01,-0.31721049621713504,-0.31721049621713504,-0.31721049621713504
Assam,Bongaigaon,2025-11-01,-0.03473696800985249,-0.03473696800985249,-0.03473696800985249
Assam,Bongaigaon,2025-12-01,-0.18702641557878844,-0.18702641557878844,-0.18702641557878844
Assam,Cachar,2025-03-01,0.3415641463128476,0.3415641463128476,0.3415641463128476
Assam,Cachar,2025-04-01,0.7682561023188174,0.7682561023188174,0.7682561023188174
Assam,Cachar,2025-05-01,-0.38226408666510814,-0.38226408666510814,-0.38226408666510814
Assam,Cachar,2025-06-01,0.6172934958692379,0.6172934958692379,0.6172934958692379
Assam,Cachar,2025-07-01,0.7235264310367578,0.7235264310367578,0.7235264310367578
Assam,Cachar,2025-09-01,-0.151529347947446,-0.151529347947446,-0.151529347947446
Assam,Cachar,2025-10-01,-0.20436626220441015,-0.20436626220441015,-0.20436626220441015
Assam,Cachar,2025-11-01,-0.015431906410401524,-0.015431906410401524,-0.015431906410401524
Assam,Cachar,2025-12-01,-0.1583753150603661,-0.1583753150603661,-0.1583753150603661
Assam,Charaideo,2025-03-01,-0.22073019378428094,-0.22073019378428094,-0.22073019378428094
Assam,Charaideo,2025-04-01,0.307555250784574,0.307555250784574,0.307555250784574
Assam,Charaideo,2025-05-01,-0.8555011070317282,-0.8555011070317282,-0.8555011070317282
Assam,Charaideo,2025-06-01,-0.8155746665703005,-0.8155746665703005,-0.8155746665703005
Assam,Charaideo,2025-07-01,-0.34016800674792985,-0.34016800674792985,-0.34016800674792985
Assam,Charaideo,2025-09-01,0.5939730182699253,0.5939730182699253,0.5939730182699253
Assam,Charaideo,2025-10-01,-0.46790615182055456,-0.46790615182055456,-0.46790615182055456
Assam,Charaideo,2025-11-01,-0.1492326528990754,-0.1492326528990754,-0.1492326528990754
Assam,Charaideo,2025-12-01,-0.432144611009793,-0.432144611009793,-0.432144611009793
Assam,Chirang,2025-03-01,-0.21857482325786307,-0.21857482325786307,-0.21857482325786307
Assam,Chirang,2025-04-01,0.5695182090008502,0.5695182090008502,0.5695182090008502
Assam,Chirang,2025-05-01,-0.6890874623618966,-0.6890874623618966,-0.6890874623618966
Assam,Chirang,2025-06-01,-0.12210293073572408,-0.12210293073572408,-0.12210293073572408
Assam,Chirang,2025-07-01,0.5166256936099899,0.5166256936099899,0.5166256936099899
Assam,Chirang,2025-09-01,-0.5114412638278716,-0.5114412638278716,-0.5114412638278716
Assam,Chirang,2025-10-01,-0.3891683242409832,-0.3891683242409832,-0.3891683242409832
Assam,Chirang,2025-11-01,0.0876242233182335,0.0876242233182335,0.0876242233182335
Assam,Chirang,2025-12-01,-0.15695207804733383,-0.15695207804733383,-0.15695207804733383
Assam,Darrang,2025-03-01,0.06451780685042516,0.06451780685042516,0.06451780685042516
Assam,Darrang,2025-04-01,0.6308687281736771,0.6308687281736771,0.6308687281736771
Assam,Darrang,2025-05-01,-0.5749397981281584,-0.5749397981281584,-0.5749397981281584
Assam,Darrang,2025-06-01,-0.6442473611038154,-0.6442473611038154,-0.6442473611038154
Assam,Darrang,2025-07-01,0.39482561562297913,0.39482561562297913,0.39482561562297913
Assam,Darrang,2025-09-01,0.7195754806515859,0.7195754806515859,0.7195754806515859
Assam,Darrang,2025-10-01,-0.2965886563365673,-0.2965886563365673,-0.2965886563365673
Assam,Darrang,2025-11-01,0.07984538748710177,0.07984538748710177,0.07984538748710177
Assam,Darrang,2025-12-01,-0.24552192461195396,-0.24552192461195396,-0.24552192461195396
Assam,Dhemaji,2025-03-01,-0.1049246784742098,-0.1049246784742098,-0.1049246784742098
Assam,Dhemaji,2025-04-01,0.5108611976348114,0.5108611976348114,0.5108611976348114
Assam,Dhemaji,2025-05-01,-0.1654025670938266,-0.1654025670938266,-0.1654025670938266
Assam,Dhemaji,2025-06-01,-0.5712054948523498,-0.5712054948523498,-0.5712054948523498
Assam,Dhemaji,2025-07-01,0.5052375472439,0.5052375472439,0.5052375472439
Assam,Dhemaji,2025-09-01,-0.4103163597222353,-0.4103163597222353,-0.4103163597222353
Assam,Dhemaji,2025-10-01,-0.2594682758987482,-0.2594682758987482,-0.2594682758987482
Assam,Dhemaji,2025-11-01,-0.08466153737381625,-0.08466153737381625,-0.08466153737381625
Assam,Dhemaji,2025-12-01,-0.26046718245386186,-0.26046718245386186,-0.26046718245386186
Assam,Dhubri,2025-03-01,0.01495146727261425,0.01495146727261425,0.01495146727261425
Assam,Dhubri,2025-04-01,0.7512685572196603,0.7512685572196603,0.7512685572196603
Assam,Dhubri,2025-05-01,-0.5200884865312416,-0.5200884865312416,-0.5200884865312416
Assam,Dhubri,2025-06-01,0.657680338784663,0.657680338784663,0.657680338784663
Assam,Dhubri,2025-07-01,0.3593837776410077,0.3593837776410077,0.3593837776410077
Assam,Dhubri,2025-09-01,0.864211109851546,0.864211109851546,0.864211109851546
Assam,Dhubri,2025-10-01,-0.24826944730261516,-0.24826944730261516,-0.24826944730261516
Assam,Dhubri,2025-11-01,-0.0028077902746621863,-0.0028077902746621863,-0.0028077902746621863
Assam,Dhubri,2025-12-01,-0.042254758286009456,-0.042254758286009456,-0.042254758286009456
Assam,Dibrugarh,2025-03-01,-0.09020329636194746,-0.09020329636194746,-0.09020329636194746
Assam,Dibrugarh,2025-04-01,0.6383332392941274,0.6383332392941274,0.6383332392941274
Assam,Dibrugarh,2025-05-01,-0.3768416342364798,-0.3768416342364798,-0.3768416342364798
Assam,Dibrugarh,2025-06-01,0.020730168585756548,0.020730168585756548,0.020730168585756548
Assam,Dibrugarh,2025-07-01,0.5928385028108402,0.5928385028108402,0.5928385028108402
Assam,Dibrugarh,2025-09-01,-0.34828523737000056,-0.34828523737000056,-0.34828523737000056
Assam,Dibrugarh,2025-10-01,-0.32621929140306305,-0.32621929140306305,-0.32621929140306305
Assam,Dibrugarh,2025-11-01,-0.028454173205959835,-0.028454173205959835,-0.028454173205959835
Assam,Dibrugarh,2025-12-01,-0.34378502216553364,-0.34378502216553364,-0.34378502216553364
Assam,Dima Hasao,2025-06-01,-1.4561394754834527,-1.4561394754834527,-1.4561394754834527
Assam,Dima Hasao,2025-07-01,-1.0071155559475513,-1.0071155559475513,-1.0071155559475513
Assam,Dima Hasao,2025-09-01,-1.2453886107789431,-1.2453886107789431,-1.2453886107789431
Assam,Dima Hasao,2025-10-01,-1.0295750880236034,-1.0295750880236034,-1.0295750880236034
Assam,Dima Hasao,2025-11-01,-0.9686675766851243,-0.9686675766851243,-0.9686675766851243
Assam,Dima Hasao,2025-12-01,-0.9238611839787975,-0.9238611839787975,-0.9238611839787975
Assam,Goalpara,2025-03-01,0.08595398899409032,0.08595398899409032,0.08595398899409032
Assam,Goalpara,2025-04-01,0.580732835625543,0.580732835625543,0.580732835625543
Assam,Goalpara,2025-05-01,-0.4717805714964872,-0.4717805714964872,-0.4717805714964872
Assam,Goalpara,2025-06-01,-0.7080621016186871,-0.7080621016186871,-0.7080621016186871
Assam,Goalpara,2025-07-01,0.7258256416286987,0.7258256416286987,0.7258256416286987
Assam,Goalpara,2025-09-01,-0.19874108609437385,-0.19874108609437385,-0.19874108609437385
Assam,Goalpara,2025-10-01,-0.3291847219703399,-0.3291847219703399,-0.3291847219703399
Assam,Goalpara,2025-11-01,-0.05966783922636415,-0.05966783922636415,-0.05966783922636415
Assam,Goalpara,2025-12-01,-0.16708158549948102,-0.16708158549948102,-0.16708158549948102
Assam,Golaghat,2025-03-01,0.14915138138533596,0.14915138138533596,0.14915138138533596
Assam,Golaghat,2025-04-01,0.4963761944861673,0.4963761944861673,0.4963761944861673
Assam,Golaghat,2025-05-01,-0.14153716877567368,-0.14153716877567368,-0.14153716877567368
Assam,Golaghat,2025-06-01,-0.49252605294943297,-0.49252605294943297,-0.49252605294943297
Assam,Golaghat,2025-07-01,0.40523526393906245,0.40523526393906245,0.40523526393906245
Assam,Golaghat,2025-09-01,-0.3781697997568766,-0.3781697997568766,-0.3781697997568766
Assam,Golaghat,2025-10-01,-0.36385253342340507,-0.36385253342340507,-0.36385253342340507
Assam,Golaghat,2025-11-01,0.016755817974191792,0.016755817974191792,0.016755817974191792
Assam,Golaghat,2025-12-01,-0.2984784912839528,-0.2984784912839528,-0.2984784912839528
Assam,Hailakandi,2025-03-01,-0.21057286651395563,-0.21057286651395563,-0.21057286651395563
Assam,Hailakandi,2025-04-01,0.4696893565308574,0.4696893565308574,0.4696893565308574
Assam,Hailakandi,2025-05-01,-0.7954831919957304,-0.7954831919957304,-0.7954831919957304
Assam,Hailakandi,2025-06-01,-0.17220966413911454,-0.17220966413911454,-0.17220966413911454
Assam,Hailakandi,2025-07-01,0.6230424106534459,0.6230424106534459,0.6230424106534459
Assam,Hailakandi,2025-09-01,0.16677132015902588,0.16677132015902588,0.16677132015902588
Assam,Hailakandi,2025-10-01,-0.3903928775697352,-0.3903928775697352,-0.3903928775697352
Assam,Hailakandi,2025-11-01,-0.1204539119500209,-0.1204539119500209,-0.1204539119500209
Assam,Hailakandi,2025-12-01,-0.26126066317834606,-0.26126066317834606,-0.26126066317834606
Assam,Hojai,2025-03-01,-0.1514021741743869,-0.1514021741743869,-0.1514021741743869
Assam,Hojai,2025-04-01,0.609380991971715,0.609380991971715,0.609380991971715
Assam,Hojai,2025-05-01,-0.6726605934555924,-0.6726605934555924,-0.6726605934555924
Assam,Hojai,2025-06-01,0.48862408838243426,0.48862408838243426,0.48862408838243426
Assam,Hojai,2025-07-01,0.6690486585660574,0.6690486585660574,0.6690486585660574
Assam,Hojai,2025-09-01,-0.24825599369596996,-0.24825599369596996,-0.24825599369596996
Assam,Hojai,2025-10-01,-0.3507568189078257,-0.3507568189078257,-0.3507568189078257
Assam,Hojai,2025-11-01,-0.1303554347646707,-0.1303554347646707,-0.1303554347646707
Assam,Hojai,2025-12-01,-0.26146743829198216,-0.26146743829198216,-0.26146743829198216
Assam,Jorhat,2025-03-01,0.018064003820045388,0.018064003820045388,0.018064003820045388
Assam,Jorhat,2025-04-01,0.45463319831451987,0.45463319831451987,0.45463319831451987
Assam,Jorhat,2025-05-01,-0.7676519632493155,-0.7676519632493155,-0.7676519632493155
Assam,Jorhat,2025-06-01,-0.4062932737473396,-0.4062932737473396,-0.4062932737473396
Assam,Jorhat,2025-07-01,0.49838404365864697,0.49838404365864697,0.49838404365864697
Assam,Jorhat,2025-09-01,-0.36176855518415213,-0.36176855518415213,-0.36176855518415213
Assam,Jorhat,2025-10-01,-0.20919838457288664,-0.20919838457288664,-0.20919838457288664
Assam,Jorhat,2025-11-01,-0.0753263066068817,-0.0753263066068817,-0.0753263066068817
Assam,Jorhat,2025-12-01,-0.38748052158436164,-0.38748052158436164,-0.38748052158436164
Assam,Kamrup,2025-03-01,-0.09639020160564274,-0.09639020160564274,-0.09639020160564274
Assam,Kamrup,2025-04-01,0.7251344809354899,0.7251344809354899,0.7251344809354899
Assam,Kamrup,2025-05-01,-0.09806050577252844,-0.09806050577252844,-0.09806050577252844
Assam,Kamrup,2025-06-01,-0.6366220925780407,-0.6366220925780407,-0.6366220925780407
Assam,Kamrup,2025-07-01,0.6702982414578585,0.6702982414578585,0.6702982414578585
Assam,Kamrup,2025-09-01,-0.18334001867443464,-0.18334001867443464,-0.18334001867443464
Assam,Kamrup,2025-10-01,-0.23455246239641114,-0.23455246239641114,-0.23455246239641114
Assam,Kamrup,2025-11-01,-0.07771784800361543,-0.07771784800361543,-0.07771784800361543
Assam,Kamrup,2025-12-01,-0.10392874453481575,-0.10392874453481575,-0.10392874453481575
Assam,Kamrup Metro,2025-03-01,0.13205950399250937,0.13205950399250937,0.13205950399250937
Assam,Kamrup Metro,2025-04-01,0.6143776133829056,0.6143776133829056,0.6143776133829056
Assam,Kamrup Metro,2025-05-01,-0.6020349738409465,-0.6020349738409465,-0.6020349738409465
Assam,Kamrup Metro,2025-06-01,-0.2887976054029504,-0.2887976054029504,-0.2887976054029504
Assam,Kamrup Metro,2025-07-01,0.5386047952786253,0.5386047952786253,0.5386047952786253
Assam,Kamrup Metro,2025-09-01,0.4313477686577675,0.4313477686577675,0.4313477686577675
Assam,Kamrup Metro,2025-10-01,-0.23539147118293535,-0.23539147118293535,-0.23539147118293535
Assam,Kamrup Metro,2025-11-01,0.027693146808185073,0.027693146808185073,0.027693146808185073
Assam,Kamrup Metro,2025-12-01,-0.35377969566671325,-0.35377969566671325,-0.35377969566671325
Assam,Karbi Anglong,2025-03-01,0.14733765912290894,0.14733765912290894,0.14733765912290894
Assam,Karbi Anglong,2025-04-01,0.6031049080319921,0.6031049080319921,0.6031049080319921
Assam,Karbi Anglong,2025-05-01,-0.18987008310567458,-0.18987008310567458,-0.18987008310567458
Assam,Karbi Anglong,2025-06-01,-0.6687902517516756,-0.6687902517516756,-0.6687902517516756
Assam,Karbi Anglong,2025-07-01,-0.20535132715713456,-0.20535132715713456,-0.20535132715713456
Assam,Karbi Anglong,2025-09-01,0.7734243278887662,0.7734243278887662,0.7734243278887662
Assam,Karbi Anglong,2025-10-01,-0.29045515285681667,-0.29045515285681667,-0.29045515285681667
Assam,Karbi Anglong,2025-11-01,0.11520034888288833,0.11520034888288833,0.11520034888288833
Assam,Karbi Anglong,2025-12-01,-0.30384065227165513,-0.30384065227165513,-0.30384065227165513
Assam,Karimganj,2025-03-01,0.05389731031355752,0.05389731031355752,0.05389731031355752
Assam,Karimganj,2025-04-01,0.5806604601455048,0.5806604601455048,0.5806604601455048
Assam,Karimganj,2025-05-01,-0.42338215367006227,-0.42338215367006227,-0.42338215367006227
Assam,Karimganj,2025-06-01,-0.3904461104428874,-0.3904461104428874,-0.3904461104428874
Assam,Karimganj,2025-07-01,0.5536080877128194,0.5536080877128194,0.5536080877128194
Assam,Karimganj,2025-09-01,0.020708350832686205,0.020708350832686205,0.020708350832686205
Assam,Karimganj,2025-10-01,-0.3373605813965886,-0.3373605813965886,-0.3373605813965886
Assam,Karimganj,2025-11-01,0.15705699479438803,0.15705699479438803,0.15705699479438803
Assam,Karimganj,2025-12-01,-0.09385101550208813,-0.09385101550208813,-0.09385101550208813
Assam,Kokrajhar,2025-03-01,-0.12207403572793459,-0.12207403572793459,-0.12207403572793459
Assam,Kokrajhar,2025-04-01,0.10155030219501267,0.10155030219501267,0.10155030219501267
Assam,Kokrajhar,2025-05-01,-0.2487444495044398,-0.2487444495044398,-0.2487444495044398
Assam,Kokrajhar,2025-06-01,-0.4836295571083714,-0.4836295571083714,-0.4836295571083714
Assam,Kokrajhar,2025-07-01,0.11345608082339659,0.11345608082339659,0.11345608082339659
Assam,Kokrajhar,2025-09-01,-0.06988823329505964,-0.06988823329505964,-0.06988823329505964
Assam,Kokrajhar,2025-10-01,-0.30384987394486784,-0.30384987394486784,-0.30384987394486784
Assam,Kokrajhar,2025-11-01,-0.050792212044183466,-0.050792212044183466,-0.050792212044183466
Assam,Kokrajhar,2025-12-01,-0.20174642181460742,-0.20174642181460742,-0.20174642181460742
Assam,Lakhimpur,2025-03-01,-0.047532458994058537,-0.047532458994058537,-0.047532458994058537
Assam,Lakhimpur,2025-04-01,0.6003347562723558,0.6003347562723558,0.6003347562723558
Assam,Lakhimpur,2025-05-01,-0.2782724716618204,-0.2782724716618204,-0.2782724716618204
Assam,Lakhimpur,2025-06-01,-0.5287834075876892,-0.5287834075876892,-0.5287834075876892
Assam,Lakhimpur,2025-07-01,0.12939142975201778,0.12939142975201778,0.12939142975201778
Assam,Lakhimpur,2025-09-01,0.3145490123308338,0.3145490123308338,0.3145490123308338
Assam,Lakhimpur,2025-10-01,-0.31600400648149823,-0.31600400648149823,-0.31600400648149823
Assam,Lakhimpur,2025-11-01,-0.13746756522652304,-0.13746756522652304,-0.13746756522652304
Assam,Lakhimpur,2025-12-01,-0.04846278614944139,-0.04846278614944139,-0.04846278614944139
Assam,Majuli,2025-03-01,-0.39548256431999534,-0.39548256431999534,-0.39548256431999534
Assam,Majuli,2025-04-01,-0.5078151977409139,-0.5078151977409139,-0.5078151977409139
Assam,Majuli,2025-05-01,-0.5509951267417648,-0.5509951267417648,-0.5509951267417648
Assam,Majuli,2025-06-01,-0.6594113561902969,-0.6594113561902969,-0.6594113561902969
Assam,Majuli,2025-07-01,0.28530709582748986,0.28530709582748986,0.28530709582748986
Assam,Majuli,2025-09-01,-0.49147653423684134,-0.49147653423684134,-0.49147653423684134
Assam,Majuli,2025-10-01,-0.7172363261453909,-0.7172363261453909,-0.7172363261453909
Assam,Majuli,2025-11-01,-0.6478549828088578,-0.6478549828088578,-0.6478549828088578
Assam,Majuli,2025-12-01,-0.13988440215518502,-0.13988440215518502,-0.13988440215518502
Assam,Marigaon,2025-03-01,-0.05796003488144605,-0.05796003488144605,-0.05796003488144605
Assam,Marigaon,2025-04-01,0.25332229792142763,0.25332229792142763,0.25332229792142763
Assam,Marigaon,2025-05-01,-0.5733757053052683,-0.5733757053052683,-0.5733757053052683
Assam,Marigaon,2025-06-01,0.12391759035293155,0.12391759035293155,0.12391759035293155
Assam,Marigaon,2025-07-01,0.6228328214371247,0.6228328214371247,0.6228328214371247
Assam,Marigaon,2025-09-01,-0.10058103208163396,-0.10058103208163396,-0.10058103208163396
Assam,Marigaon,2025-10-01,-0.33354180180552206,-0.33354180180552206,-0.33354180180552206
Assam,Marigaon,2025-11-01,-0.06291028255853892,-0.06291028255853892,-0.06291028255853892
Assam,Marigaon,2025-12-01,-0.021262057590128797,-0.021262057590128797,-0.021262057590128797
Assam,Nagaon,2025-03-01,0.0627867520936794,0.0627867520936794,0.0627867520936794
Assam,Nagaon,2025-04-01,0.7841116924763992,0.7841116924763992,0.7841116924763992
Assam,Nagaon,2025-05-01,-0.27653811385239235,-0.27653811385239235,-0.27653811385239235
Assam,Nagaon,2025-06-01,0.6922741105974848,0.6922741105974848,0.6922741105974848
Assam,Nagaon,2025-07-01,0.8181948276664177,0.8181948276664177,0.8181948276664177
Assam,Nagaon,2025-09-01,0.39901711708057686,0.39901711708057686,0.39901711708057686
Assam,Nagaon,2025-10-01,-0.15267898360405244,-0.15267898360405244,-0.15267898360405244
Assam,Nagaon,2025-11-01,0.08507063750391011,0.08507063750391011,0.08507063750391011
Assam,Nagaon,2025-12-01,0.052314382809675715,0.052314382809675715,0.052314382809675715
Assam,Nalbari,2025-03-01,0.04996252771920007,0.04996252771920007,0.04996252771920007
Assam,Nalbari,2025-04-01,0.47911730158680826,0.47911730158680826,0.47911730158680826
Assam,Nalbari,2025-05-01,-0.27078874400442393,-0.27078874400442393,-0.27078874400442393
Assam,Nalbari,2025-06-01,-0.8232612921780981,-0.8232612921780981,-0.8232612921780981
Assam,Nalbari,2025-07-01,-0.34085859873017865,-0.34085859873017865,-0.34085859873017865
Assam,Nalbari,2025-09-01,0.6895035476422164,0.6895035476422164,0.6895035476422164
Assam,Nalbari,2025-10-01,-0.34058117593396586,-0.34058117593396586,-0.34058117593396586
Assam,Nalbari,2025-11-01,-0.15341916897546332,-0.15341916897546332,-0.15341916897546332
Assam,Nalbari,2025-12-01,-0.29149798467895455,-0.29149798467895455,-0.29149798467895455
Assam,North Cachar Hills,2025-03-01,-0.4261005034469052,-0.4261005034469052,-0.4261005034469052
Assam,North Cachar Hills,2025-04-01,0.20693889591641293,0.20693889591641293,0.20693889591641293
Assam,North Cachar Hills,2025-05-01,-0.933019969389759,-0.933019969389759,-0.933019969389759
Assam,North Cachar Hills,2025-06-01,-1.009867629986246,-1.009867629986246,-1.009867629986246
Assam,North Cachar Hills,2025-07-01,-0.554949388048553,-0.554949388048553,-0.554949388048553
Assam,North Cachar Hills,2025-09-01,0.5019988348465627,0.5019988348465627,0.5019988348465627
Assam,North Cachar Hills,2025-10-01,-0.5141910585690238,-0.5141910585690238,-0.5141910585690238
Assam,North Cachar Hills,2025-11-01,-0.3754860134332927,-0.3754860134332927,-0.3754860134332927
Assam,North Cachar Hills,2025-12-01,-0.6212404212175247,-0.6212404212175247,-0.6212404212175247
Assam,Sibsagar,2025-03-01,-0.215550973466267,-0.215550973466267,-0.215550973466267
Assam,Sibsagar,2025-04-01,0.3964916193972214,0.3964916193972214,0.3964916193972214
Assam,Sibsagar,2025-05-01,-0.6943841477380029,-0.6943841477380029,-0.6943841477380029
Assam,Sibsagar,2025-06-01,-0.8598107103129553,-0.8598107103129553,-0.8598107103129553
Assam,Sibsagar,2025-07-01,-0.27085999852475734,-0.27085999852475734,-0.27085999852475734
Assam,Sibsagar,2025-09-01,0.593040178667748,0.593040178667748,0.593040178667748
Assam,Sibsagar,2025-10-01,-0.19129863342798448,-0.19129863342798448,-0.19129863342798448
Assam,Sibsagar,2025-11-01,-0.16356733997011172,-0.16356733997011172,-0.16356733997011172
Assam,Sibsagar,2025-12-01,-0.5177449121089545,-0.5177449121089545,-0.5177449121089545
Assam,Sivasagar,2025-06-01,-1.4561395564400157,-1.4561395564400157,-1.4561395564400157
Assam,Sivasagar,2025-07-01,-0.6280692713913358,-0.6280692713913358,-0.6280692713913358
Assam,Sonitpur,2025-03-01,-0.04201634630502994,-0.04201634630502994,-0.04201634630502994
Assam,Sonitpur,2025-04-01,0.6128824178904301,0.6128824178904301,0.6128824178904301
Assam,Sonitpur,2025-05-01,-0.4006652086452023,-0.4006652086452023,-0.4006652086452023
Assam,Sonitpur,2025-06-01,-0.26839816199678546,-0.26839816199678546,-0.26839816199678546
Assam,Sonitpur,2025-07-01,0.5438567803648373,0.5438567803648373,0.5438567803648373
Assam,Sonitpur,2025-09-01,0.42295060711709165,0.42295060711709165,0.42295060711709165
Assam,Sonitpur,2025-10-01,-0.212044208615957,-0.212044208615957,-0.212044208615957
Assam,Sonitpur,2025-11-01,-0.0009904186520488384,-0.0009904186520488384,-0.0009904186520488384
Assam,Sonitpur,2025-12-01,-0.10650313485899766,-0.10650313485899766,-0.10650313485899766
Assam,South Salmara Mankachar,2025-03-01,-0.15449130990351206,-0.15449130990351206,-0.15449130990351206
Assam,South Salmara Mankachar,2025-04-01,0.299271059534013,0.299271059534013,0.299271059534013
Assam,South Salmara Mankachar,2025-05-01,-1.067577163508132,-1.067577163508132,-1.067577163508132
Assam,South Salmara Mankachar,2025-06-01,-0.5557511006363203,-0.5557511006363203,-0.5557511006363203
Assam,South Salmara Mankachar,2025-07-01,-0.04279714886758991,-0.04279714886758991,-0.04279714886758991
Assam,South Salmara Mankachar,2025-09-01,0.6430902678220034,0.6430902678220034,0.6430902678220034
Assam,South Salmara Mankachar,2025-10-01,-0.4970045026109988,-0.4970045026109988,-0.4970045026109988
Assam,South Salmara Mankachar,2025-11-01,-0.1931063195066744,-0.1931063195066744,-0.1931063195066744
Assam,South Salmara Mankachar,2025-12-01,-0.4516383573598931,-0.4516383573598931,-0.4516383573598931
Assam,Sribhumi,2025-09-01,-0.4444452900504473,-0.4444452900504473,-0.4444452900504473
Assam,Sribhumi,2025-10-01,-0.6516073310362228,-0.6516073310362228,-0.6516073310362228
Assam,Sribhumi,2025-11-01,0.2647349931260373,0.2647349931260373,0.2647349931260373
Assam,Sribhumi,2025-12-01,-0.5286354837537245,-0.5286354837537245,-0.5286354837537245
Assam,Tamulpur District,2025-09-01,-0.6300721576622761,-0.6300721576622761,-0.6300721576622761
Assam,Tamulpur District,2025-10-01,-0.691572090566051,-0.691572090566051,-0.691572090566051
Assam,Tamulpur District,2025-11-01,-0.48416632858728764,-0.48416632858728764,-0.48416632858728764
Assam,Tamulpur District,2025-12-01,-0.6963314273357665,-0.6963314273357665,-0.6963314273357665
Assam,Tinsukia,2025-03-01,-0.08674217344306212,-0.08674217344306212,-0.08674217344306212
Assam,Tinsukia,2025-04-01,0.4200290864484317,0.4200290864484317,0.4200290864484317
Assam,Tinsukia,2025-05-01,-0.4968906729194083,-0.4968906729194083,-0.4968906729194083
Assam,Tinsukia,2025-06-01,-0.667880629734285,-0.667880629734285,-0.667880629734285
Assam,Tinsukia,2025-07-01,0.5475756865572636,0.5475756865572636,0.5475756865572636
Assam,Tinsukia,2025-09-01,-0.3649471882705767,-0.3649471882705767,-0.3649471882705767
Assam,Tinsukia,2025-10-01,-0.31084688613107503,-0.31084688613107503,-0.31084688613107503
Assam,Tinsukia,2025-11-01,0.1500042064772361,0.1500042064772361,0.1500042064772361
Assam,Tinsukia,2025-12-01,-0.03791773357544068,-0.03791773357544068,-0.03791773357544068
Assam,Udalguri,2025-03-01,-0.11270081633369515,-0.11270081633369515,-0.11270081633369515
Assam,Udalguri,2025-04-01,0.5713898108150133,0.5713898108150133,0.5713898108150133
Assam,Udalguri,2025-05-01,-0.5384902134063486,-0.5384902134063486,-0.5384902134063486
Assam,Udalguri,2025-06-01,-0.7426141841110103,-0.7426141841110103,-0.7426141841110103
Assam,Udalguri,2025-07-01,-0.3052866071564409,-0.3052866071564409,-0.3052866071564409
Assam,Udalguri,2025-09-01,0.626795175478369,0.626795175478369,0.626795175478369
Assam,Udalguri,2025-10-01,-0.261949624831964,-0.261949624831964,-0.261949624831964
Assam,Udalguri,2025-11-01,-0.1450996725647039,-0.1450996725647039,-0.1450996725647039
Assam,Udalguri,2025-12-01,-0.2565782720030649,-0.2565782720030649,-0.2565782720030649
Assam,West Karbi Anglong,2025-03-01,-0.47969289439253543,-0.47969289439253543,-0.47969289439253543
Assam,West Karbi Anglong,2025-04-01,0.240429289682599,0.240429289682599,0.240429289682599
Assam,West Karbi Anglong,2025-05-01,-0.8726207190278819,-0.8726207190278819,-0.8726207190278819
Assam,West Karbi Anglong,2025-06-01,-0.7213464033735856,-0.7213464033735856,-0.7213464033735856
Assam,West Karbi Anglong,2025-07-01,-0.5549413148978852,-0.5549413148978852,-0.5549413148978852
Assam,West Karbi Anglong,2025-09-01,-0.660619819723739,-0.660619819723739,-0.660619819723739
Assam,West Karbi Anglong,2025-10-01,-0.6823853940162615,-0.6823853940162615,-0.6823853940162615
Assam,West Karbi Anglong,2025-11-01,-0.33897429585727856,-0.33897429585727856,-0.33897429585727856
Assam,West Karbi Anglong,2025-12-01,-0.6824315397840697,-0.6824315397840697,-0.6824315397840697
BALANAGAR,IDPL COLONY,2025-12-01,-1.2932484716713615,-1.2932484716713615,-1.2932484716713615
Bihar,Araria,2025-03-01,1.679729453886586,1.5789456866533906,1.5327531266715095
Bihar,Araria,2025-04-01,1.0145505287022074,1.0145505287022074,1.0145505287022074
Bihar,Araria,2025-05-01,0.5273567108590231,0.5273567108590231,0.5273567108590231
Bihar,Araria,2025-06-01,0.778088491755854,0.778088491755854,0.778088491755854
Bihar,Araria,2025-07-01,-0.3491218901223424,-0.3491218901223424,-0.3491218901223424
Bihar,Araria,2025-09-01,0.9822378674885787,0.9822378674885787,0.9822378674885787
Bihar,Araria,2025-10-01,0.09518087965137738,0.09518087965137738,0.09518087965137738
Bihar,Araria,2025-11-01,-0.061555717534098095,-0.061555717534098095,-0.061555717534098095
Bihar,Araria,2025-12-01,0.143161054274775,0.143161054274775,0.143161054274775
Bihar,Arwal,2025-03-01,0.21223815636161408,0.21223815636161408,0.21223815636161408
Bihar,Arwal,2025-04-01,-0.033703924806371445,-0.033703924806371445,-0.033703924806371445
Bihar,Arwal,2025-05-01,0.5678302078938946,0.5678302078938946,0.5678302078938946
Bihar,Arwal,2025-06-01,-0.5887327786387182,-0.5887327786387182,-0.5887327786387182
Bihar,Arwal,2025-07-01,0.5864920179333467,0.5864920179333467,0.5864920179333467
Bihar,Arwal,2025-09-01,0.3796316968998823,0.3796316968998823,0.3796316968998823
Bihar,Arwal,2025-10-01,-0.33499401802169715,-0.33499401802169715,-0.33499401802169715
Bihar,Arwal,2025-11-01,-0.11892253011814742,-0.11892253011814742,-0.11892253011814742
Bihar,Arwal,2025-12-01,-0.206494667470021,-0.206494667470021,-0.206494667470021
Bihar,Aurangabad,2025-03-01,1.1081712007365017,1.0416809286923114,1.0112062206720578
Bihar,Aurangabad,2025-04-01,0.4129430384476046,0.4129430384476046,0.4129430384476046
Bihar,Aurangabad,2025-05-01,0.23850332578873545,0.23850332578873545,0.23850332578873545
Bihar,Aurangabad,2025-06-01,0.23288159340348763,0.23288159340348763,0.23288159340348763
Bihar,Aurangabad,2025-07-01,0.34402407608015895,0.34402407608015895,0.34402407608015895
Bihar,Aurangabad,2025-09-01,0.9189455218917205,0.9189455218917205,0.9189455218917205
Bihar,Aurangabad,2025-10-01,-0.12312680901224982,-0.12312680901224982,-0.12312680901224982
Bihar,Aurangabad,2025-11-01,0.17690179820696356,0.17690179820696356,0.17690179820696356
Bihar,Aurangabad,2025-12-01,-0.04857459548560286,-0.04857459548560286,-0.04857459548560286
Bihar,Aurangabad(BH),2025-09-01,-1.1148070051632586,-1.1148070051632586,-1.1148070051632586
Bihar,Aurangabad(BH),2025-10-01,-1.6044764398510858,-1.6044764398510858,-1.6044764398510858
Bihar,Aurangabad(BH),2025-11-01,-0.3198554280590875,-0.3198554280590875,-0.3198554280590875
Bihar,Aurangabad(BH),2025-12-01,-0.4439591681639231,-0.4439591681639231,-0.4439591681639231
Bihar,Aurangabad(bh),2025-09-01,-0.6414016165627497,-0.6414016165627497,-0.6414016165627497
Bihar,Aurangabad(bh),2025-10-01,-0.9219665788045812,-0.9219665788045812,-0.9219665788045812
Bihar,Aurangabad(bh),2025-11-01,-0.4331282224126551,-0.4331282224126551,-0.4331282224126551
Bihar,Aurangabad(bh),2025-12-01,-0.8066983934142768,-0.8066983934142768,-0.8066983934142768
Bihar,Banka,2025-03-01,1.116585059761129,1.0495899561754614,1.0188838670320304
Bihar,Banka,2025-04-01,0.5725752948044234,0.5725752948044234,0.5725752948044234
Bihar,Banka,2025-05-01,0.37208855067448265,0.37208855067448265,0.37208855067448265
Bihar,Banka,2025-06-01,0.7359455294079607,0.7359455294079607,0.7359455294079607
Bihar,Banka,2025-07-01,-0.3209882384569998,-0.3209882384569998,-0.3209882384569998
Bihar,Banka,2025-09-01,0.8956406164207845,0.8956406164207845,0.8956406164207845
Bihar,Banka,2025-10-01,-0.0995637545086369,-0.0995637545086369,-0.0995637545086369
Bihar,Banka,2025-11-01,0.11970492807184022,0.11970492807184022,0.11970492807184022
Bihar,Banka,2025-12-01,0.003950605232297708,0.003950605232297708,0.003950605232297708
Bihar,Begusarai,2025-03-01,1.615610777807529,1.5186741311390772,1.4742448347493702
Bihar,Begusarai,2025-04-01,0.8889748825480539,0.8889748825480539,0.8889748825480539
Bihar,Begusarai,2025-05-01,0.4970956759430908,0.4970956759430908,0.4970956759430908
Bihar,Begusarai,2025-06-01,0.3788151666185217,0.3788151666185217,0.3788151666185217
Bihar,Begusarai,2025-07-01,0.8164971606389267,0.8164971606389267,0.8164971606389267
Bihar,Begusarai,2025-09-01,0.9551402815776846,0.9551402815776846,0.9551402815776846
Bihar,Begusarai,2025-10-01,-0.12606112345028841,-0.12606112345028841,-0.12606112345028841
Bihar,Begusarai,2025-11-01,0.17816988431333283,0.17816988431333283,0.17816988431333283
Bihar,Begusarai,2025-12-01,0.1530416920285805,0.1530416920285805,0.1530416920285805
Bihar,Bhabua,2025-09-01,-0.8793276269334882,-0.8793276269334882,-0.8793276269334882
Bihar,Bhabua,2025-10-01,-1.1093410082814315,-1.1093410082814315,-1.1093410082814315
Bihar,Bhabua,2025-11-01,-0.8201617521654017,-0.8201617521654017,-0.8201617521654017
Bihar,Bhabua,2025-12-01,-0.9889512066296908,-0.9889512066296908,-0.9889512066296908
Bihar,Bhagalpur,2025-03-01,0.2152982617423656,0.2152982617423656,0.2152982617423656
Bihar,Bhagalpur,2025-04-01,0.8997222164864501,0.8997222164864501,0.8997222164864501
Bihar,Bhagalpur,2025-05-01,0.549174742199658,0.549174742199658,0.549174742199658
Bihar,Bhagalpur,2025-06-01,0.0823145533534021,0.0823145533534021,0.0823145533534021
Bihar,Bhagalpur,2025-07-01,-0.35341013265036386,-0.35341013265036386,-0.35341013265036386
Bihar,Bhagalpur,2025-09-01,0.9634924085146414,0.9634924085146414,0.9634924085146414
Bihar,Bhagalpur,2025-10-01,-0.10798880883880033,-0.10798880883880033,-0.10798880883880033
Bihar,Bhagalpur,2025-11-01,0.3189494628466589,0.3189494628466589,0.3189494628466589
Bihar,Bhagalpur,2025-12-01,-0.013311018715167725,-0.013311018715167725,-0.013311018715167725
Bihar,Bhojpur,2025-03-01,1.338730261669452,1.258406445969285,1.221591363773375
Bihar,Bhojpur,2025-04-01,0.40769281703076515,0.40769281703076515,0.40769281703076515
Bihar,Bhojpur,2025-05-01,0.22041929170919267,0.22041929170919267,0.22041929170919267
Bihar,Bhojpur,2025-06-01,0.23717977635284038,0.23717977635284038,0.23717977635284038
Bihar,Bhojpur,2025-07-01,0.7659304980182597,0.7659304980182597,0.7659304980182597
Bihar,Bhojpur,2025-09-01,0.9929508847992468,0.9929508847992468,0.9929508847992468
Bihar,Bhojpur,2025-10-01,-0.04862312413879851,-0.04862312413879851,-0.04862312413879851
Bihar,Bhojpur,2025-11-01,0.13768116300733838,0.13768116300733838,0.13768116300733838
Bihar,Bhojpur,2025-12-01,0.016267990923786196,0.016267990923786196,0.016267990923786196
Bihar,Buxar,2025-03-01,0.7423604266362396,0.7423604266362396,0.7423604266362396
Bihar,Buxar,2025-04-01,0.14276301387471052,0.14276301387471052,0.14276301387471052
Bihar,Buxar,2025-05-01,0.03496870061271487,0.03496870061271487,0.03496870061271487
Bihar,Buxar,2025-06-01,0.044159004622115736,0.044159004622115736,0.044159004622115736
Bihar,Buxar,2025-07-01,0.12269775203808024,0.12269775203808024,0.12269775203808024
Bihar,Buxar,2025-09-01,0.824629248481359,0.824629248481359,0.824629248481359
Bihar,Buxar,2025-10-01,-0.1723888412434169,-0.1723888412434169,-0.1723888412434169
Bihar,Buxar,2025-11-01,-0.008012822836667682,-0.008012822836667682,-0.008012822836667682
Bihar,Buxar,2025-12-01,-0.05160509178168636,-0.05160509178168636,-0.05160509178168636
Bihar,Darbhanga,2025-03-01,1.8047059689580158,1.6964236108205348,1.6467941966741895
Bihar,Darbhanga,2025-04-01,1.0667211560717866,1.0667211560717866,1.0667211560717866
Bihar,Darbhanga,2025-05-01,0.8015145797333583,0.8015145797333583,0.8015145797333583
Bihar,Darbhanga,2025-06-01,0.843982385810996,0.843982385810996,0.843982385810996
Bihar,Darbhanga,2025-07-01,0.5138003049973039,0.5138003049973039,0.5138003049973039
Bihar,Darbhanga,2025-09-01,0.9753039215166432,0.9753039215166432,0.9753039215166432
Bihar,Darbhanga,2025-10-01,-0.06053157473655679,-0.06053157473655679,-0.06053157473655679
Bihar,Darbhanga,2025-11-01,0.20138252771174292,0.20138252771174292,0.20138252771174292
Bihar,Darbhanga,2025-12-01,0.042500581632034906,0.042500581632034906,0.042500581632034906
Bihar,East Champaran,2025-03-01,1.8522035100815124,1.7410712994766215,1.69013570294938
Bihar,East Champaran,2025-04-01,0.9204800150435555,0.9204800150435555,0.9204800150435555
Bihar,East Champaran,2025-05-01,0.0823389747798212,0.0823389747798212,0.0823389747798212
Bihar,East Champaran,2025-06-01,0.26522738035150684,0.26522738035150684,0.26522738035150684
Bihar,East Champaran,2025-07-01,0.8307730252873246,0.8307730252873246,0.8307730252873246
Bihar,East Champaran,2025-09-01,1.032190855514813,1.032190855514813,1.032190855514813
Bihar,East Champaran,2025-10-01,-0.07486413320514274,-0.07486413320514274,-0.07486413320514274
Bihar,East Champaran,2025-11-01,0.3698576839355581,0.3698576839355581,0.3698576839355581
Bihar,East Champaran,2025-12-01,0.14430482701609468,0.14430482701609468,0.14430482701609468
Bihar,Gaya,2025-03-01,1.8660949239124993,1.7541292284777492,1.7028116180701556
Bihar,Gaya,2025-04-01,0.9108826528306907,0.9108826528306907,0.9108826528306907
Bihar,Gaya,2025-05-01,0.11004976598119559,0.11004976598119559,0.11004976598119559
Bihar,Gaya,2025-06-01,-0.07408779612212418,-0.07408779612212418,-0.07408779612212418
Bihar,Gaya,2025-07-01,0.3104924376384564,0.3104924376384564,0.3104924376384564
Bihar,Gaya,2025-09-01,0.5006907779171722,0.5006907779171722,0.5006907779171722
Bihar,Gaya,2025-10-01,-0.04129963179459212,-0.04129963179459212,-0.04129963179459212
Bihar,Gaya,2025-11-01,0.07822535328893196,0.07822535328893196,0.07822535328893196
Bihar,Gaya,2025-12-01,0.25128783366795016,0.25128783366795016,0.25128783366795016
Bihar,Gopalganj,2025-03-01,1.0752626722259198,1.0752626722259198,1.0752626722259198
Bihar,Gopalganj,2025-04-01,0.47937551321974814,0.47937551321974814,0.47937551321974814
Bihar,Gopalganj,2025-05-01,0.7764724448402587,0.7764724448402587,0.7764724448402587
Bihar,Gopalganj,2025-06-01,0.3176884615245937,0.3176884615245937,0.3176884615245937
Bihar,Gopalganj,2025-07-01,0.22675132733221745,0.22675132733221745,0.22675132733221745
Bihar,Gopalganj,2025-09-01,0.08270427667134483,0.08270427667134483,0.08270427667134483
Bihar,Gopalganj,2025-10-01,-0.09973279267065666,-0.09973279267065666,-0.09973279267065666
Bihar,Gopalganj,2025-11-01,0.07570221921568593,0.07570221921568593,0.07570221921568593
Bihar,Gopalganj,2025-12-01,0.0738967053770572,0.0738967053770572,0.0738967053770572
Bihar,Jamui,2025-03-01,0.8175290426568225,0.8175290426568225,0.8175290426568225
Bihar,Jamui,2025-04-01,0.7661697625427845,0.7661697625427845,0.7661697625427845
Bihar,Jamui,2025-05-01,-0.3795555579045753,-0.3795555579045753,-0.3795555579045753
Bihar,Jamui,2025-06-01,0.03417181068051711,0.03417181068051711,0.03417181068051711
Bihar,Jamui,2025-07-01,-0.2523300187331775,-0.2523300187331775,-0.2523300187331775
Bihar,Jamui,2025-09-01,0.8537999917638158,0.8537999917638158,0.8537999917638158
Bihar,Jamui,2025-10-01,-0.12902981754749165,-0.12902981754749165,-0.12902981754749165
Bihar,Jamui,2025-11-01,0.002633563627651235,0.002633563627651235,0.002633563627651235
Bihar,Jamui,2025-12-01,-0.07485424763562253,-0.07485424763562253,-0.07485424763562253
Bihar,Jehanabad,2025-03-01,0.39078475363038945,0.39078475363038945,0.39078475363038945
Bihar,Jehanabad,2025-04-01,0.65312850670496,0.65312850670496,0.65312850670496
Bihar,Jehanabad,2025-05-01,-0.5334377298034678,-0.5334377298034678,-0.5334377298034678
Bihar,Jehanabad,2025-06-01,-0.11671699048613432,-0.11671699048613432,-0.11671699048613432
Bihar,Jehanabad,2025-07-01,0.6134927445679381,0.6134927445679381,0.6134927445679381
Bihar,Jehanabad,2025-09-01,0.8140782530656814,0.8140782530656814,0.8140782530656814
Bihar,Jehanabad,2025-10-01,-0.20769492826673583,-0.20769492826673583,-0.20769492826673583
Bihar,Jehanabad,2025-11-01,-0.07870292219086378,-0.07870292219086378,-0.07870292219086378
Bihar,Jehanabad,2025-12-01,-0.136421292848665,-0.136421292848665,-0.136421292848665
Bihar,Kaimur (Bhabua),2025-03-01,0.67404699580164,0.67404699580164,0.67404699580164
Bihar,Kaimur (Bhabua),2025-04-01,0.7513952838057325,0.7513952838057325,0.7513952838057325
Bihar,Kaimur (Bhabua),2025-05-01,0.5538901055342892,0.5538901055342892,0.5538901055342892
Bihar,Kaimur (Bhabua),2025-06-01,-0.21389253564564706,-0.21389253564564706,-0.21389253564564706
Bihar,Kaimur (Bhabua),2025-07-01,-0.09790615471735513,-0.09790615471735513,-0.09790615471735513
Bihar,Kaimur (Bhabua),2025-09-01,0.8804608046573407,0.8804608046573407,0.8804608046573407
Bihar,Kaimur (Bhabua),2025-10-01,-0.23423300595793978,-0.23423300595793978,-0.23423300595793978
Bihar,Kaimur (Bhabua),2025-11-01,-0.007639578859517892,-0.007639578859517892,-0.007639578859517892
Bihar,Kaimur (Bhabua),2025-12-01,-0.026680704306020455,-0.026680704306020455,-0.026680704306020455
Bihar,Katihar,2025-03-01,1.8223021833216357,1.7129640523223375,1.6628507422809926
Bihar,Katihar,2025-04-01,1.3204958651615384,1.241266113251846,1.2049524769599038
Bihar,Katihar,2025-05-01,0.8561283171162254,0.8561283171162254,0.8561283171162254
Bihar,Katihar,2025-06-01,0.43385313334221676,0.43385313334221676,0.43385313334221676
Bihar,Katihar,2025-07-01,0.46116967566628486,0.46116967566628486,0.46116967566628486
Bihar,Katihar,2025-09-01,1.0078315963567541,1.0078315963567541,1.0078315963567541
Bihar,Katihar,2025-10-01,-0.04178846529462216,-0.04178846529462216,-0.04178846529462216
Bihar,Katihar,2025-11-01,0.14041975306845253,0.14041975306845253,0.14041975306845253
Bihar,Katihar,2025-12-01,0.09540192557287404,0.09540192557287404,0.09540192557287404
Bihar,Khagaria,2025-03-01,0.7634367828231232,0.7634367828231232,0.7634367828231232
Bihar,Khagaria,2025-04-01,0.40038159144062474,0.40038159144062474,0.40038159144062474
Bihar,Khagaria,2025-05-01,0.14050226834744067,0.14050226834744067,0.14050226834744067
Bihar,Khagaria,2025-06-01,0.09147433926408127,0.09147433926408127,0.09147433926408127
Bihar,Khagaria,2025-07-01,0.20616878714266546,0.20616878714266546,0.20616878714266546
Bihar,Khagaria,2025-09-01,0.8974884315180182,0.8974884315180182,0.8974884315180182
Bihar,Khagaria,2025-10-01,-0.26718882925674714,-0.26718882925674714,-0.26718882925674714
Bihar,Khagaria,2025-11-01,0.020548764193137274,0.020548764193137274,0.020548764193137274
Bihar,Khagaria,2025-12-01,0.16084824206552578,0.16084824206552578,0.16084824206552578
Bihar,Kishanganj,2025-03-01,1.2027617803749076,1.130596073552413,1.0975201245921031
Bihar,Kishanganj,2025-04-01,0.5691455509238655,0.5691455509238655,0.5691455509238655
Bihar,Kishanganj,2025-05-01,0.41789113216685764,0.41789113216685764,0.41789113216685764
Bihar,Kishanganj,2025-06-01,0.3595527700406276,0.3595527700406276,0.3595527700406276
Bihar,Kishanganj,2025-07-01,0.6907367638425947,0.6907367638425947,0.6907367638425947
Bihar,Kishanganj,2025-09-01,1.0358804019799506,1.0358804019799506,1.0358804019799506
Bihar,Kishanganj,2025-10-01,-0.015563719059602129,-0.015563719059602129,-0.015563719059602129
Bihar,Kishanganj,2025-11-01,-0.04016052820817774,-0.04016052820817774,-0.04016052820817774
Bihar,Kishanganj,2025-12-01,0.02272249442302493,0.02272249442302493,0.02272249442302493
Bihar,Lakhisarai,2025-03-01,0.40646073997963494,0.40646073997963494,0.40646073997963494
Bihar,Lakhisarai,2025-04-01,0.11924173818606722,0.11924173818606722,0.11924173818606722
Bihar,Lakhisarai,2025-05-01,-0.00984588123044857,-0.00984588123044857,-0.00984588123044857
Bihar,Lakhisarai,2025-06-01,0.6279694236917496,0.6279694236917496,0.6279694236917496
Bihar,Lakhisarai,2025-07-01,0.261078565589646,0.261078565589646,0.261078565589646
Bihar,Lakhisarai,2025-09-01,-0.13092733015316743,-0.13092733015316743,-0.13092733015316743
Bihar,Lakhisarai,2025-10-01,-0.32910799250376405,-0.32910799250376405,-0.32910799250376405
Bihar,Lakhisarai,2025-11-01,0.5163011700716363,0.5163011700716363,0.5163011700716363
Bihar,Lakhisarai,2025-12-01,-0.16758142801215462,-0.16758142801215462,-0.16758142801215462
Bihar,Madhepura,2025-03-01,1.0598582697705925,1.0598582697705925,1.0598582697705925
Bihar,Madhepura,2025-04-01,0.6975946229235281,0.6975946229235281,0.6975946229235281
Bihar,Madhepura,2025-05-01,0.3891824455312593,0.3891824455312593,0.3891824455312593
Bihar,Madhepura,2025-06-01,0.2495940554816108,0.2495940554816108,0.2495940554816108
Bihar,Madhepura,2025-07-01,0.35374850500719585,0.35374850500719585,0.35374850500719585
Bihar,Madhepura,2025-09-01,0.9079405916761947,0.9079405916761947,0.9079405916761947
Bihar,Madhepura,2025-10-01,-0.10433413090595926,-0.10433413090595926,-0.10433413090595926
Bihar,Madhepura,2025-11-01,0.01036750224636581,0.01036750224636581,0.01036750224636581
Bihar,Madhepura,2025-12-01,0.20037042100515076,0.20037042100515076,0.20037042100515076
Bihar,Madhubani,2025-03-01,0.2283523650858047,0.2283523650858047,0.2283523650858047
Bihar,Madhubani,2025-04-01,0.8747847915932281,0.8747847915932281,0.8747847915932281
Bihar,Madhubani,2025-05-01,0.5332932508478595,0.5332932508478595,0.5332932508478595
Bihar,Madhubani,2025-06-01,0.128169846807131,0.128169846807131,0.128169846807131
Bihar,Madhubani,2025-07-01,0.007252999260771498,0.007252999260771498,0.007252999260771498
Bihar,Madhubani,2025-09-01,0.7212113494317259,0.7212113494317259,0.7212113494317259
Bihar,Madhubani,2025-10-01,0.055899276791126856,0.055899276791126856,0.055899276791126856
Bihar,Madhubani,2025-11-01,0.1785081010224375,0.1785081010224375,0.1785081010224375
Bihar,Madhubani,2025-12-01,0.11565946205690948,0.11565946205690948,0.11565946205690948
Bihar,Monghyr,2025-09-01,-0.750292940448281,-0.750292940448281,-0.750292940448281
Bihar,Monghyr,2025-10-01,-1.0613042947126323,-1.0613042947126323,-1.0613042947126323
Bihar,Monghyr,2025-11-01,-0.21667642372193424,-0.21667642372193424,-0.21667642372193424
Bihar,Monghyr,2025-12-01,-1.0320844428137794,-1.0320844428137794,-1.0320844428137794
Bihar,Munger,2025-03-01,0.5745413541479139,0.5745413541479139,0.5745413541479139
Bihar,Munger,2025-04-01,0.6956716238811725,0.6956716238811725,0.6956716238811725
Bihar,Munger,2025-05-01,-0.4223632737977844,-0.4223632737977844,-0.4223632737977844
Bihar,Munger,2025-06-01,0.6411393461286319,0.6411393461286319,0.6411393461286319
Bihar,Munger,2025-07-01,0.14748504124371914,0.14748504124371914,0.14748504124371914
Bihar,Munger,2025-09-01,0.5417354161466443,0.5417354161466443,0.5417354161466443
Bihar,Munger,2025-10-01,-0.32146843664066405,-0.32146843664066405,-0.32146843664066405
Bihar,Munger,2025-11-01,0.07658499290903513,0.07658499290903513,0.07658499290903513
Bihar,Munger,2025-12-01,-0.07473092378886288,-0.07473092378886288,-0.07473092378886288
Bihar,Muzaffarpur,2025-03-01,0.24173679643585289,0.24173679643585289,0.24173679643585289
Bihar,Muzaffarpur,2025-04-01,0.9230618784792368,0.9230618784792368,0.9230618784792368
Bihar,Muzaffarpur,2025-05-01,0.4941573730778192,0.4941573730778192,0.4941573730778192
Bihar,Muzaffarpur,2025-06-01,-0.03547968161788012,-0.03547968161788012,-0.03547968161788012
Bihar,Muzaffarpur,2025-07-01,-0.12998455871518702,-0.12998455871518702,-0.12998455871518702
Bihar,Muzaffarpur,2025-09-01,0.8159681430830457,0.8159681430830457,0.8159681430830457
Bihar,Muzaffarpur,2025-10-01,-0.06460474098260233,-0.06460474098260233,-0.06460474098260233
Bihar,Muzaffarpur,2025-11-01,0.2943164433764732,0.2943164433764732,0.2943164433764732
Bihar,Muzaffarpur,2025-12-01,0.1002732496432249,0.1002732496432249,0.1002732496432249
Bihar,Nalanda,2025-03-01,1.1922023409245508,1.1206702004690776,1.0878846360936525
Bihar,Nalanda,2025-04-01,0.5848871030268581,0.5848871030268581,0.5848871030268581
Bihar,Nalanda,2025-05-01,0.35870020931313873,0.35870020931313873,0.35870020931313873
Bihar,Nalanda,2025-06-01,0.7707251671115127,0.7707251671115127,0.7707251671115127
Bihar,Nalanda,2025-07-01,0.1275329100174435,0.1275329100174435,0.1275329100174435
Bihar,Nalanda,2025-09-01,0.5294535015857633,0.5294535015857633,0.5294535015857633
Bihar,Nalanda,2025-10-01,-0.09732453645346895,-0.09732453645346895,-0.09732453645346895
Bihar,Nalanda,2025-11-01,0.07861443042855372,0.07861443042855372,0.07861443042855372
Bihar,Nalanda,2025-12-01,0.0741643592664418,0.0741643592664418,0.0741643592664418
Bihar,Nawada,2025-03-01,0.9808148397087765,0.9808148397087765,0.9808148397087765
Bihar,Nawada,2025-04-01,0.3425205767155503,0.3425205767155503,0.3425205767155503
Bihar,Nawada,2025-05-01,0.17529926933460638,0.17529926933460638,0.17529926933460638
Bihar,Nawada,2025-06-01,0.20008980801551823,0.20008980801551823,0.20008980801551823
Bihar,Nawada,2025-07-01,0.7550564660587125,0.7550564660587125,0.7550564660587125
Bihar,Nawada,2025-09-01,0.17224214732897467,0.17224214732897467,0.17224214732897467
Bihar,Nawada,2025-10-01,-0.16146338153648665,-0.16146338153648665,-0.16146338153648665
Bihar,Nawada,2025-11-01,-0.09378516609772584,-0.09378516609772584,-0.09378516609772584
Bihar,Nawada,2025-12-01,0.0001748518816315353,0.0001748518816315353,0.0001748518816315353
Bihar,Pashchim Champaran,2025-03-01,-1.4561397910228124,-1.4561397910228124,-1.4561397910228124
Bihar,Pashchim Champaran,2025-04-01,-1.3149754535289848,-1.3149754535289848,-1.3149754535289848
Bihar,Pashchim Champaran,2025-06-01,-0.6280694162746876,-0.6280694162746876,-0.6280694162746876
Bihar,Pashchim Champaran,2025-07-01,-1.256662567290846,-1.256662567290846,-1.256662567290846
Bihar,Pashchim Champaran,2025-09-01,-0.9573424684274919,-0.9573424684274919,-0.9573424684274919
Bihar,Pashchim Champaran,2025-10-01,-0.9207209537826526,-0.9207209537826526,-0.9207209537826526
Bihar,Pashchim Champaran,2025-11-01,-0.251006076834873,-0.251006076834873,-0.251006076834873
Bihar,Pashchim Champaran,2025-12-01,-0.47442689678303535,-0.47442689678303535,-0.47442689678303535
Bihar,Patna,2025-03-01,0.2347551527882557,0.2347551527882557,0.2347551527882557
Bihar,Patna,2025-04-01,0.9143460205802778,0.9143460205802778,0.9143460205802778
Bihar,Patna,2025-05-01,-0.3088988935309372,-0.3088988935309372,-0.3088988935309372
Bihar,Patna,2025-06-01,0.818094271654566,0.818094271654566,0.818094271654566
Bihar,Patna,2025-07-01,0.295394005576476,0.295394005576476,0.295394005576476
Bihar,Patna,2025-09-01,1.0497235670345084,1.0497235670345084,1.0497235670345084
Bihar,Patna,2025-10-01,-0.09215104244262118,-0.09215104244262118,-0.09215104244262118
Bihar,Patna,2025-11-01,0.2740810198107152,0.2740810198107152,0.2740810198107152
Bihar,Patna,2025-12-01,0.1805493285788241,0.1805493285788241,0.1805493285788241
Bihar,Purba Champaran,2025-09-01,-0.6016762500469242,-0.6016762500469242,-0.6016762500469242
Bihar,Purba Champaran,2025-10-01,-0.8292006697407706,-0.8292006697407706,-0.8292006697407706
Bihar,Purba Champaran,2025-11-01,-0.546221696123626,-0.546221696123626,-0.546221696123626
Bihar,Purba Champaran,2025-12-01,-0.7229854643683135,-0.7229854643683135,-0.7229854643683135
Bihar,Purbi Champaran,2025-03-01,-1.4561400484253006,-1.4561400484253006,-1.4561400484253006
Bihar,Purbi Champaran,2025-06-01,-0.6280694158728817,-0.6280694158728817,-0.6280694158728817
Bihar,Purbi Champaran,2025-07-01,-1.3132518952919678,-1.3132518952919678,-1.3132518952919678
Bihar,Purnea,2025-03-01,-0.5044659306852322,-0.5044659306852322,-0.5044659306852322
Bihar,Purnea,2025-04-01,-0.4736572207934573,-0.4736572207934573,-0.4736572207934573
Bihar,Purnea,2025-05-01,-0.515342165453172,-0.515342165453172,-0.515342165453172
Bihar,Purnea,2025-06-01,-0.5140659389614165,-0.5140659389614165,-0.5140659389614165
Bihar,Purnea,2025-07-01,-0.4455531654875334,-0.4455531654875334,-0.4455531654875334
Bihar,Purnea,2025-09-01,0.4765127498078862,0.4765127498078862,0.4765127498078862
Bihar,Purnea,2025-10-01,-0.6825954223669322,-0.6825954223669322,-0.6825954223669322
Bihar,Purnea,2025-11-01,-0.16505532708217585,-0.16505532708217585,-0.16505532708217585
Bihar,Purnea,2025-12-01,-0.6186865992117294,-0.6186865992117294,-0.6186865992117294
Bihar,Purnia,2025-03-01,1.7435340676791995,1.6389220236184474,1.5909748367572696
Bihar,Purnia,2025-04-01,0.9342334490752412,0.9342334490752412,0.9342334490752412
Bihar,Purnia,2025-05-01,0.36866445222264027,0.36866445222264027,0.36866445222264027
Bihar,Purnia,2025-06-01,0.902139283936412,0.902139283936412,0.902139283936412
Bihar,Purnia,2025-07-01,0.24151429090498236,0.24151429090498236,0.24151429090498236
Bihar,Purnia,2025-09-01,0.8940585347824587,0.8940585347824587,0.8940585347824587
Bihar,Purnia,2025-10-01,0.025940483270170282,0.025940483270170282,0.025940483270170282
Bihar,Purnia,2025-11-01,-0.04930690483454668,-0.04930690483454668,-0.04930690483454668
Bihar,Purnia,2025-12-01,0.2569057433687425,0.2569057433687425,0.2569057433687425
Bihar,Rohtas,2025-03-01,1.095183714549987,1.095183714549987,1.095183714549987
Bihar,Rohtas,2025-04-01,0.48002474353153746,0.48002474353153746,0.48002474353153746
Bihar,Rohtas,2025-05-01,0.3096726674569698,0.3096726674569698,0.3096726674569698
Bihar,Rohtas,2025-06-01,0.30836084191194396,0.30836084191194396,0.30836084191194396
Bihar,Rohtas,2025-07-01,0.38943471195108237,0.38943471195108237,0.38943471195108237
Bihar,Rohtas,2025-09-01,0.931593593038557,0.931593593038557,0.931593593038557
Bihar,Rohtas,2025-10-01,-0.14831190488776422,-0.14831190488776422,-0.14831190488776422
Bihar,Rohtas,2025-11-01,0.25054827800447366,0.25054827800447366,0.25054827800447366
Bihar,Rohtas,2025-12-01,0.06662558616396437,0.06662558616396437,0.06662558616396437
Bihar,Saharsa,2025-03-01,1.125587690870469,1.0580524294182407,1.0270987679193029
Bihar,Saharsa,2025-04-01,0.6175310185986693,0.6175310185986693,0.6175310185986693
Bihar,Saharsa,2025-05-01,0.780479088053856,0.780479088053856,0.780479088053856
Bihar,Saharsa,2025-06-01,0.020952035626821228,0.020952035626821228,0.020952035626821228
Bihar,Saharsa,2025-07-01,0.16237288387632903,0.16237288387632903,0.16237288387632903
Bihar,Saharsa,2025-09-01,0.8639169735744169,0.8639169735744169,0.8639169735744169
Bihar,Saharsa,2025-10-01,-0.1496033134759046,-0.1496033134759046,-0.1496033134759046
Bihar,Saharsa,2025-11-01,0.056863577137254845,0.056863577137254845,0.056863577137254845
Bihar,Saharsa,2025-12-01,0.005222817729618599,0.005222817729618599,0.005222817729618599
Bihar,Samastipur,2025-03-01,1.8465321553545635,1.7357402260332895,1.684960591761039
Bihar,Samastipur,2025-04-01,1.0792804930854982,1.0792804930854982,1.0792804930854982
Bihar,Samastipur,2025-05-01,0.752352219536109,0.752352219536109,0.752352219536109
Bihar,Samastipur,2025-06-01,0.5930847405431521,0.5930847405431521,0.5930847405431521
Bihar,Samastipur,2025-07-01,0.8637827384026635,0.8637827384026635,0.8637827384026635
Bihar,Samastipur,2025-09-01,1.0062906598964185,1.0062906598964185,1.0062906598964185
Bihar,Samastipur,2025-10-01,-0.060761386590222455,-0.060761386590222455,-0.060761386590222455
Bihar,Samastipur,2025-11-01,0.27198746006498997,0.27198746006498997,0.27198746006498997
Bihar,Samastipur,2025-12-01,0.15238935766255077,0.15238935766255077,0.15238935766255077
Bihar,Samstipur,2025-09-01,-0.711527865670278,-0.711527865670278,-0.711527865670278
Bihar,Samstipur,2025-10-01,-0.9057798777087023,-0.9057798777087023,-0.9057798777087023
Bihar,Samstipur,2025-11-01,-0.21114236414734205,-0.21114236414734205,-0.21114236414734205
Bihar,Samstipur,2025-12-01,-0.9878246261425505,-0.9878246261425505,-0.9878246261425505
Bihar,Saran,2025-03-01,1.493879224024922,1.4042464705834266,1.3631647919227412
Bihar,Saran,2025-04-01,0.8413057082176454,0.8413057082176454,0.8413057082176454
Bihar,Saran,2025-05-01,0.09159901724228227,0.09159901724228227,0.09159901724228227
Bihar,Saran,2025-06-01,0.8041745156821911,0.8041745156821911,0.8041745156821911
Bihar,Saran,2025-07-01,0.5415042295616794,0.5415042295616794,0.5415042295616794
Bihar,Saran,2025-09-01,0.7653306542730581,0.7653306542730581,0.7653306542730581
Bihar,Saran,2025-10-01,-0.026313367122286272,-0.026313367122286272,-0.026313367122286272
Bihar,Saran,2025-11-01,0.12922165140379105,0.12922165140379105,0.12922165140379105
Bihar,Saran,2025-12-01,0.11893384938943122,0.11893384938943122,0.11893384938943122
Bihar,Sheikhpura,2025-03-01,0.20578848010947157,0.20578848010947157,0.20578848010947157
Bihar,Sheikhpura,2025-04-01,0.002608753275163911,0.002608753275163911,0.002608753275163911
Bihar,Sheikhpura,2025-05-01,-0.09879733000668832,-0.09879733000668832,-0.09879733000668832
Bihar,Sheikhpura,2025-06-01,-0.09197864565602486,-0.09197864565602486,-0.09197864565602486
Bihar,Sheikhpura,2025-07-01,-0.05881086558065114,-0.05881086558065114,-0.05881086558065114
Bihar,Sheikhpura,2025-09-01,0.7842774112680181,0.7842774112680181,0.7842774112680181
Bihar,Sheikhpura,2025-10-01,-0.32656673862346525,-0.32656673862346525,-0.32656673862346525
Bihar,Sheikhpura,2025-11-01,-0.1443265009682692,-0.1443265009682692,-0.1443265009682692
Bihar,Sheikhpura,2025-12-01,-0.19277444410032296,-0.19277444410032296,-0.19277444410032296
Bihar,Sheikpura,2025-09-01,-0.7440078384327926,-0.7440078384327926,-0.7440078384327926
Bihar,Sheikpura,2025-10-01,-1.1962033531220222,-1.1962033531220222,-1.1962033531220222
Bihar,Sheikpura,2025-11-01,0.011888875232064708,0.011888875232064708,0.011888875232064708
Bihar,Sheikpura,2025-12-01,-1.0250296160552255,-1.0250296160552255,-1.0250296160552255
Bihar,Sheohar,2025-03-01,0.2940731135824236,0.2940731135824236,0.2940731135824236
Bihar,Sheohar,2025-04-01,-0.018078249547831264,-0.018078249547831264,-0.018078249547831264
Bihar,Sheohar,2025-05-01,-0.12560827866690305,-0.12560827866690305,-0.12560827866690305
Bihar,Sheohar,2025-06-01,-0.15582382095572933,-0.15582382095572933,-0.15582382095572933
Bihar,Sheohar,2025-07-01,-0.12611119442102856,-0.12611119442102856,-0.12611119442102856
Bihar,Sheohar,2025-09-01,0.7447085467732167,0.7447085467732167,0.7447085467732167
Bihar,Sheohar,2025-10-01,-0.24072783765475977,-0.24072783765475977,-0.24072783765475977
Bihar,Sheohar,2025-11-01,-0.07600007776627954,-0.07600007776627954,-0.07600007776627954
Bihar,Sheohar,2025-12-01,-0.0015497890489467973,-0.0015497890489467973,-0.0015497890489467973
Bihar,Sitamarhi,2025-03-01,0.1945656821226981,0.1945656821226981,0.1945656821226981
Bihar,Sitamarhi,2025-04-01,0.8853746698669974,0.8853746698669974,0.8853746698669974
Bihar,Sitamarhi,2025-05-01,0.18228459111249648,0.18228459111249648,0.18228459111249648
Bihar,Sitamarhi,2025-06-01,0.062465175287870545,0.062465175287870545,0.062465175287870545
Bihar,Sitamarhi,2025-07-01,0.20528999596194397,0.20528999596194397,0.20528999596194397
Bihar,Sitamarhi,2025-09-01,-0.06263691463791299,-0.06263691463791299,-0.06263691463791299
Bihar,Sitamarhi,2025-10-01,-0.07111460073157036,-0.07111460073157036,-0.07111460073157036
Bihar,Sitamarhi,2025-11-01,0.22200154562418317,0.22200154562418317,0.22200154562418317
Bihar,Sitamarhi,2025-12-01,0.1263430847205455,0.1263430847205455,0.1263430847205455
Bihar,Siwan,2025-03-01,1.2947632685103259,1.2170774723997062,1.1814714825156722
Bihar,Siwan,2025-04-01,0.5063582783021824,0.5063582783021824,0.5063582783021824
Bihar,Siwan,2025-05-01,0.7878064532256734,0.7878064532256734,0.7878064532256734
Bihar,Siwan,2025-06-01,-0.15299624912056045,-0.15299624912056045,-0.15299624912056045
Bihar,Siwan,2025-07-01,0.08597886183864226,0.08597886183864226,0.08597886183864226
Bihar,Siwan,2025-09-01,0.9062392039742332,0.9062392039742332,0.9062392039742332
Bihar,Siwan,2025-10-01,-0.056432729695326735,-0.056432729695326735,-0.056432729695326735
Bihar,Siwan,2025-11-01,0.15436062740004064,0.15436062740004064,0.15436062740004064
Bihar,Siwan,2025-12-01,-0.0005195616460845487,-0.0005195616460845487,-0.0005195616460845487
Bihar,Supaul,2025-03-01,1.3792816951613696,1.2965247934516873,1.2585945468347497
Bihar,Supaul,2025-04-01,0.6610084067721738,0.6610084067721738,0.6610084067721738
Bihar,Supaul,2025-05-01,0.37995538738979523,0.37995538738979523,0.37995538738979523
Bihar,Supaul,2025-06-01,0.21407784267345087,0.21407784267345087,0.21407784267345087
Bihar,Supaul,2025-07-01,0.26948728092385504,0.26948728092385504,0.26948728092385504
Bihar,Supaul,2025-09-01,0.9064087860457092,0.9064087860457092,0.9064087860457092
Bihar,Supaul,2025-10-01,0.09660495924542042,0.09660495924542042,0.09660495924542042
Bihar,Supaul,2025-11-01,0.0044889863732110215,0.0044889863732110215,0.0044889863732110215
Bihar,Supaul,2025-12-01,0.0031699089736083146,0.0031699089736083146,0.0031699089736083146
Bihar,Vaishali,2025-03-01,1.6572415302008952,1.5578070383888414,1.5122328963083167
Bihar,Vaishali,2025-04-01,0.8948994001617955,0.8948994001617955,0.8948994001617955
Bihar,Vaishali,2025-05-01,0.2567054464407631,0.2567054464407631,0.2567054464407631
Bihar,Vaishali,2025-06-01,0.5149110636389472,0.5149110636389472,0.5149110636389472
Bihar,Vaishali,2025-07-01,0.6001302935400421,0.6001302935400421,0.6001302935400421
Bihar,Vaishali,2025-09-01,0.9701853504578208,0.9701853504578208,0.9701853504578208
Bihar,Vaishali,2025-10-01,-0.06334526310746141,-0.06334526310746141,-0.06334526310746141
Bihar,Vaishali,2025-11-01,0.09546857730344216,0.09546857730344216,0.09546857730344216
Bihar,Vaishali,2025-12-01,0.0766200485229673,0.0766200485229673,0.0766200485229673
Bihar,West Champaran,2025-03-01,1.640683552952939,1.5422425397757626,1.497123742069557
Bihar,West Champaran,2025-04-01,0.8794938173538784,0.8794938173538784,0.8794938173538784
Bihar,West Champaran,2025-05-01,-0.10530347238954432,-0.10530347238954432,-0.10530347238954432
Bihar,West Champaran,2025-06-01,0.10468265096130476,0.10468265096130476,0.10468265096130476
Bihar,West Champaran,2025-07-01,0.664742424697051,0.664742424697051,0.664742424697051
Bihar,West Champaran,2025-09-01,1.0168924864641886,1.0168924864641886,1.0168924864641886
Bihar,West Champaran,2025-10-01,-0.013885144481762913,-0.013885144481762913,-0.013885144481762913
Bihar,West Champaran,2025-11-01,0.23619182313043768,0.23619182313043768,0.23619182313043768
Bihar,West Champaran,2025-12-01,0.1675682347651417,0.1675682347651417,0.1675682347651417
Chandigarh,Chandigarh,2025-03-01,0.4024882575810352,0.4024882575810352,0.4024882575810352
Chandigarh,Chandigarh,2025-04-01,0.8637024310861823,0.8637024310861823,0.8637024310861823
Chandigarh,Chandigarh,2025-05-01,0.04989201195922682,0.04989201195922682,0.04989201195922682
Chandigarh,Chandigarh,2025-06-01,0.2713565657446511,0.2713565657446511,0.2713565657446511
Chandigarh,Chandigarh,2025-07-01,1.346920302356929,1.266105084215513,1.2290647759006976
Chandigarh,Chandigarh,2025-09-01,0.738282693704615,0.738282693704615,0.738282693704615
Chandigarh,Chandigarh,2025-10-01,-0.34111617599809513,-0.34111617599809513,-0.34111617599809513
Chandigarh,Chandigarh,2025-11-01,0.15178994767191173,0.15178994767191173,0.15178994767191173
Chandigarh,Chandigarh,2025-12-01,-0.1357256050614235,-0.1357256050614235,-0.1357256050614235
Chandigarh,Mohali,2025-09-01,-1.2932484716713615,-1.2932484716713615,-1.2932484716713615
Chandigarh,Mohali,2025-10-01,-1.3533429602460259,-1.3533429602460259,-1.3533429602460259
Chandigarh,Mohali,2025-11-01,-1.250577035252089,-1.250577035252089,-1.250577035252089
Chandigarh,Mohali,2025-12-01,-1.1904410499725826,-1.1904410499725826,-1.1904410499725826
Chandigarh,Rupnagar,2025-09-01,-1.1006577044912265,-1.1006577044912265,-1.1006577044912265
Chandigarh,Rupnagar,2025-10-01,-1.6044967955556564,-1.6044967955556564,-1.6044967955556564
Chandigarh,Rupnagar,2025-11-01,-0.2867715912893215,-0.2867715912893215,-0.2867715912893215
Chandigarh,Rupnagar,2025-12-01,-1.5145204480328165,-1.5145204480328165,-1.5145204480328165
Chhatisgarh,Raipur,2025-09-01,-1.3533429602460259,-1.3533429602460259,-1.3533429602460259
Chhatisgarh,Raipur,2025-10-01,-1.2932484716713615,-1.2932484716713615,-1.2932484716713615
Chhatisgarh,Raipur,2025-11-01,-1.293228115966791,-1.293228115966791,-1.293228115966791
Chhatisgarh,Raipur,2025-12-01,-1.217489544099661,-1.217489544099661,-1.217489544099661
Chhattisgarh,Balod,2025-03-01,0.4224136031335444,0.4224136031335444,0.4224136031335444
Chhattisgarh,Balod,2025-04-01,0.13852725381766656,0.13852725381766656,0.13852725381766656
Chhattisgarh,Balod,2025-05-01,0.2738102317848941,0.2738102317848941,0.2738102317848941
Chhattisgarh,Balod,2025-06-01,0.6173854516502455,0.6173854516502455,0.6173854516502455
Chhattisgarh,Balod,2025-07-01,0.4684195025535199,0.4684195025535199,0.4684195025535199
Chhattisgarh,Balod,2025-09-01,0.7828048405095773,0.7828048405095773,0.7828048405095773
Chhattisgarh,Balod,2025-10-01,-0.28655354200970945,-0.28655354200970945,-0.28655354200970945
Chhattisgarh,Balod,2025-11-01,0.1219455347944034,0.1219455347944034,0.1219455347944034
Chhattisgarh,Balod,2025-12-01,-0.03937928946183848,-0.03937928946183848,-0.03937928946183848
Chhattisgarh,Baloda Bazar,2025-03-01,0.5901344411391873,0.5901344411391873,0.5901344411391873
Chhattisgarh,Baloda Bazar,2025-04-01,0.6651508722377103,0.6651508722377103,0.6651508722377103
Chhattisgarh,Baloda Bazar,2025-05-01,0.8335358288271019,0.8335358288271019,0.8335358288271019
Chhattisgarh,Baloda Bazar,2025-06-01,0.6576585866449927,0.6576585866449927,0.6576585866449927
Chhattisgarh,Baloda Bazar,2025-07-01,0.8057792933360579,0.8057792933360579,0.8057792933360579
Chhattisgarh,Baloda Bazar,2025-09-01,0.8676764025753688,0.8676764025753688,0.8676764025753688
Chhattisgarh,Baloda Bazar,2025-10-01,-0.14919534402379683,-0.14919534402379683,-0.14919534402379683
Chhattisgarh,Baloda Bazar,2025-11-01,0.2968218906357243,0.2968218906357243,0.2968218906357243
Chhattisgarh,Baloda Bazar,2025-12-01,-0.003847396412684778,-0.003847396412684778,-0.003847396412684778
Chhattisgarh,Balrampur,2025-03-01,0.014314262998489043,0.014314262998489043,0.014314262998489043
Chhattisgarh,Balrampur,2025-04-01,-0.0027515413509437633,-0.0027515413509437633,-0.0027515413509437633
Chhattisgarh,Balrampur,2025-05-01,-0.06445884512088568,-0.06445884512088568,-0.06445884512088568
Chhattisgarh,Balrampur,2025-06-01,0.7173727496757734,0.7173727496757734,0.7173727496757734
Chhattisgarh,Balrampur,2025-07-01,0.7953746202057108,0.7953746202057108,0.7953746202057108
Chhattisgarh,Balrampur,2025-09-01,-0.10824377149244985,-0.10824377149244985,-0.10824377149244985
Chhattisgarh,Balrampur,2025-10-01,-0.39046990887064337,-0.39046990887064337,-0.39046990887064337
Chhattisgarh,Balrampur,2025-11-01,0.09031674784032648,0.09031674784032648,0.09031674784032648
Chhattisgarh,Balrampur,2025-12-01,-0.11578456759641875,-0.11578456759641875,-0.11578456759641875
Chhattisgarh,Bastar,2025-03-01,0.3863613813237703,0.3863613813237703,0.3863613813237703
Chhattisgarh,Bastar,2025-04-01,0.2958492385228618,0.2958492385228618,0.2958492385228618
Chhattisgarh,Bastar,2025-05-01,0.24139952585694238,0.24139952585694238,0.24139952585694238
Chhattisgarh,Bastar,2025-06-01,0.5409296517315144,0.5409296517315144,0.5409296517315144
Chhattisgarh,Bastar,2025-07-01,0.5559898419076694,0.5559898419076694,0.5559898419076694
Chhattisgarh,Bastar,2025-09-01,0.8522698847533667,0.8522698847533667,0.8522698847533667
Chhattisgarh,Bastar,2025-10-01,-0.21692601812340032,-0.21692601812340032,-0.21692601812340032
Chhattisgarh,Bastar,2025-11-01,0.43970356889733775,0.43970356889733775,0.43970356889733775
Chhattisgarh,Bastar,2025-12-01,0.2368050417200874,0.2368050417200874,0.2368050417200874
Chhattisgarh,Bemetara,2025-03-01,0.490735217420188,0.490735217420188,0.490735217420188
Chhattisgarh,Bemetara,2025-04-01,0.31010973030020916,0.31010973030020916,0.31010973030020916
Chhattisgarh,Bemetara,2025-05-01,0.8095591483044179,0.8095591483044179,0.8095591483044179
Chhattisgarh,Bemetara,2025-06-01,0.5024553633623997,0.5024553633623997,0.5024553633623997
Chhattisgarh,Bemetara,2025-07-01,0.39644500421279805,0.39644500421279805,0.39644500421279805
Chhattisgarh,Bemetara,2025-09-01,0.7893800793116955,0.7893800793116955,0.7893800793116955
Chhattisgarh,Bemetara,2025-10-01,-0.21424193479239445,-0.21424193479239445,-0.21424193479239445
Chhattisgarh,Bemetara,2025-11-01,0.31813378147699306,0.31813378147699306,0.31813378147699306
Chhattisgarh,Bemetara,2025-12-01,-0.04639994151776287,-0.04639994151776287,-0.04639994151776287
Chhattisgarh,Bijapur,2025-03-01,-0.14575369228161256,-0.14575369228161256,-0.14575369228161256
Chhattisgarh,Bijapur,2025-04-01,0.5828749741087543,0.5828749741087543,0.5828749741087543
Chhattisgarh,Bijapur,2025-05-01,-0.3217415909186318,-0.3217415909186318,-0.3217415909186318
Chhattisgarh,Bijapur,2025-06-01,-0.2386276244544501,-0.2386276244544501,-0.2386276244544501
Chhattisgarh,Bijapur,2025-07-01,0.2541570243884977,0.2541570243884977,0.2541570243884977
Chhattisgarh,Bijapur,2025-09-01,-0.3954778976266262,-0.3954778976266262,-0.3954778976266262
Chhattisgarh,Bijapur,2025-10-01,-0.44324311010855366,-0.44324311010855366,-0.44324311010855366
Chhattisgarh,Bijapur,2025-11-01,0.11330358937207828,0.11330358937207828,0.11330358937207828
Chhattisgarh,Bijapur,2025-12-01,0.011997954225783713,0.011997954225783713,0.011997954225783713
Chhattisgarh,Bilaspur,2025-03-01,0.8926491230266962,0.8926491230266962,0.8926491230266962
Chhattisgarh,Bilaspur,2025-04-01,0.9156158835723567,0.9156158835723567,0.9156158835723567
Chhattisgarh,Bilaspur,2025-05-01,0.6345827266750297,0.6345827266750297,0.6345827266750297
Chhattisgarh,Bilaspur,2025-06-01,1.5525168191663024,1.459365810016324,1.4166715974892508
Chhattisgarh,Bilaspur,2025-07-01,0.9541941047933433,0.9541941047933433,0.9541941047933433
Chhattisgarh,Bilaspur,2025-09-01,0.35589844887381294,0.35589844887381294,0.35589844887381294
Chhattisgarh,Bilaspur,2025-10-01,-0.08392321253215314,-0.08392321253215314,-0.08392321253215314
Chhattisgarh,Bilaspur,2025-11-01,0.19853003187280174,0.19853003187280174,0.19853003187280174
Chhattisgarh,Bilaspur,2025-12-01,0.04622677425302421,0.04622677425302421,0.04622677425302421
Chhattisgarh,Dakshin Bastar Dantewada,2025-03-01,-0.21585709809375647,-0.21585709809375647,-0.21585709809375647
Chhattisgarh,Dakshin Bastar Dantewada,2025-04-01,-0.28040548562426726,-0.28040548562426726,-0.28040548562426726
Chhattisgarh,Dakshin Bastar Dantewada,2025-05-01,-0.23983002312381724,-0.23983002312381724,-0.23983002312381724
Chhattisgarh,Dakshin Bastar Dantewada,2025-06-01,-0.10812586331748805,-0.10812586331748805,-0.10812586331748805
Chhattisgarh,Dakshin Bastar Dantewada,2025-07-01,0.035133734415392595,0.035133734415392595,0.035133734415392595
Chhattisgarh,Dakshin Bastar Dantewada,2025-09-01,0.5981551907608526,0.5981551907608526,0.5981551907608526
Chhattisgarh,Dakshin Bastar Dantewada,2025-10-01,-0.3865969329528041,-0.3865969329528041,-0.3865969329528041
Chhattisgarh,Dakshin Bastar Dantewada,2025-11-01,0.5955957000835655,0.5955957000835655,0.5955957000835655
Chhattisgarh,Dakshin Bastar Dantewada,2025-12-01,-0.34642967426417737,-0.34642967426417737,-0.34642967426417737
Chhattisgarh,Dantewada,2025-03-01,-0.38475022033869805,-0.38475022033869805,-0.38475022033869805
Chhattisgarh,Dantewada,2025-04-01,-0.44290627247822356,-0.44290627247822356,-0.44290627247822356
Chhattisgarh,Dantewada,2025-05-01,-0.36284546583042243,-0.36284546583042243,-0.36284546583042243
Chhattisgarh,Dantewada,2025-06-01,-0.21374268537564495,-0.21374268537564495,-0.21374268537564495
Chhattisgarh,Dantewada,2025-07-01,0.018793143786193817,0.018793143786193817,0.018793143786193817
Chhattisgarh,Dantewada,2025-09-01,0.5462760128069053,0.5462760128069053,0.5462760128069053
Chhattisgarh,Dantewada,2025-10-01,-0.5710089993809969,-0.5710089993809969,-0.5710089993809969
Chhattisgarh,Dantewada,2025-11-01,0.5298855470495031,0.5298855470495031,0.5298855470495031
Chhattisgarh,Dantewada,2025-12-01,-0.5134570561345472,-0.5134570561345472,-0.5134570561345472
Chhattisgarh,Dhamtari,2025-03-01,0.41883181530577596,0.41883181530577596,0.41883181530577596
Chhattisgarh,Dhamtari,2025-04-01,0.25402624574841287,0.25402624574841287,0.25402624574841287
Chhattisgarh,Dhamtari,2025-05-01,0.42659690117712457,0.42659690117712457,0.42659690117712457
Chhattisgarh,Dhamtari,2025-06-01,0.33735715928755117,0.33735715928755117,0.33735715928755117
Chhattisgarh,Dhamtari,2025-07-01,0.3670072234698104,0.3670072234698104,0.3670072234698104
Chhattisgarh,Dhamtari,2025-09-01,0.77093981044948,0.77093981044948,0.77093981044948
Chhattisgarh,Dhamtari,2025-10-01,-0.2761046009506469,-0.2761046009506469,-0.2761046009506469
Chhattisgarh,Dhamtari,2025-11-01,0.23957000077856344,0.23957000077856344,0.23957000077856344
Chhattisgarh,Dhamtari,2025-12-01,-0.10795626743661986,-0.10795626743661986,-0.10795626743661986
Chhattisgarh,Durg,2025-03-01,0.7071124248748771,0.7071124248748771,0.7071124248748771
Chhattisgarh,Durg,2025-04-01,0.8762430573366534,0.8762430573366534,0.8762430573366534
Chhattisgarh,Durg,2025-05-01,0.19359555573381398,0.19359555573381398,0.19359555573381398
Chhattisgarh,Durg,2025-06-01,1.000614783873409,1.000614783873409,1.000614783873409
Chhattisgarh,Durg,2025-07-01,0.8835489759759654,0.8835489759759654,0.8835489759759654
Chhattisgarh,Durg,2025-09-01,0.5567283712298947,0.5567283712298947,0.5567283712298947
Chhattisgarh,Durg,2025-10-01,-0.33685045359196997,-0.33685045359196997,-0.33685045359196997
Chhattisgarh,Durg,2025-11-01,0.7103419375450535,0.7103419375450535,0.7103419375450535
Chhattisgarh,Durg,2025-12-01,0.031823291463126235,0.031823291463126235,0.031823291463126235
Chhattisgarh,Gariyaband,2025-03-01,0.040515837382420344,0.040515837382420344,0.040515837382420344
Chhattisgarh,Gariyaband,2025-04-01,0.06042793532355671,0.06042793532355671,0.06042793532355671
Chhattisgarh,Gariyaband,2025-05-01,-0.04736560642479189,-0.04736560642479189,-0.04736560642479189
Chhattisgarh,Gariyaband,2025-06-01,0.04361485562773518,0.04361485562773518,0.04361485562773518
Chhattisgarh,Gariyaband,2025-07-01,-0.01559801238514754,-0.01559801238514754,-0.01559801238514754
Chhattisgarh,Gariyaband,2025-09-01,0.7111602351346723,0.7111602351346723,0.7111602351346723
Chhattisgarh,Gariyaband,2025-10-01,-0.33322256981175746,-0.33322256981175746,-0.33322256981175746
Chhattisgarh,Gariyaband,2025-11-01,0.19861348417628127,0.19861348417628127,0.19861348417628127
Chhattisgarh,Gariyaband,2025-12-01,-0.13925739613034205,-0.13925739613034205,-0.13925739613034205
Chhattisgarh,Gaurela-pendra-marwahi,2025-03-01,-0.4154888079095325,-0.4154888079095325,-0.4154888079095325
Chhattisgarh,Gaurela-pendra-marwahi,2025-04-01,-0.5279366926849458,-0.5279366926849458,-0.5279366926849458
Chhattisgarh,Gaurela-pendra-marwahi,2025-05-01,-0.5545499094866417,-0.5545499094866417,-0.5545499094866417
Chhattisgarh,Gaurela-pendra-marwahi,2025-06-01,-0.554151343341302,-0.554151343341302,-0.554151343341302
Chhattisgarh,Gaurela-pendra-marwahi,2025-07-01,-0.6294731701509236,-0.6294731701509236,-0.6294731701509236
Chhattisgarh,Gaurela-pendra-marwahi,2025-09-01,0.30558270556812644,0.30558270556812644,0.30558270556812644
Chhattisgarh,Gaurela-pendra-marwahi,2025-10-01,-0.6189458070384755,-0.6189458070384755,-0.6189458070384755
Chhattisgarh,Gaurela-pendra-marwahi,2025-11-01,-0.5097911471824663,-0.5097911471824663,-0.5097911471824663
Chhattisgarh,Gaurela-pendra-marwahi,2025-12-01,-0.5562466904515605,-0.5562466904515605,-0.5562466904515605
Chhattisgarh,Gaurella Pendra Marwahi,2025-06-01,-1.4561401210864235,-1.4561401210864235,-1.4561401210864235
Chhattisgarh,Gaurella Pendra Marwahi,2025-07-01,-1.639208001243483,-1.639208001243483,-1.639208001243483
Chhattisgarh,Janjgir - Champa,2025-09-01,-0.8123218046277033,-0.8123218046277033,-0.8123218046277033
Chhattisgarh,Janjgir - Champa,2025-10-01,-1.20378901217077,-1.20378901217077,-1.20378901217077
Chhattisgarh,Janjgir - Champa,2025-11-01,0.06045575309341815,0.06045575309341815,0.06045575309341815
Chhattisgarh,Janjgir - Champa,2025-12-01,-0.6360542172608057,-0.6360542172608057,-0.6360542172608057
Chhattisgarh,Janjgir Champa,2025-09-01,-0.8161800540063446,-0.8161800540063446,-0.8161800540063446
Chhattisgarh,Janjgir Champa,2025-10-01,-1.0442894071020685,-1.0442894071020685,-1.0442894071020685
Chhattisgarh,Janjgir Champa,2025-11-01,-0.679107513695098,-0.679107513695098,-0.679107513695098
Chhattisgarh,Janjgir Champa,2025-12-01,-0.8204459972139273,-0.8204459972139273,-0.8204459972139273
Chhattisgarh,Janjgir-champa,2025-03-01,1.187890980952783,1.1166175220956158,1.0839505201194144
Chhattisgarh,Janjgir-champa,2025-04-01,0.8950490395681858,0.8950490395681858,0.8950490395681858
Chhattisgarh,Janjgir-champa,2025-05-01,0.5431630240329934,0.5431630240329934,0.5431630240329934
Chhattisgarh,Janjgir-champa,2025-06-01,0.9058993508227697,0.9058993508227697,0.9058993508227697
Chhattisgarh,Janjgir-champa,2025-07-01,1.0872068949077927,1.0872068949077927,1.0872068949077927
Chhattisgarh,Janjgir-champa,2025-09-01,0.8560446333148735,0.8560446333148735,0.8560446333148735
Chhattisgarh,Janjgir-champa,2025-10-01,-0.11861377969688193,-0.11861377969688193,-0.11861377969688193
Chhattisgarh,Janjgir-champa,2025-11-01,0.2269344358102867,0.2269344358102867,0.2269344358102867
Chhattisgarh,Janjgir-champa,2025-12-01,0.032944614591036134,0.032944614591036134,0.032944614591036134
Chhattisgarh,Jashpur,2025-03-01,0.2542418729988691,0.2542418729988691,0.2542418729988691
Chhattisgarh,Jashpur,2025-04-01,0.14468951642219305,0.14468951642219305,0.14468951642219305
Chhattisgarh,Jashpur,2025-05-01,0.16939099161981172,0.16939099161981172,0.16939099161981172
Chhattisgarh,Jashpur,2025-06-01,0.6365264478850964,0.6365264478850964,0.6365264478850964
Chhattisgarh,Jashpur,2025-07-01,0.4266122984692345,0.4266122984692345,0.4266122984692345
Chhattisgarh,Jashpur,2025-09-01,0.7301885725711701,0.7301885725711701,0.7301885725711701
Chhattisgarh,Jashpur,2025-10-01,-0.23285565645170683,-0.23285565645170683,-0.23285565645170683
Chhattisgarh,Jashpur,2025-11-01,0.4411206273957652,0.4411206273957652,0.4411206273957652
Chhattisgarh,Jashpur,2025-12-01,-0.048391529116551826,-0.048391529116551826,-0.048391529116551826
Chhattisgarh,Kabeerdham,2025-03-01,-0.036598233991035095,-0.036598233991035095,-0.036598233991035095
Chhattisgarh,Kabeerdham,2025-04-01,-0.18721173909801003,-0.18721173909801003,-0.18721173909801003
Chhattisgarh,Kabeerdham,2025-05-01,0.0667518278876434,0.0667518278876434,0.0667518278876434
Chhattisgarh,Kabeerdham,2025-06-01,0.14694557533861152,0.14694557533861152,0.14694557533861152
Chhattisgarh,Kabeerdham,2025-07-01,-0.039075107106392955,-0.039075107106392955,-0.039075107106392955
Chhattisgarh,Kabeerdham,2025-09-01,0.6332954172643117,0.6332954172643117,0.6332954172643117
Chhattisgarh,Kabeerdham,2025-10-01,-0.3767335424213071,-0.3767335424213071,-0.3767335424213071
Chhattisgarh,Kabeerdham,2025-11-01,-0.03963031978150503,-0.03963031978150503,-0.03963031978150503
Chhattisgarh,Kabeerdham,2025-12-01,-0.1250464991159283,-0.1250464991159283,-0.1250464991159283
Chhattisgarh,Kanker,2025-03-01,0.06570600994337217,0.06570600994337217,0.06570600994337217
Chhattisgarh,Kanker,2025-04-01,-0.09157638697757539,-0.09157638697757539,-0.09157638697757539
Chhattisgarh,Kanker,2025-05-01,-0.06013857411092773,-0.06013857411092773,-0.06013857411092773
Chhattisgarh,Kanker,2025-06-01,0.23950764732683064,0.23950764732683064,0.23950764732683064
Chhattisgarh,Kanker,2025-07-01,0.02438989303794925,0.02438989303794925,0.02438989303794925
Chhattisgarh,Kanker,2025-09-01,0.6775255444354565,0.6775255444354565,0.6775255444354565
Chhattisgarh,Kanker,2025-10-01,-0.37778530468634947,-0.37778530468634947,-0.37778530468634947
Chhattisgarh,Kanker,2025-11-01,0.1573622082925017,0.1573622082925017,0.1573622082925017
Chhattisgarh,Kanker,2025-12-01,-0.008856888312063688,-0.008856888312063688,-0.008856888312063688
Chhattisgarh,Kawardha,2025-03-01,0.5420922094827683,0.5420922094827683,0.5420922094827683
Chhattisgarh,Kawardha,2025-04-01,0.026005347884135055,0.026005347884135055,0.026005347884135055
Chhattisgarh,Kawardha,2025-05-01,0.07240545204739579,0.07240545204739579,0.07240545204739579
Chhattisgarh,Kawardha,2025-06-01,0.5953690945280461,0.5953690945280461,0.5953690945280461
Chhattisgarh,Kawardha,2025-07-01,0.02455716577100428,0.02455716577100428,0.02455716577100428
Chhattisgarh,Kawardha,2025-09-01,0.7502582187605198,0.7502582187605198,0.7502582187605198
Chhattisgarh,Kawardha,2025-10-01,-0.2304850738027845,-0.2304850738027845,-0.2304850738027845
Chhattisgarh,Kawardha,2025-11-01,0.14107290620513208,0.14107290620513208,0.14107290620513208
Chhattisgarh,Kawardha,2025-12-01,-0.08424017295792717,-0.08424017295792717,-0.08424017295792717
Chhattisgarh,Khairagarh Chhuikhadan Gandai,2025-06-01,-0.5367315722962291,-0.5367315722962291,-0.5367315722962291
Chhattisgarh,Khairagarh Chhuikhadan Gandai,2025-07-01,-0.28759219091617433,-0.28759219091617433,-0.28759219091617433
Chhattisgarh,Khairagarh Chhuikhadan Gandai,2025-09-01,0.39842060391937817,0.39842060391937817,0.39842060391937817
Chhattisgarh,Khairagarh Chhuikhadan Gandai,2025-10-01,-0.6513861165702853,-0.6513861165702853,-0.6513861165702853
Chhattisgarh,Khairagarh Chhuikhadan Gandai,2025-11-01,0.11871692211275194,0.11871692211275194,0.11871692211275194
Chhattisgarh,Khairagarh Chhuikhadan Gandai,2025-12-01,-0.5313010318111933,-0.5313010318111933,-0.5313010318111933
Chhattisgarh,Kondagaon,2025-03-01,-0.11488370788391587,-0.11488370788391587,-0.11488370788391587
Chhattisgarh,Kondagaon,2025-04-01,-0.07971423108165321,-0.07971423108165321,-0.07971423108165321
Chhattisgarh,Kondagaon,2025-05-01,-0.07196974559607973,-0.07196974559607973,-0.07196974559607973
Chhattisgarh,Kondagaon,2025-06-01,1.151748817613007,1.0826438885562266,1.0509707960718688
Chhattisgarh,Kondagaon,2025-07-01,0.11642847341369285,0.11642847341369285,0.11642847341369285
Chhattisgarh,Kondagaon,2025-09-01,0.6986598021009282,0.6986598021009282,0.6986598021009282
Chhattisgarh,Kondagaon,2025-10-01,-0.2834373504588307,-0.2834373504588307,-0.2834373504588307
Chhattisgarh,Kondagaon,2025-11-01,0.08456842355027014,0.08456842355027014,0.08456842355027014
Chhattisgarh,Kondagaon,2025-12-01,0.029862197243998096,0.029862197243998096,0.029862197243998096
Chhattisgarh,Korba,2025-03-01,0.48909496394526547,0.48909496394526547,0.48909496394526547
Chhattisgarh,Korba,2025-04-01,0.45778805587019444,0.45778805587019444,0.45778805587019444
Chhattisgarh,Korba,2025-05-01,0.43232978134170563,0.43232978134170563,0.43232978134170563
Chhattisgarh,Korba,2025-06-01,0.9021792883134045,0.9021792883134045,0.9021792883134045
Chhattisgarh,Korba,2025-07-01,0.7974728906895148,0.7974728906895148,0.7974728906895148
Chhattisgarh,Korba,2025-09-01,0.8101641139084719,0.8101641139084719,0.8101641139084719
Chhattisgarh,Korba,2025-10-01,-0.1540763110214737,-0.1540763110214737,-0.1540763110214737
Chhattisgarh,Korba,2025-11-01,-0.048327802240716616,-0.048327802240716616,-0.048327802240716616
Chhattisgarh,Korba,2025-12-01,-0.05523518889128638,-0.05523518889128638,-0.05523518889128638
Chhattisgarh,Koriya,2025-03-01,0.10200335376494604,0.10200335376494604,0.10200335376494604
Chhattisgarh,Koriya,2025-04-01,0.08510663156978054,0.08510663156978054,0.08510663156978054
Chhattisgarh,Koriya,2025-05-01,-0.001710899086185845,-0.001710899086185845,-0.001710899086185845
Chhattisgarh,Koriya,2025-06-01,0.3836852370951367,0.3836852370951367,0.3836852370951367
Chhattisgarh,Koriya,2025-07-01,0.12778614729959725,0.12778614729959725,0.12778614729959725
Chhattisgarh,Koriya,2025-09-01,0.7049989928350934,0.7049989928350934,0.7049989928350934
Chhattisgarh,Koriya,2025-10-01,-0.22835186928284323,-0.22835186928284323,-0.22835186928284323
Chhattisgarh,Koriya,2025-11-01,-0.08460685168861404,-0.08460685168861404,-0.08460685168861404
Chhattisgarh,Koriya,2025-12-01,-0.04903722781257726,-0.04903722781257726,-0.04903722781257726
Chhattisgarh,Mahasamund,2025-03-01,0.2063628201030358,0.2063628201030358,0.2063628201030358
Chhattisgarh,Mahasamund,2025-04-01,0.5318083086702872,0.5318083086702872,0.5318083086702872
Chhattisgarh,Mahasamund,2025-05-01,0.3911038516356312,0.3911038516356312,0.3911038516356312
Chhattisgarh,Mahasamund,2025-06-01,1.4376399306157055,1.351381534778763,1.3118464366868312
Chhattisgarh,Mahasamund,2025-07-01,0.6366324285534344,0.6366324285534344,0.6366324285534344
Chhattisgarh,Mahasamund,2025-09-01,0.7837070658174198,0.7837070658174198,0.7837070658174198
Chhattisgarh,Mahasamund,2025-10-01,-0.25892270944199014,-0.25892270944199014,-0.25892270944199014
Chhattisgarh,Mahasamund,2025-11-01,0.15111043562663706,0.15111043562663706,0.15111043562663706
Chhattisgarh,Mahasamund,2025-12-01,-0.1012931828252135,-0.1012931828252135,-0.1012931828252135
Chhattisgarh,ManendragarhChirmiriBharatpur,2025-04-01,-0.72613983110158,-0.72613983110158,-0.72613983110158
Chhattisgarh,ManendragarhChirmiriBharatpur,2025-06-01,-0.7416690639949659,-0.7416690639949659,-0.7416690639949659
Chhattisgarh,ManendragarhChirmiriBharatpur,2025-07-01,-0.847522730654459,-0.847522730654459,-0.847522730654459
Chhattisgarh,Manendragarh–Chirmiri–Bharatpur,2025-09-01,-0.4377220989957142,-0.4377220989957142,-0.4377220989957142
Chhattisgarh,Manendragarh–Chirmiri–Bharatpur,2025-10-01,-0.6147615107717608,-0.6147615107717608,-0.6147615107717608
Chhattisgarh,Manendragarh–Chirmiri–Bharatpur,2025-11-01,-0.27756419679433036,-0.27756419679433036,-0.27756419679433036
Chhattisgarh,Manendragarh–Chirmiri–Bharatpur,2025-12-01,-0.4612554028271698,-0.4612554028271698,-0.4612554028271698
Chhattisgarh,Mohalla-Manpur-Ambagarh Chowki,2025-03-01,-0.8272224423663302,-0.8272224423663302,-0.8272224423663302
Chhattisgarh,Mohalla-Manpur-Ambagarh Chowki,2025-09-01,-0.18389161063307258,-0.18389161063307258,-0.18389161063307258
Chhattisgarh,Mohalla-Manpur-Ambagarh Chowki,2025-10-01,-1.4787511504912167,-1.4787511504912167,-1.4787511504912167
Chhattisgarh,Mohalla-Manpur-Ambagarh Chowki,2025-11-01,-0.06721858770925616,-0.06721858770925616,-0.06721858770925616
Chhattisgarh,Mohalla-Manpur-Ambagarh Chowki,2025-12-01,-1.1029484975338946,-1.1029484975338946,-1.1029484975338946
Chhattisgarh,Mohla-Manpur-Ambagarh Chouki,2025-03-01,-0.43595657069514787,-0.43595657069514787,-0.43595657069514787
Chhattisgarh,Mohla-Manpur-Ambagarh Chouki,2025-04-01,-0.42031692587684905,-0.42031692587684905,-0.42031692587684905
Chhattisgarh,Mohla-Manpur-Ambagarh Chouki,2025-05-01,-0.42031692587684905,-0.42031692587684905,-0.42031692587684905
Chhattisgarh,Mohla-Manpur-Ambagarh Chouki,2025-06-01,-0.14751706263459013,-0.14751706263459013,-0.14751706263459013
Chhattisgarh,Mohla-Manpur-Ambagarh Chouki,2025-07-01,-0.13913855173595394,-0.13913855173595394,-0.13913855173595394
Chhattisgarh,Mohla-Manpur-Ambagarh Chouki,2025-09-01,0.563655762372608,0.563655762372608,0.563655762372608
Chhattisgarh,Mohla-Manpur-Ambagarh Chouki,2025-10-01,-0.5569929371508733,-0.5569929371508733,-0.5569929371508733
Chhattisgarh,Mohla-Manpur-Ambagarh Chouki,2025-11-01,-0.02498321150597666,-0.02498321150597666,-0.02498321150597666
Chhattisgarh,Mohla-Manpur-Ambagarh Chouki,2025-12-01,-0.37367823288789753,-0.37367823288789753,-0.37367823288789753
Chhattisgarh,Mungeli,2025-03-01,0.4429087140247707,0.4429087140247707,0.4429087140247707
Chhattisgarh,Mungeli,2025-04-01,0.18011488966953965,0.18011488966953965,0.18011488966953965
Chhattisgarh,Mungeli,2025-05-01,0.2167917510199008,0.2167917510199008,0.2167917510199008
Chhattisgarh,Mungeli,2025-06-01,0.32319628296665864,0.32319628296665864,0.32319628296665864
Chhattisgarh,Mungeli,2025-07-01,0.7484554235912488,0.7484554235912488,0.7484554235912488
Chhattisgarh,Mungeli,2025-09-01,0.7535029995131897,0.7535029995131897,0.7535029995131897
Chhattisgarh,Mungeli,2025-10-01,-0.1984189907084543,-0.1984189907084543,-0.1984189907084543
Chhattisgarh,Mungeli,2025-11-01,0.09775896101964636,0.09775896101964636,0.09775896101964636
Chhattisgarh,Mungeli,2025-12-01,-0.06881629076660535,-0.06881629076660535,-0.06881629076660535
Chhattisgarh,Narayanpur,2025-03-01,-0.10309603876958895,-0.10309603876958895,-0.10309603876958895
Chhattisgarh,Narayanpur,2025-04-01,-0.16720099473593336,-0.16720099473593336,-0.16720099473593336
Chhattisgarh,Narayanpur,2025-05-01,-0.2176075047982125,-0.2176075047982125,-0.2176075047982125
Chhattisgarh,Narayanpur,2025-06-01,-0.23418158162713099,-0.23418158162713099,-0.23418158162713099
Chhattisgarh,Narayanpur,2025-07-01,0.2620156739938585,0.2620156739938585,0.2620156739938585
Chhattisgarh,Narayanpur,2025-09-01,0.5600633138083333,0.5600633138083333,0.5600633138083333
Chhattisgarh,Narayanpur,2025-10-01,-0.5547071537463806,-0.5547071537463806,-0.5547071537463806
Chhattisgarh,Narayanpur,2025-11-01,-0.03614134980963839,-0.03614134980963839,-0.03614134980963839
Chhattisgarh,Narayanpur,2025-12-01,-0.24916801739316988,-0.24916801739316988,-0.24916801739316988
Chhattisgarh,Raigarh,2025-03-01,0.8348733705184792,0.8348733705184792,0.8348733705184792
Chhattisgarh,Raigarh,2025-04-01,0.5934705094279092,0.5934705094279092,0.5934705094279092
Chhattisgarh,Raigarh,2025-05-01,0.488249107797582,0.488249107797582,0.488249107797582
Chhattisgarh,Raigarh,2025-06-01,0.6613164908937315,0.6613164908937315,0.6613164908937315
Chhattisgarh,Raigarh,2025-07-01,0.8793202816393058,0.8793202816393058,0.8793202816393058
Chhattisgarh,Raigarh,2025-09-01,0.08175221454093459,0.08175221454093459,0.08175221454093459
Chhattisgarh,Raigarh,2025-10-01,-0.17544522798459067,-0.17544522798459067,-0.17544522798459067
Chhattisgarh,Raigarh,2025-11-01,0.21279676697288596,0.21279676697288596,0.21279676697288596
Chhattisgarh,Raigarh,2025-12-01,-0.006911014208193882,-0.006911014208193882,-0.006911014208193882
Chhattisgarh,Raipur,2025-03-01,0.09669603069602709,0.09669603069602709,0.09669603069602709
Chhattisgarh,Raipur,2025-04-01,0.8997621435187241,0.8997621435187241,0.8997621435187241
Chhattisgarh,Raipur,2025-05-01,0.6882569852545619,0.6882569852545619,0.6882569852545619
Chhattisgarh,Raipur,2025-06-01,1.4741125282906755,1.385665776593235,1.3451276820652414
Chhattisgarh,Raipur,2025-07-01,1.2090147290180302,1.1364738452769483,1.1032259402289526
Chhattisgarh,Raipur,2025-09-01,0.8704914025570636,0.8704914025570636,0.8704914025570636
Chhattisgarh,Raipur,2025-10-01,-0.21663545470468837,-0.21663545470468837,-0.21663545470468837
Chhattisgarh,Raipur,2025-11-01,0.4494836066947002,0.4494836066947002,0.4494836066947002
Chhattisgarh,Raipur,2025-12-01,-0.04821100470498807,-0.04821100470498807,-0.04821100470498807
Chhattisgarh,Rajnandgaon,2025-03-01,0.9775790263046965,0.9775790263046965,0.9775790263046965
Chhattisgarh,Rajnandgaon,2025-04-01,0.6582109112755321,0.6582109112755321,0.6582109112755321
Chhattisgarh,Rajnandgaon,2025-05-01,0.487743505195225,0.487743505195225,0.487743505195225
Chhattisgarh,Rajnandgaon,2025-06-01,1.8189927967428026,1.7098532289382342,1.6598309270278073
Chhattisgarh,Rajnandgaon,2025-07-01,0.5925242563198724,0.5925242563198724,0.5925242563198724
Chhattisgarh,Rajnandgaon,2025-09-01,0.8444224672953397,0.8444224672953397,0.8444224672953397
Chhattisgarh,Rajnandgaon,2025-10-01,-0.17905480806407156,-0.17905480806407156,-0.17905480806407156
Chhattisgarh,Rajnandgaon,2025-11-01,0.4865025947192787,0.4865025947192787,0.4865025947192787
Chhattisgarh,Rajnandgaon,2025-12-01,-0.03387547115881005,-0.03387547115881005,-0.03387547115881005
Chhattisgarh,Sakti,2025-03-01,-0.41975963871258676,-0.41975963871258676,-0.41975963871258676
Chhattisgarh,Sakti,2025-04-01,-0.4905202825118604,-0.4905202825118604,-0.4905202825118604
Chhattisgarh,Sakti,2025-05-01,-0.5557511006363203,-0.5557511006363203,-0.5557511006363203
Chhattisgarh,Sakti,2025-06-01,-0.3821056358968637,-0.3821056358968637,-0.3821056358968637
Chhattisgarh,Sakti,2025-07-01,-0.44356474098256804,-0.44356474098256804,-0.44356474098256804
Chhattisgarh,Sakti,2025-09-01,0.47665271238546375,0.47665271238546375,0.47665271238546375
Chhattisgarh,Sakti,2025-10-01,-0.6556950436315454,-0.6556950436315454,-0.6556950436315454
Chhattisgarh,Sakti,2025-11-01,0.037650240012304284,0.037650240012304284,0.037650240012304284
Chhattisgarh,Sakti,2025-12-01,-0.41906229929047534,-0.41906229929047534,-0.41906229929047534
Chhattisgarh,Sarangarh-Bilaigarh,2025-09-01,-0.39660818875326936,-0.39660818875326936,-0.39660818875326936
Chhattisgarh,Sarangarh-Bilaigarh,2025-10-01,-0.3993111281075934,-0.3993111281075934,-0.3993111281075934
Chhattisgarh,Sarangarh-Bilaigarh,2025-11-01,-0.058115111119809125,-0.058115111119809125,-0.058115111119809125
Chhattisgarh,Sarangarh-Bilaigarh,2025-12-01,-0.0072753887838525565,-0.0072753887838525565,-0.0072753887838525565
Chhattisgarh,Sukma,2025-03-01,-0.18342398376107089,-0.18342398376107089,-0.18342398376107089
Chhattisgarh,Sukma,2025-04-01,0.5247345124371076,0.5247345124371076,0.5247345124371076
Chhattisgarh,Sukma,2025-05-01,-0.4318807478415843,-0.4318807478415843,-0.4318807478415843
Chhattisgarh,Sukma,2025-06-01,-0.5178870114994087,-0.5178870114994087,-0.5178870114994087
Chhattisgarh,Sukma,2025-07-01,0.6284389264204313,0.6284389264204313,0.6284389264204313
Chhattisgarh,Sukma,2025-09-01,-0.2451631801295258,-0.2451631801295258,-0.2451631801295258
Chhattisgarh,Sukma,2025-10-01,-0.4146814140469689,-0.4146814140469689,-0.4146814140469689
Chhattisgarh,Sukma,2025-11-01,-0.08582201842180306,-0.08582201842180306,-0.08582201842180306
Chhattisgarh,Sukma,2025-12-01,0.22897770560745534,0.22897770560745534,0.22897770560745534
Chhattisgarh,Surajpur,2025-03-01,0.2835025034684321,0.2835025034684321,0.2835025034684321
Chhattisgarh,Surajpur,2025-04-01,0.14614568483450646,0.14614568483450646,0.14614568483450646
Chhattisgarh,Surajpur,2025-05-01,0.013279455853793367,0.013279455853793367,0.013279455853793367
Chhattisgarh,Surajpur,2025-06-01,0.22981038451128238,0.22981038451128238,0.22981038451128238
Chhattisgarh,Surajpur,2025-07-01,0.13695452887689252,0.13695452887689252,0.13695452887689252
Chhattisgarh,Surajpur,2025-09-01,0.7927726883370111,0.7927726883370111,0.7927726883370111
Chhattisgarh,Surajpur,2025-10-01,-0.23412159295547547,-0.23412159295547547,-0.23412159295547547
Chhattisgarh,Surajpur,2025-11-01,0.0627450236362307,0.0627450236362307,0.0627450236362307
Chhattisgarh,Surajpur,2025-12-01,0.015774608827852796,0.015774608827852796,0.015774608827852796
Chhattisgarh,Surguja,2025-03-01,0.39589257212429324,0.39589257212429324,0.39589257212429324
Chhattisgarh,Surguja,2025-04-01,0.49919377750022,0.49919377750022,0.49919377750022
Chhattisgarh,Surguja,2025-05-01,0.2273959490357072,0.2273959490357072,0.2273959490357072
Chhattisgarh,Surguja,2025-06-01,0.5201626537165505,0.5201626537165505,0.5201626537165505
Chhattisgarh,Surguja,2025-07-01,0.8160294886615708,0.8160294886615708,0.8160294886615708
Chhattisgarh,Surguja,2025-09-01,0.838316128667743,0.838316128667743,0.838316128667743
Chhattisgarh,Surguja,2025-10-01,-0.2751852380928266,-0.2751852380928266,-0.2751852380928266
Chhattisgarh,Surguja,2025-11-01,0.22927903266427363,0.22927903266427363,0.22927903266427363
Chhattisgarh,Surguja,2025-12-01,0.04163960889345465,0.04163960889345465,0.04163960889345465
Chhattisgarh,Uttar Bastar Kanker,2025-03-01,-0.209426018874643,-0.209426018874643,-0.209426018874643
Chhattisgarh,Uttar Bastar Kanker,2025-04-01,-0.22270624886156265,-0.22270624886156265,-0.22270624886156265
Chhattisgarh,Uttar Bastar Kanker,2025-05-01,-0.1925698210611096,-0.1925698210611096,-0.1925698210611096
Chhattisgarh,Uttar Bastar Kanker,2025-06-01,-0.006987813657332392,-0.006987813657332392,-0.006987813657332392
Chhattisgarh,Uttar Bastar Kanker,2025-07-01,-0.12131959512608807,-0.12131959512608807,-0.12131959512608807
Chhattisgarh,Uttar Bastar Kanker,2025-09-01,0.6162336965842317,0.6162336965842317,0.6162336965842317
Chhattisgarh,Uttar Bastar Kanker,2025-10-01,-0.4119087341787106,-0.4119087341787106,-0.4119087341787106
Chhattisgarh,Uttar Bastar Kanker,2025-11-01,0.0028425750584522777,0.0028425750584522777,0.0028425750584522777
Chhattisgarh,Uttar Bastar Kanker,2025-12-01,-0.017457808045091186,-0.017457808045091186,-0.017457808045091186
Dadra & Nagar Haveli,Dadra & Nagar Haveli,2025-03-01,-0.7194610610922132,-0.7194610610922132,-0.7194610610922132
Dadra & Nagar Haveli,Dadra & Nagar Haveli,2025-05-01,-0.7480790843142311,-0.7480790843142311,-0.7480790843142311
Dadra & Nagar Haveli,Dadra & Nagar Haveli,2025-09-01,0.10663244502813392,0.10663244502813392,0.10663244502813392
Dadra & Nagar Haveli,Dadra & Nagar Haveli,2025-10-01,-1.0717103562802186,-1.0717103562802186,-1.0717103562802186
Dadra & Nagar Haveli,Dadra & Nagar Haveli,2025-11-01,-0.3094154271319771,-0.3094154271319771,-0.3094154271319771
Dadra & Nagar Haveli,Dadra & Nagar Haveli,2025-12-01,-0.9980562616212989,-0.9980562616212989,-0.9980562616212989
Dadra and Nagar Haveli,Dadra and Nagar Haveli,2025-03-01,-0.11918117803946925,-0.11918117803946925,-0.11918117803946925
Dadra and Nagar Haveli,Dadra and Nagar Haveli,2025-04-01,-0.08624014190149151,-0.08624014190149151,-0.08624014190149151
Dadra and Nagar Haveli,Dadra and Nagar Haveli,2025-05-01,-0.13066217540022582,-0.13066217540022582,-0.13066217540022582
Dadra and Nagar Haveli,Dadra and Nagar Haveli,2025-06-01,-0.1683879149464852,-0.1683879149464852,-0.1683879149464852
Dadra and Nagar Haveli,Dadra and Nagar Haveli,2025-07-01,-0.15720979290525233,-0.15720979290525233,-0.15720979290525233
Dadra and Nagar Haveli,Dadra and Nagar Haveli,2025-09-01,0.673408112385,0.673408112385,0.673408112385
Dadra and Nagar Haveli,Dadra and Nagar Haveli,2025-10-01,-0.6448956424284727,-0.6448956424284727,-0.6448956424284727
Dadra and Nagar Haveli,Dadra and Nagar Haveli,2025-11-01,-0.05475851476857442,-0.05475851476857442,-0.05475851476857442
Dadra and Nagar Haveli,Dadra and Nagar Haveli,2025-12-01,-0.3714450449560935,-0.3714450449560935,-0.3714450449560935
Dadra and Nagar Haveli and Daman and Diu,Dadra and Nagar Haveli,2025-03-01,-0.5610542302886476,-0.5610542302886476,-0.5610542302886476
Dadra and Nagar Haveli and Daman and Diu,Dadra and Nagar Haveli,2025-04-01,-0.5923146543294497,-0.5923146543294497,-0.5923146543294497
Dadra and Nagar Haveli and Daman and Diu,Dadra and Nagar Haveli,2025-05-01,-0.5748457536143101,-0.5748457536143101,-0.5748457536143101
Dadra and Nagar Haveli and Daman and Diu,Dadra and Nagar Haveli,2025-06-01,-0.6364584069120058,-0.6364584069120058,-0.6364584069120058
Dadra and Nagar Haveli and Daman and Diu,Dadra and Nagar Haveli,2025-07-01,-0.5898462470819936,-0.5898462470819936,-0.5898462470819936
Dadra and Nagar Haveli and Daman and Diu,Dadra and Nagar Haveli,2025-09-01,0.31179988115875773,0.31179988115875773,0.31179988115875773
Dadra and Nagar Haveli and Daman and Diu,Dadra and Nagar Haveli,2025-10-01,-0.9178856646535054,-0.9178856646535054,-0.9178856646535054
Dadra and Nagar Haveli and Daman and Diu,Dadra and Nagar Haveli,2025-11-01,-0.22320017579269838,-0.22320017579269838,-0.22320017579269838
Dadra and Nagar Haveli and Daman and Diu,Dadra and Nagar Haveli,2025-12-01,-0.4910894902037462,-0.4910894902037462,-0.4910894902037462
Dadra and Nagar Haveli and Daman and Diu,Daman,2025-03-01,-0.47451887392041836,-0.47451887392041836,-0.47451887392041836
Dadra and Nagar Haveli and Daman and Diu,Daman,2025-04-01,-0.7520558186411681,-0.7520558186411681,-0.7520558186411681
Dadra and Nagar Haveli and Daman and Diu,Daman,2025-05-01,-0.7916172707528105,-0.7916172707528105,-0.7916172707528105
Dadra and Nagar Haveli and Daman and Diu,Daman,2025-06-01,-0.8287249787758211,-0.8287249787758211,-0.8287249787758211
Dadra and Nagar Haveli and Daman and Diu,Daman,2025-07-01,-0.7881866651900089,-0.7881866651900089,-0.7881866651900089
Dadra and Nagar Haveli and Daman and Diu,Daman,2025-09-01,0.18305876438883995,0.18305876438883995,0.18305876438883995
Dadra and Nagar Haveli and Daman and Diu,Daman,2025-10-01,-1.0674283269832499,-1.0674283269832499,-1.0674283269832499
Dadra and Nagar Haveli and Daman and Diu,Daman,2025-11-01,0.23558914537601397,0.23558914537601397,0.23558914537601397
Dadra and Nagar Haveli and Daman and Diu,Daman,2025-12-01,-0.6636431847087138,-0.6636431847087138,-0.6636431847087138
Dadra and Nagar Haveli and Daman and Diu,Diu,2025-03-01,-0.6729720317733809,-0.6729720317733809,-0.6729720317733809
Dadra and Nagar Haveli and Daman and Diu,Diu,2025-09-01,-0.03145615031483,-0.03145615031483,-0.03145615031483
Dadra and Nagar Haveli and Daman and Diu,Diu,2025-10-01,-1.3606160562286311,-1.3606160562286311,-1.3606160562286311
Dadra and Nagar Haveli and Daman and Diu,Diu,2025-11-01,-0.031403619423663154,-0.031403619423663154,-0.031403619423663154
Dadra and Nagar Haveli and Daman and Diu,Diu,2025-12-01,-0.9511155170010752,-0.9511155170010752,-0.9511155170010752
Daman & Diu,Daman,2025-03-01,-0.5989069498451939,-0.5989069498451939,-0.5989069498451939
Daman & Diu,Daman,2025-04-01,-0.687064474303444,-0.687064474303444,-0.687064474303444
Daman & Diu,Daman,2025-05-01,-0.6784241397237186,-0.6784241397237186,-0.6784241397237186
Daman & Diu,Daman,2025-06-01,-0.7227649093683214,-0.7227649093683214,-0.7227649093683214
Daman & Diu,Daman,2025-07-01,-0.7250067658593374,-0.7250067658593374,-0.7250067658593374
Daman & Diu,Daman,2025-09-01,0.16572070938147992,0.16572070938147992,0.16572070938147992
Daman & Diu,Daman,2025-10-01,-1.0275846139312044,-1.0275846139312044,-1.0275846139312044
Daman & Diu,Daman,2025-11-01,-0.23820182532349587,-0.23820182532349587,-0.23820182532349587
Daman & Diu,Daman,2025-12-01,-0.39402555338711276,-0.39402555338711276,-0.39402555338711276
Daman & Diu,Diu,2025-03-01,-0.8378338656819576,-0.8378338656819576,-0.8378338656819576
Daman & Diu,Diu,2025-04-01,-1.004311224695284,-1.004311224695284,-1.004311224695284
Daman & Diu,Diu,2025-05-01,-0.7416690639949659,-0.7416690639949659,-0.7416690639949659
Daman & Diu,Diu,2025-07-01,-0.6557179781271557,-0.6557179781271557,-0.6557179781271557
Daman & Diu,Diu,2025-09-01,0.107872271877079,0.107872271877079,0.107872271877079
Daman & Diu,Diu,2025-10-01,-1.124931913619245,-1.124931913619245,-1.124931913619245
Daman & Diu,Diu,2025-11-01,-0.8775872707108829,-0.8775872707108829,-0.8775872707108829
Daman & Diu,Diu,2025-12-01,0.1793935069210997,0.1793935069210997,0.1793935069210997
Daman and Diu,Daman,2025-03-01,-0.4489660810028872,-0.4489660810028872,-0.4489660810028872
Daman and Diu,Daman,2025-04-01,-0.491925276801898,-0.491925276801898,-0.491925276801898
Daman and Diu,Daman,2025-05-01,-0.5338697784573534,-0.5338697784573534,-0.5338697784573534
Daman and Diu,Daman,2025-06-01,-0.5803172408887936,-0.5803172408887936,-0.5803172408887936
Daman and Diu,Daman,2025-07-01,-0.5411126209053453,-0.5411126209053453,-0.5411126209053453
Daman and Diu,Daman,2025-09-01,0.365716413623761,0.365716413623761,0.365716413623761
Daman and Diu,Daman,2025-10-01,-0.8495946569535665,-0.8495946569535665,-0.8495946569535665
Daman and Diu,Daman,2025-11-01,0.3266694884806762,0.3266694884806762,0.3266694884806762
Daman and Diu,Daman,2025-12-01,-0.6449185510697639,-0.6449185510697639,-0.6449185510697639
Daman and Diu,Diu,2025-03-01,-0.5739506181758339,-0.5739506181758339,-0.5739506181758339
Daman and Diu,Diu,2025-04-01,-0.5635575687433235,-0.5635575687433235,-0.5635575687433235
Daman and Diu,Diu,2025-05-01,-0.5789328476699975,-0.5789328476699975,-0.5789328476699975
Daman and Diu,Diu,2025-06-01,-0.6338837500033193,-0.6338837500033193,-0.6338837500033193
Daman and Diu,Diu,2025-07-01,-0.5557511006363203,-0.5557511006363203,-0.5557511006363203
Daman and Diu,Diu,2025-09-01,0.2183197477639609,0.2183197477639609,0.2183197477639609
Daman and Diu,Diu,2025-10-01,-0.6150050450386924,-0.6150050450386924,-0.6150050450386924
Daman and Diu,Diu,2025-11-01,-0.3240794089992586,-0.3240794089992586,-0.3240794089992586
Daman and Diu,Diu,2025-12-01,-0.6305418441633741,-0.6305418441633741,-0.6305418441633741
Darbhanga,Near University Thana,2025-12-01,-1.2932484716713615,-1.2932484716713615,-1.2932484716713615
Delhi,Central Delhi,2025-03-01,0.4991448111966233,0.4991448111966233,0.4991448111966233
Delhi,Central Delhi,2025-04-01,0.8716082510296195,0.8716082510296195,0.8716082510296195
Delhi,Central Delhi,2025-05-01,0.5193208295501683,0.5193208295501683,0.5193208295501683
Delhi,Central Delhi,2025-06-01,-0.2688234802011027,-0.2688234802011027,-0.2688234802011027
Delhi,Central Delhi,2025-07-01,0.6942521972140998,0.6942521972140998,0.6942521972140998
Delhi,Central Delhi,2025-09-01,-0.274267979567925,-0.274267979567925,-0.274267979567925
Delhi,Central Delhi,2025-10-01,-0.4108920789502687,-0.4108920789502687,-0.4108920789502687
Delhi,Central Delhi,2025-11-01,0.1587928681598788,0.1587928681598788,0.1587928681598788
Delhi,Central Delhi,2025-12-01,-0.2106582273236212,-0.2106582273236212,-0.2106582273236212
Delhi,East Delhi,2025-03-01,0.8744165391757897,0.8744165391757897,0.8744165391757897
Delhi,East Delhi,2025-04-01,1.0186461589864226,1.0186461589864226,1.0186461589864226
Delhi,East Delhi,2025-05-01,0.34711544673396194,0.34711544673396194,0.34711544673396194
Delhi,East Delhi,2025-06-01,-0.020272940153221557,-0.020272940153221557,-0.020272940153221557
Delhi,East Delhi,2025-07-01,0.528040484860235,0.528040484860235,0.528040484860235
Delhi,East Delhi,2025-09-01,0.05214070632287077,0.05214070632287077,0.05214070632287077
Delhi,East Delhi,2025-10-01,-0.28251378175499753,-0.28251378175499753,-0.28251378175499753
Delhi,East Delhi,2025-11-01,0.18696939880569743,0.18696939880569743,0.18696939880569743
Delhi,East Delhi,2025-12-01,-0.08733416863809298,-0.08733416863809298,-0.08733416863809298
Delhi,Najafgarh,2025-03-01,-0.6678473338579191,-0.6678473338579191,-0.6678473338579191
Delhi,Najafgarh,2025-04-01,-0.6499784958441961,-0.6499784958441961,-0.6499784958441961
Delhi,Najafgarh,2025-05-01,-0.6888502035954069,-0.6888502035954069,-0.6888502035954069
Delhi,Najafgarh,2025-09-01,0.10125028942781883,0.10125028942781883,0.10125028942781883
Delhi,Najafgarh,2025-10-01,-1.1768387129530613,-1.1768387129530613,-1.1768387129530613
Delhi,Najafgarh,2025-11-01,0.05456950021173501,0.05456950021173501,0.05456950021173501
Delhi,Najafgarh,2025-12-01,-1.0377086802412032,-1.0377086802412032,-1.0377086802412032
Delhi,New Delhi,2025-03-01,-0.25098854595576214,-0.25098854595576214,-0.25098854595576214
Delhi,New Delhi,2025-04-01,-0.4392149467651159,-0.4392149467651159,-0.4392149467651159
Delhi,New Delhi,2025-05-01,-0.5096681194607668,-0.5096681194607668,-0.5096681194607668
Delhi,New Delhi,2025-06-01,0.36835779072215113,0.36835779072215113,0.36835779072215113
Delhi,New Delhi,2025-07-01,0.3225641730541094,0.3225641730541094,0.3225641730541094
Delhi,New Delhi,2025-09-01,-0.8521195148144564,-0.8521195148144564,-0.8521195148144564
Delhi,New Delhi,2025-10-01,-0.7506468286020667,-0.7506468286020667,-0.7506468286020667
Delhi,New Delhi,2025-11-01,-0.09464302827004602,-0.09464302827004602,-0.09464302827004602
Delhi,New Delhi,2025-12-01,-0.4652486391123961,-0.4652486391123961,-0.4652486391123961
Delhi,North Delhi,2025-03-01,0.4925519335010462,0.4925519335010462,0.4925519335010462
Delhi,North Delhi,2025-04-01,0.8276840708684234,0.8276840708684234,0.8276840708684234
Delhi,North Delhi,2025-05-01,0.5493983021802082,0.5493983021802082,0.5493983021802082
Delhi,North Delhi,2025-06-01,0.8151116417193972,0.8151116417193972,0.8151116417193972
Delhi,North Delhi,2025-07-01,0.22712718444390848,0.22712718444390848,0.22712718444390848
Delhi,North Delhi,2025-09-01,-0.09783010948135099,-0.09783010948135099,-0.09783010948135099
Delhi,North Delhi,2025-10-01,-0.3803351038630336,-0.3803351038630336,-0.3803351038630336
Delhi,North Delhi,2025-11-01,0.27513552589110757,0.27513552589110757,0.27513552589110757
Delhi,North Delhi,2025-12-01,-0.15726806668567028,-0.15726806668567028,-0.15726806668567028
Delhi,North East,2025-03-01,0.07577525234296664,0.07577525234296664,0.07577525234296664
Delhi,North East,2025-04-01,0.3326985894707411,0.3326985894707411,0.3326985894707411
Delhi,North East,2025-05-01,0.1314627346008892,0.1314627346008892,0.1314627346008892
Delhi,North East,2025-06-01,-0.04786139388672411,-0.04786139388672411,-0.04786139388672411
Delhi,North East,2025-07-01,-0.008502867111682542,-0.008502867111682542,-0.008502867111682542
Delhi,North East,2025-09-01,0.6229554182498505,0.6229554182498505,0.6229554182498505
Delhi,North East,2025-10-01,-0.4720477831855924,-0.4720477831855924,-0.4720477831855924
Delhi,North East,2025-11-01,-0.05048823592289094,-0.05048823592289094,-0.05048823592289094
Delhi,North East,2025-12-01,-0.2533826917887354,-0.2533826917887354,-0.2533826917887354
Delhi,North East   *,2025-09-01,-1.4561227174749103,-1.4561227174749103,-1.4561227174749103
Delhi,North East Delhi,2025-03-01,0.8862043480191764,0.8862043480191764,0.8862043480191764
Delhi,North East Delhi,2025-04-01,1.7387348068617128,1.6344107184500098,1.5865955112613128
Delhi,North East Delhi,2025-05-01,1.1601849868005314,1.0905738875924995,1.058668800455485
Delhi,North East Delhi,2025-06-01,0.9077001883839344,0.9077001883839344,0.9077001883839344
Delhi,North East Delhi,2025-07-01,0.8674404733718798,0.8674404733718798,0.8674404733718798
Delhi,North East Delhi,2025-09-01,-0.20046003548189845,-0.20046003548189845,-0.20046003548189845
Delhi,North East Delhi,2025-10-01,-0.2400991640178704,-0.2400991640178704,-0.2400991640178704
Delhi,North East Delhi,2025-11-01,0.08235125920517333,0.08235125920517333,0.08235125920517333
Delhi,North East Delhi,2025-12-01,-0.05232196112995911,-0.05232196112995911,-0.05232196112995911
Delhi,North West Delhi,2025-03-01,0.31648152314901834,0.31648152314901834,0.31648152314901834
Delhi,North West Delhi,2025-04-01,1.1171832680091036,1.0501522719285574,1.019429732058307
Delhi,North West Delhi,2025-05-01,0.02020007885055751,0.02020007885055751,0.02020007885055751
Delhi,North West Delhi,2025-06-01,0.24976304056780887,0.24976304056780887,0.24976304056780887
Delhi,North West Delhi,2025-07-01,0.4191214348090443,0.4191214348090443,0.4191214348090443
Delhi,North West Delhi,2025-09-01,0.9581326313145231,0.9581326313145231,0.9581326313145231
Delhi,North West Delhi,2025-10-01,-0.1510242293752298,-0.1510242293752298,-0.1510242293752298
Delhi,North West Delhi,2025-11-01,0.40625247740180487,0.40625247740180487,0.40625247740180487
Delhi,North West Delhi,2025-12-01,0.07497680253297165,0.07497680253297165,0.07497680253297165
Delhi,Shahdara,2025-03-01,-0.041197258439027634,-0.041197258439027634,-0.041197258439027634
Delhi,Shahdara,2025-04-01,0.6737688802586764,0.6737688802586764,0.6737688802586764
Delhi,Shahdara,2025-05-01,-0.6287066572139344,-0.6287066572139344,-0.6287066572139344
Delhi,Shahdara,2025-06-01,-0.5124815869622885,-0.5124815869622885,-0.5124815869622885
Delhi,Shahdara,2025-07-01,0.7074747962212171,0.7074747962212171,0.7074747962212171
Delhi,Shahdara,2025-09-01,-0.632148957596476,-0.632148957596476,-0.632148957596476
Delhi,Shahdara,2025-10-01,-0.6748843905483486,-0.6748843905483486,-0.6748843905483486
Delhi,Shahdara,2025-11-01,0.10555463421256647,0.10555463421256647,0.10555463421256647
Delhi,Shahdara,2025-12-01,-0.3760948136741998,-0.3760948136741998,-0.3760948136741998
Delhi,South Delhi,2025-03-01,1.7266584920256993,1.6230589825041573,1.5755758739734507
Delhi,South Delhi,2025-04-01,1.0944568934017664,1.0944568934017664,1.0944568934017664
Delhi,South Delhi,2025-05-01,-0.03769710973107937,-0.03769710973107937,-0.03769710973107937
Delhi,South Delhi,2025-06-01,0.8451885024723993,0.8451885024723993,0.8451885024723993
Delhi,South Delhi,2025-07-01,0.3055432681388257,0.3055432681388257,0.3055432681388257
Delhi,South Delhi,2025-09-01,0.7359658213698967,0.7359658213698967,0.7359658213698967
Delhi,South Delhi,2025-10-01,-0.16765296046771813,-0.16765296046771813,-0.16765296046771813
Delhi,South Delhi,2025-11-01,0.28449969167722466,0.28449969167722466,0.28449969167722466
Delhi,South Delhi,2025-12-01,-0.0007382542584577559,-0.0007382542584577559,-0.0007382542584577559
Delhi,South East Delhi,2025-03-01,-0.847522730654459,-0.847522730654459,-0.847522730654459
Delhi,South East Delhi,2025-04-01,-0.7429301343599384,-0.7429301343599384,-0.7429301343599384
Delhi,South East Delhi,2025-05-01,-0.7987172079251836,-0.7987172079251836,-0.7987172079251836
Delhi,South East Delhi,2025-06-01,-0.8265303484109311,-0.8265303484109311,-0.8265303484109311
Delhi,South East Delhi,2025-07-01,-0.7442014956521548,-0.7442014956521548,-0.7442014956521548
Delhi,South East Delhi,2025-09-01,0.16735861006601024,0.16735861006601024,0.16735861006601024
Delhi,South East Delhi,2025-10-01,-0.9364278841974215,-0.9364278841974215,-0.9364278841974215
Delhi,South East Delhi,2025-11-01,0.2360202823930986,0.2360202823930986,0.2360202823930986
Delhi,South East Delhi,2025-12-01,-0.6621862443188741,-0.6621862443188741,-0.6621862443188741
Delhi,South West Delhi,2025-03-01,1.4599408113850878,1.3723443627019825,1.3321959903888927
Delhi,South West Delhi,2025-04-01,1.0157969542910847,1.0157969542910847,1.0157969542910847
Delhi,South West Delhi,2025-05-01,0.007054614810906301,0.007054614810906301,0.007054614810906301
Delhi,South West Delhi,2025-06-01,-0.18813910225927455,-0.18813910225927455,-0.18813910225927455
Delhi,South West Delhi,2025-07-01,0.6172554053935685,0.6172554053935685,0.6172554053935685
Delhi,South West Delhi,2025-09-01,0.8643250616640198,0.8643250616640198,0.8643250616640198
Delhi,South West Delhi,2025-10-01,-0.2461621599519621,-0.2461621599519621,-0.2461621599519621
Delhi,South West Delhi,2025-11-01,0.20329684671019302,0.20329684671019302,0.20329684671019302
Delhi,South West Delhi,2025-12-01,-0.0022027262487186693,-0.0022027262487186693,-0.0022027262487186693
Delhi,West Delhi,2025-03-01,0.21064771239809826,0.21064771239809826,0.21064771239809826
Delhi,West Delhi,2025-04-01,1.053082290384949,1.053082290384949,1.053082290384949
Delhi,West Delhi,2025-05-01,0.13360595361092364,0.13360595361092364,0.13360595361092364
Delhi,West Delhi,2025-06-01,0.23039354715026927,0.23039354715026927,0.23039354715026927
Delhi,West Delhi,2025-07-01,0.6536469082280408,0.6536469082280408,0.6536469082280408
Delhi,West Delhi,2025-09-01,-0.15947939129993272,-0.15947939129993272,-0.15947939129993272
Delhi,West Delhi,2025-10-01,-0.24415476423962124,-0.24415476423962124,-0.24415476423962124
Delhi,West Delhi,2025-11-01,0.28393083101423966,0.28393083101423966,0.28393083101423966
Delhi,West Delhi,2025-12-01,-0.006725944314392121,-0.006725944314392121,-0.006725944314392121
Goa,Bardez,2025-09-01,-1.0360463069898782,-1.0360463069898782,-1.0360463069898782
Goa,Bardez,2025-10-01,-1.4787002612297901,-1.4787002612297901,-1.4787002612297901
Goa,Bardez,2025-11-01,-0.2080060607897274,-0.2080060607897274,-0.2080060607897274
Goa,Bardez,2025-12-01,-1.3810400064757795,-1.3810400064757795,-1.3810400064757795
Goa,Bicholim,2025-10-01,-1.2932484716713615,-1.2932484716713615,-1.2932484716713615
Goa,Bicholim,2025-12-01,-1.2932484716713615,-1.2932484716713615,-1.2932484716713615
Goa,North Goa,2025-03-01,0.11584285610346126,0.11584285610346126,0.11584285610346126
Goa,North Goa,2025-04-01,-0.024319543670548276,-0.024319543670548276,-0.024319543670548276
Goa,North Goa,2025-05-01,-0.0791246769374743,-0.0791246769374743,-0.0791246769374743
Goa,North Goa,2025-06-01,-0.11509892286433154,-0.11509892286433154,-0.11509892286433154
Goa,North Goa,2025-07-01,0.6126652692136835,0.6126652692136835,0.6126652692136835
Goa,North Goa,2025-09-01,0.6643015991770905,0.6643015991770905,0.6643015991770905
Goa,North Goa,2025-10-01,-0.3879968528798743,-0.3879968528798743,-0.3879968528798743
Goa,North Goa,2025-11-01,0.09008021083357362,0.09008021083357362,0.09008021083357362
Goa,North Goa,2025-12-01,-0.29255456432279175,-0.29255456432279175,-0.29255456432279175
Goa,South Goa,2025-03-01,0.08670003542958438,0.08670003542958438,0.08670003542958438
Goa,South Goa,2025-04-01,-0.09520796910411723,-0.09520796910411723,-0.09520796910411723
Goa,South Goa,2025-05-01,-0.07573076558841678,-0.07573076558841678,-0.07573076558841678
Goa,South Goa,2025-06-01,-0.13379450970981782,-0.13379450970981782,-0.13379450970981782
Goa,South Goa,2025-07-01,-0.16280007798994073,-0.16280007798994073,-0.16280007798994073
Goa,South Goa,2025-09-01,0.6352879937538484,0.6352879937538484,0.6352879937538484
Goa,South Goa,2025-10-01,-0.4218756631016347,-0.4218756631016347,-0.4218756631016347
Goa,South Goa,2025-11-01,0.13009872224334185,0.13009872224334185,0.13009872224334185
Goa,South Goa,2025-12-01,-0.3810797203878081,-0.3810797203878081,-0.3810797203878081
Goa,Tiswadi,2025-09-01,-1.2505872131043743,-1.2505872131043743,-1.2505872131043743
Goa,Tiswadi,2025-11-01,-1.3533429602460259,-1.3533429602460259,-1.3533429602460259
Goa,Tiswadi,2025-12-01,-1.2932484716713615,-1.2932484716713615,-1.2932484716713615
Gujarat,Ahmadabad,2025-03-01,-0.4459977214627985,-0.4459977214627985,-0.4459977214627985
Gujarat,Ahmadabad,2025-04-01,-0.35864108637163883,-0.35864108637163883,-0.35864108637163883
Gujarat,Ahmadabad,2025-05-01,-0.18921214226494298,-0.18921214226494298,-0.18921214226494298
Gujarat,Ahmadabad,2025-06-01,0.47518101474335833,0.47518101474335833,0.47518101474335833
Gujarat,Ahmadabad,2025-07-01,0.4064128924060506,0.4064128924060506,0.4064128924060506
Gujarat,Ahmadabad,2025-09-01,-0.5995214421779014,-0.5995214421779014,-0.5995214421779014
Gujarat,Ahmadabad,2025-10-01,-0.6295215518061783,-0.6295215518061783,-0.6295215518061783
Gujarat,Ahmadabad,2025-11-01,0.4467660914222495,0.4467660914222495,0.4467660914222495
Gujarat,Ahmadabad,2025-12-01,-0.39510322498127576,-0.39510322498127576,-0.39510322498127576
Gujarat,Ahmedabad,2025-03-01,1.8939511943600795,1.7803141226984747,1.7282304648535725
Gujarat,Ahmedabad,2025-04-01,1.0352455427755423,1.0352455427755423,1.0352455427755423
Gujarat,Ahmedabad,2025-05-01,1.0560695135400553,1.0560695135400553,1.0560695135400553
Gujarat,Ahmedabad,2025-06-01,0.9740612074558042,0.9740612074558042,0.9740612074558042
Gujarat,Ahmedabad,2025-07-01,1.0437968117475116,1.0437968117475116,1.0437968117475116
Gujarat,Ahmedabad,2025-09-01,1.016169148022514,1.016169148022514,1.016169148022514
Gujarat,Ahmedabad,2025-10-01,-0.20372414567740654,-0.20372414567740654,-0.20372414567740654
Gujarat,Ahmedabad,2025-11-01,0.7098956184560983,0.7098956184560983,0.7098956184560983
Gujarat,Ahmedabad,2025-12-01,0.07950736577989544,0.07950736577989544,0.07950736577989544
Gujarat,Amreli,2025-03-01,0.381160459143272,0.381160459143272,0.381160459143272
Gujarat,Amreli,2025-04-01,0.6946324211119967,0.6946324211119967,0.6946324211119967
Gujarat,Amreli,2025-05-01,-0.19329284077994752,-0.19329284077994752,-0.19329284077994752
Gujarat,Amreli,2025-06-01,0.25646315049346424,0.25646315049346424,0.25646315049346424
Gujarat,Amreli,2025-07-01,0.7613099197482918,0.7613099197482918,0.7613099197482918
Gujarat,Amreli,2025-09-01,0.1291727580165129,0.1291727580165129,0.1291727580165129
Gujarat,Amreli,2025-10-01,-0.5074048377426492,-0.5074048377426492,-0.5074048377426492
Gujarat,Amreli,2025-11-01,0.5190927890686639,0.5190927890686639,0.5190927890686639
Gujarat,Amreli,2025-12-01,-0.05486012645556928,-0.05486012645556928,-0.05486012645556928
Gujarat,Anand,2025-03-01,0.7562874367910728,0.7562874367910728,0.7562874367910728
Gujarat,Anand,2025-04-01,0.7872246155951323,0.7872246155951323,0.7872246155951323
Gujarat,Anand,2025-05-01,-0.18197241701481975,-0.18197241701481975,-0.18197241701481975
Gujarat,Anand,2025-06-01,0.22269027533696467,0.22269027533696467,0.22269027533696467
Gujarat,Anand,2025-07-01,0.8469388417720438,0.8469388417720438,0.8469388417720438
Gujarat,Anand,2025-09-01,0.254632512935444,0.254632512935444,0.254632512935444
Gujarat,Anand,2025-10-01,-0.433923222516012,-0.433923222516012,-0.433923222516012
Gujarat,Anand,2025-11-01,0.45347209638985464,0.45347209638985464,0.45347209638985464
Gujarat,Anand,2025-12-01,-0.05787926049969583,-0.05787926049969583,-0.05787926049969583
Gujarat,Arvalli,2025-03-01,-0.07125493139530423,-0.07125493139530423,-0.07125493139530423
Gujarat,Arvalli,2025-04-01,0.570242524050746,0.570242524050746,0.570242524050746
Gujarat,Arvalli,2025-05-01,-0.5437547892248962,-0.5437547892248962,-0.5437547892248962
Gujarat,Arvalli,2025-06-01,-0.0784703643966401,-0.0784703643966401,-0.0784703643966401
Gujarat,Arvalli,2025-07-01,0.6680048184980792,0.6680048184980792,0.6680048184980792
Gujarat,Arvalli,2025-09-01,-0.21994468499599068,-0.21994468499599068,-0.21994468499599068
Gujarat,Arvalli,2025-10-01,-0.6870954235955554,-0.6870954235955554,-0.6870954235955554
Gujarat,Arvalli,2025-11-01,0.1948427169256996,0.1948427169256996,0.1948427169256996
Gujarat,Arvalli,2025-12-01,-0.09787267854714292,-0.09787267854714292,-0.09787267854714292
Gujarat,Banas Kantha,2025-03-01,-1.4561401390865063,-1.4561401390865063,-1.4561401390865063
Gujarat,Banas Kantha,2025-06-01,-0.6280694083951143,-0.6280694083951143,-0.6280694083951143
Gujarat,Banas Kantha,2025-07-01,-0.00965556148664308,-0.00965556148664308,-0.00965556148664308
Gujarat,Banas Kantha,2025-09-01,-1.0742021696153317,-1.0742021696153317,-1.0742021696153317
Gujarat,Banas Kantha,2025-10-01,-1.0117150775226915,-1.0117150775226915,-1.0117150775226915
Gujarat,Banas Kantha,2025-11-01,-0.18139718429388713,-0.18139718429388713,-0.18139718429388713
Gujarat,Banas Kantha,2025-12-01,-0.8019030448063864,-0.8019030448063864,-0.8019030448063864
Gujarat,Banaskantha,2025-03-01,1.0079616370990636,1.0079616370990636,1.0079616370990636
Gujarat,Banaskantha,2025-04-01,0.7798314074595168,0.7798314074595168,0.7798314074595168
Gujarat,Banaskantha,2025-05-01,-0.1820704863044152,-0.1820704863044152,-0.1820704863044152
Gujarat,Banaskantha,2025-06-01,0.4071373477441058,0.4071373477441058,0.4071373477441058
Gujarat,Banaskantha,2025-07-01,0.9702823487723039,0.9702823487723039,0.9702823487723039
Gujarat,Banaskantha,2025-09-01,0.8908538526678998,0.8908538526678998,0.8908538526678998
Gujarat,Banaskantha,2025-10-01,-0.40694764621326746,-0.40694764621326746,-0.40694764621326746
Gujarat,Banaskantha,2025-11-01,0.4726619549718376,0.4726619549718376,0.4726619549718376
Gujarat,Banaskantha,2025-12-01,0.1167792581763909,0.1167792581763909,0.1167792581763909
Gujarat,Bharuch,2025-03-01,0.7183930167326079,0.7183930167326079,0.7183930167326079
Gujarat,Bharuch,2025-04-01,0.7291681896202444,0.7291681896202444,0.7291681896202444
Gujarat,Bharuch,2025-05-01,0.3197360128583155,0.3197360128583155,0.3197360128583155
Gujarat,Bharuch,2025-06-01,-0.10844131447862077,-0.10844131447862077,-0.10844131447862077
Gujarat,Bharuch,2025-07-01,0.315782260935766,0.315782260935766,0.315782260935766
Gujarat,Bharuch,2025-09-01,0.7733304000641464,0.7733304000641464,0.7733304000641464
Gujarat,Bharuch,2025-10-01,-0.4381055592775627,-0.4381055592775627,-0.4381055592775627
Gujarat,Bharuch,2025-11-01,0.36981822244438967,0.36981822244438967,0.36981822244438967
Gujarat,Bharuch,2025-12-01,-0.047652665250763025,-0.047652665250763025,-0.047652665250763025
Gujarat,Bhavnagar,2025-03-01,1.0172168735279459,1.0172168735279459,1.0172168735279459
Gujarat,Bhavnagar,2025-04-01,0.8171524420994771,0.8171524420994771,0.8171524420994771
Gujarat,Bhavnagar,2025-05-01,0.305764640948818,0.305764640948818,0.305764640948818
Gujarat,Bhavnagar,2025-06-01,0.8423672572518128,0.8423672572518128,0.8423672572518128
Gujarat,Bhavnagar,2025-07-01,0.8734480649376093,0.8734480649376093,0.8734480649376093
Gujarat,Bhavnagar,2025-09-01,0.1527279444913856,0.1527279444913856,0.1527279444913856
Gujarat,Bhavnagar,2025-10-01,-0.41826558986005136,-0.41826558986005136,-0.41826558986005136
Gujarat,Bhavnagar,2025-11-01,0.6214937541136669,0.6214937541136669,0.6214937541136669
Gujarat,Bhavnagar,2025-12-01,-0.08841594122278376,-0.08841594122278376,-0.08841594122278376
Gujarat,Botad,2025-03-01,-0.07479106251028177,-0.07479106251028177,-0.07479106251028177
Gujarat,Botad,2025-04-01,0.46025583229019645,0.46025583229019645,0.46025583229019645
Gujarat,Botad,2025-05-01,-0.6684867487907741,-0.6684867487907741,-0.6684867487907741
Gujarat,Botad,2025-06-01,0.5308311718755209,0.5308311718755209,0.5308311718755209
Gujarat,Botad,2025-07-01,0.5702910976398985,0.5702910976398985,0.5702910976398985
Gujarat,Botad,2025-09-01,-0.5233914945550631,-0.5233914945550631,-0.5233914945550631
Gujarat,Botad,2025-10-01,-0.734618915942546,-0.734618915942546,-0.734618915942546
Gujarat,Botad,2025-11-01,0.5240771230320095,0.5240771230320095,0.5240771230320095
Gujarat,Botad,2025-12-01,-0.4438001078085058,-0.4438001078085058,-0.4438001078085058
Gujarat,Chhotaudepur,2025-03-01,0.02007375095124088,0.02007375095124088,0.02007375095124088
Gujarat,Chhotaudepur,2025-04-01,0.6246735830409603,0.6246735830409603,0.6246735830409603
Gujarat,Chhotaudepur,2025-05-01,-0.37856206799610315,-0.37856206799610315,-0.37856206799610315
Gujarat,Chhotaudepur,2025-06-01,-0.34974763269860054,-0.34974763269860054,-0.34974763269860054
Gujarat,Chhotaudepur,2025-07-01,0.652826058998322,0.652826058998322,0.652826058998322
Gujarat,Chhotaudepur,2025-09-01,-0.5122174117443505,-0.5122174117443505,-0.5122174117443505
Gujarat,Chhotaudepur,2025-10-01,-0.6227594447147149,-0.6227594447147149,-0.6227594447147149
Gujarat,Chhotaudepur,2025-11-01,0.4879831847052329,0.4879831847052329,0.4879831847052329
Gujarat,Chhotaudepur,2025-12-01,-0.2727312013878174,-0.2727312013878174,-0.2727312013878174
Gujarat,Dahod,2025-03-01,0.795511269364074,0.795511269364074,0.795511269364074
Gujarat,Dahod,2025-04-01,0.8060143747696237,0.8060143747696237,0.8060143747696237
Gujarat,Dahod,2025-05-01,-0.026917045945133892,-0.026917045945133892,-0.026917045945133892
Gujarat,Dahod,2025-06-01,0.02037449101671908,0.02037449101671908,0.02037449101671908
Gujarat,Dahod,2025-07-01,0.6553433652361791,0.6553433652361791,0.6553433652361791
Gujarat,Dahod,2025-09-01,0.8238213909737977,0.8238213909737977,0.8238213909737977
Gujarat,Dahod,2025-10-01,-0.4648189522311501,-0.4648189522311501,-0.4648189522311501
Gujarat,Dahod,2025-11-01,0.6920595140534921,0.6920595140534921,0.6920595140534921
Gujarat,Dahod,2025-12-01,-0.23805502607407555,-0.23805502607407555,-0.23805502607407555
Gujarat,Dang,2025-06-01,-1.4561400603668957,-1.4561400603668957,-1.4561400603668957
Gujarat,Dang,2025-07-01,-1.2923458808562602,-1.2923458808562602,-1.2923458808562602
Gujarat,Devbhumi Dwarka,2025-03-01,-0.08963012077422085,-0.08963012077422085,-0.08963012077422085
Gujarat,Devbhumi Dwarka,2025-04-01,0.5757315290217027,0.5757315290217027,0.5757315290217027
Gujarat,Devbhumi Dwarka,2025-05-01,-0.3395964924041255,-0.3395964924041255,-0.3395964924041255
Gujarat,Devbhumi Dwarka,2025-06-01,-0.5377089097795077,-0.5377089097795077,-0.5377089097795077
Gujarat,Devbhumi Dwarka,2025-07-01,0.5968655500474848,0.5968655500474848,0.5968655500474848
Gujarat,Devbhumi Dwarka,2025-09-01,-0.2392133563604601,-0.2392133563604601,-0.2392133563604601
Gujarat,Devbhumi Dwarka,2025-10-01,-0.6938867669773078,-0.6938867669773078,-0.6938867669773078
Gujarat,Devbhumi Dwarka,2025-11-01,-0.012103262928283409,-0.012103262928283409,-0.012103262928283409
Gujarat,Devbhumi Dwarka,2025-12-01,-0.23515408079126626,-0.23515408079126626,-0.23515408079126626
Gujarat,Dohad,2025-03-01,-0.2769741018093018,-0.2769741018093018,-0.2769741018093018
Gujarat,Dohad,2025-04-01,-0.6457582814613826,-0.6457582814613826,-0.6457582814613826
Gujarat,Dohad,2025-05-01,-0.2734326779804247,-0.2734326779804247,-0.2734326779804247
Gujarat,Dohad,2025-06-01,0.48242198816181864,0.48242198816181864,0.48242198816181864
Gujarat,Dohad,2025-07-01,0.32673958572501405,0.32673958572501405,0.32673958572501405
Gujarat,Dohad,2025-09-01,-0.6643334640953207,-0.6643334640953207,-0.6643334640953207
Gujarat,Dohad,2025-10-01,-0.7121845028360266,-0.7121845028360266,-0.7121845028360266
Gujarat,Dohad,2025-11-01,0.4863106047055807,0.4863106047055807,0.4863106047055807
Gujarat,Dohad,2025-12-01,-0.530296164110913,-0.530296164110913,-0.530296164110913
Gujarat,Gandhinagar,2025-03-01,0.6584775692395423,0.6584775692395423,0.6584775692395423
Gujarat,Gandhinagar,2025-04-01,0.7908412644550233,0.7908412644550233,0.7908412644550233
Gujarat,Gandhinagar,2025-05-01,-0.2680389155896929,-0.2680389155896929,-0.2680389155896929
Gujarat,Gandhinagar,2025-06-01,0.009889256632875293,0.009889256632875293,0.009889256632875293
Gujarat,Gandhinagar,2025-07-01,0.333135009053821,0.333135009053821,0.333135009053821
Gujarat,Gandhinagar,2025-09-01,0.42109326630957805,0.42109326630957805,0.42109326630957805
Gujarat,Gandhinagar,2025-10-01,-0.48345760350420197,-0.48345760350420197,-0.48345760350420197
Gujarat,Gandhinagar,2025-11-01,0.7426538189724511,0.7426538189724511,0.7426538189724511
Gujarat,Gandhinagar,2025-12-01,-0.1363231028594267,-0.1363231028594267,-0.1363231028594267
Gujarat,Gir Somnath,2025-03-01,0.06436081204548497,0.06436081204548497,0.06436081204548497
Gujarat,Gir Somnath,2025-04-01,0.6069016053925308,0.6069016053925308,0.6069016053925308
Gujarat,Gir Somnath,2025-05-01,-0.5395307906562455,-0.5395307906562455,-0.5395307906562455
Gujarat,Gir Somnath,2025-06-01,-0.46856756459941107,-0.46856756459941107,-0.46856756459941107
Gujarat,Gir Somnath,2025-07-01,0.6762570762944843,0.6762570762944843,0.6762570762944843
Gujarat,Gir Somnath,2025-09-01,-0.34839183697307313,-0.34839183697307313,-0.34839183697307313
Gujarat,Gir Somnath,2025-10-01,-0.5666706489372714,-0.5666706489372714,-0.5666706489372714
Gujarat,Gir Somnath,2025-11-01,0.2114951390977453,0.2114951390977453,0.2114951390977453
Gujarat,Gir Somnath,2025-12-01,-0.24015144601462804,-0.24015144601462804,-0.24015144601462804
Gujarat,Jamnagar,2025-03-01,0.6214410489439803,0.6214410489439803,0.6214410489439803
Gujarat,Jamnagar,2025-04-01,0.7170834787265996,0.7170834787265996,0.7170834787265996
Gujarat,Jamnagar,2025-05-01,0.29455273000907606,0.29455273000907606,0.29455273000907606
Gujarat,Jamnagar,2025-06-01,-0.10410046940156041,-0.10410046940156041,-0.10410046940156041
Gujarat,Jamnagar,2025-07-01,0.7631264284135753,0.7631264284135753,0.7631264284135753
Gujarat,Jamnagar,2025-09-01,0.1684975597843343,0.1684975597843343,0.1684975597843343
Gujarat,Jamnagar,2025-10-01,-0.3985826732911228,-0.3985826732911228,-0.3985826732911228
Gujarat,Jamnagar,2025-11-01,0.23188120954833719,0.23188120954833719,0.23188120954833719
Gujarat,Jamnagar,2025-12-01,-0.10126202182740157,-0.10126202182740157,-0.10126202182740157
Gujarat,Junagadh,2025-03-01,0.6368567040181751,0.6368567040181751,0.6368567040181751
Gujarat,Junagadh,2025-04-01,0.7547607078903242,0.7547607078903242,0.7547607078903242
Gujarat,Junagadh,2025-05-01,-0.03382669956273403,-0.03382669956273403,-0.03382669956273403
Gujarat,Junagadh,2025-06-01,0.40372667246778776,0.40372667246778776,0.40372667246778776
Gujarat,Junagadh,2025-07-01,0.5704468832477405,0.5704468832477405,0.5704468832477405
Gujarat,Junagadh,2025-09-01,0.795791601345372,0.795791601345372,0.795791601345372
Gujarat,Junagadh,2025-10-01,-0.4519040443073416,-0.4519040443073416,-0.4519040443073416
Gujarat,Junagadh,2025-11-01,0.5307738153087543,0.5307738153087543,0.5307738153087543
Gujarat,Junagadh,2025-12-01,-0.07059969602885266,-0.07059969602885266,-0.07059969602885266
Gujarat,Kachchh,2025-03-01,0.07956393613571913,0.07956393613571913,0.07956393613571913
Gujarat,Kachchh,2025-04-01,0.8532506636155547,0.8532506636155547,0.8532506636155547
Gujarat,Kachchh,2025-05-01,-0.3330606264518161,-0.3330606264518161,-0.3330606264518161
Gujarat,Kachchh,2025-06-01,-0.009032450319221147,-0.009032450319221147,-0.009032450319221147
Gujarat,Kachchh,2025-07-01,0.8861898003598792,0.8861898003598792,0.8861898003598792
Gujarat,Kachchh,2025-09-01,-0.05249786692447915,-0.05249786692447915,-0.05249786692447915
Gujarat,Kachchh,2025-10-01,-0.36637428679187095,-0.36637428679187095,-0.36637428679187095
Gujarat,Kachchh,2025-11-01,0.6672785599453199,0.6672785599453199,0.6672785599453199
Gujarat,Kachchh,2025-12-01,-0.07844030635000289,-0.07844030635000289,-0.07844030635000289
Gujarat,Kheda,2025-03-01,1.063330539557386,1.063330539557386,1.063330539557386
Gujarat,Kheda,2025-04-01,0.7851872564428547,0.7851872564428547,0.7851872564428547
Gujarat,Kheda,2025-05-01,-0.3562194649795456,-0.3562194649795456,-0.3562194649795456
Gujarat,Kheda,2025-06-01,0.11308167660028202,0.11308167660028202,0.11308167660028202
Gujarat,Kheda,2025-07-01,0.836644101119028,0.836644101119028,0.836644101119028
Gujarat,Kheda,2025-09-01,0.8419158214315174,0.8419158214315174,0.8419158214315174
Gujarat,Kheda,2025-10-01,-0.4165027054892157,-0.4165027054892157,-0.4165027054892157
Gujarat,Kheda,2025-11-01,0.6723134139477718,0.6723134139477718,0.6723134139477718
Gujarat,Kheda,2025-12-01,-0.1695838051276563,-0.1695838051276563,-0.1695838051276563
Gujarat,Mahesana,2025-03-01,0.7838864534013854,0.7838864534013854,0.7838864534013854
Gujarat,Mahesana,2025-04-01,0.7552209390415114,0.7552209390415114,0.7552209390415114
Gujarat,Mahesana,2025-05-01,-0.28745212356327665,-0.28745212356327665,-0.28745212356327665
Gujarat,Mahesana,2025-06-01,0.11029047190080225,0.11029047190080225,0.11029047190080225
Gujarat,Mahesana,2025-07-01,0.8395128916777803,0.8395128916777803,0.8395128916777803
Gujarat,Mahesana,2025-09-01,0.10976710994567522,0.10976710994567522,0.10976710994567522
Gujarat,Mahesana,2025-10-01,-0.4442040634069734,-0.4442040634069734,-0.4442040634069734
Gujarat,Mahesana,2025-11-01,0.6776015718393646,0.6776015718393646,0.6776015718393646
Gujarat,Mahesana,2025-12-01,-0.1070692621948228,-0.1070692621948228,-0.1070692621948228
Gujarat,Mahisagar,2025-03-01,-0.01269562791580723,-0.01269562791580723,-0.01269562791580723
Gujarat,Mahisagar,2025-04-01,0.5715357791345088,0.5715357791345088,0.5715357791345088
Gujarat,Mahisagar,2025-05-01,-0.5284324950755751,-0.5284324950755751,-0.5284324950755751
Gujarat,Mahisagar,2025-06-01,0.6068400010437406,0.6068400010437406,0.6068400010437406
Gujarat,Mahisagar,2025-07-01,0.6534112245252561,0.6534112245252561,0.6534112245252561
Gujarat,Mahisagar,2025-09-01,-0.149038790197755,-0.149038790197755,-0.149038790197755
Gujarat,Mahisagar,2025-10-01,-0.6246279961259631,-0.6246279961259631,-0.6246279961259631
Gujarat,Mahisagar,2025-11-01,0.15593711016730452,0.15593711016730452,0.15593711016730452
Gujarat,Mahisagar,2025-12-01,-0.2730847349667538,-0.2730847349667538,-0.2730847349667538
Gujarat,Morbi,2025-03-01,-0.15471895340238567,-0.15471895340238567,-0.15471895340238567
Gujarat,Morbi,2025-04-01,0.6786733129766552,0.6786733129766552,0.6786733129766552
Gujarat,Morbi,2025-05-01,-0.3924471056932363,-0.3924471056932363,-0.3924471056932363
Gujarat,Morbi,2025-06-01,0.31336500706805054,0.31336500706805054,0.31336500706805054
Gujarat,Morbi,2025-07-01,0.5078670895158576,0.5078670895158576,0.5078670895158576
Gujarat,Morbi,2025-09-01,-0.5091616876893055,-0.5091616876893055,-0.5091616876893055
Gujarat,Morbi,2025-10-01,-0.5473147235226372,-0.5473147235226372,-0.5473147235226372
Gujarat,Morbi,2025-11-01,0.045883220418417595,0.045883220418417595,0.045883220418417595
Gujarat,Morbi,2025-12-01,-0.31401256462228777,-0.31401256462228777,-0.31401256462228777
Gujarat,Narmada,2025-03-01,0.21031663802141704,0.21031663802141704,0.21031663802141704
Gujarat,Narmada,2025-04-01,-0.012461867658804159,-0.012461867658804159,-0.012461867658804159
Gujarat,Narmada,2025-05-01,-0.014126003250215853,-0.014126003250215853,-0.014126003250215853
Gujarat,Narmada,2025-06-01,0.059581609872058086,0.059581609872058086,0.059581609872058086
Gujarat,Narmada,2025-07-01,0.0885465552763884,0.0885465552763884,0.0885465552763884
Gujarat,Narmada,2025-09-01,0.6518252235397688,0.6518252235397688,0.6518252235397688
Gujarat,Narmada,2025-10-01,-0.6291784372654069,-0.6291784372654069,-0.6291784372654069
Gujarat,Narmada,2025-11-01,0.1871794307634518,0.1871794307634518,0.1871794307634518
Gujarat,Narmada,2025-12-01,-0.22702539368059702,-0.22702539368059702,-0.22702539368059702
Gujarat,Navsari,2025-03-01,0.3741588980390367,0.3741588980390367,0.3741588980390367
Gujarat,Navsari,2025-04-01,0.6482977923618417,0.6482977923618417,0.6482977923618417
Gujarat,Navsari,2025-05-01,-0.21727963629124697,-0.21727963629124697,-0.21727963629124697
Gujarat,Navsari,2025-06-01,-0.41148406031050316,-0.41148406031050316,-0.41148406031050316
Gujarat,Navsari,2025-07-01,0.7002925657088743,0.7002925657088743,0.7002925657088743
Gujarat,Navsari,2025-09-01,0.716234031718099,0.716234031718099,0.716234031718099
Gujarat,Navsari,2025-10-01,-0.5027497360284128,-0.5027497360284128,-0.5027497360284128
Gujarat,Navsari,2025-11-01,0.7253384734469388,0.7253384734469388,0.7253384734469388
Gujarat,Navsari,2025-12-01,-0.3033517532908948,-0.3033517532908948,-0.3033517532908948
Gujarat,Panch Mahals,2025-07-01,-1.4561401644702743,-1.4561401644702743,-1.4561401644702743
Gujarat,Panch Mahals,2025-09-01,-1.1117291311384525,-1.1117291311384525,-1.1117291311384525
Gujarat,Panch Mahals,2025-10-01,-1.1158241671419584,-1.1158241671419584,-1.1158241671419584
Gujarat,Panch Mahals,2025-11-01,0.1818183604044006,0.1818183604044006,0.1818183604044006
Gujarat,Panch Mahals,2025-12-01,-0.7807979132084859,-0.7807979132084859,-0.7807979132084859
Gujarat,Panchmahals,2025-03-01,0.5827883834811978,0.5827883834811978,0.5827883834811978
Gujarat,Panchmahals,2025-04-01,0.7369558073457116,0.7369558073457116,0.7369558073457116
Gujarat,Panchmahals,2025-05-01,-0.2790917150258224,-0.2790917150258224,-0.2790917150258224
Gujarat,Panchmahals,2025-06-01,-0.09116479297625983,-0.09116479297625983,-0.09116479297625983
Gujarat,Panchmahals,2025-07-01,0.5647252819177397,0.5647252819177397,0.5647252819177397
Gujarat,Panchmahals,2025-09-01,0.8179790184438134,0.8179790184438134,0.8179790184438134
Gujarat,Panchmahals,2025-10-01,-0.39968139705783406,-0.39968139705783406,-0.39968139705783406
Gujarat,Panchmahals,2025-11-01,0.33760628644735574,0.33760628644735574,0.33760628644735574
Gujarat,Panchmahals,2025-12-01,-0.11543715737500983,-0.11543715737500983,-0.11543715737500983
Gujarat,Patan,2025-03-01,-0.02794954768863555,-0.02794954768863555,-0.02794954768863555
Gujarat,Patan,2025-04-01,0.705926717127106,0.705926717127106,0.705926717127106
Gujarat,Patan,2025-05-01,-0.41343868067561595,-0.41343868067561595,-0.41343868067561595
Gujarat,Patan,2025-06-01,-0.09037116879888646,-0.09037116879888646,-0.09037116879888646
Gujarat,Patan,2025-07-01,0.8103947960628413,0.8103947960628413,0.8103947960628413
Gujarat,Patan,2025-09-01,-0.25554619591259825,-0.25554619591259825,-0.25554619591259825
Gujarat,Patan,2025-10-01,-0.5147234910216795,-0.5147234910216795,-0.5147234910216795
Gujarat,Patan,2025-11-01,0.5945844485460038,0.5945844485460038,0.5945844485460038
Gujarat,Patan,2025-12-01,-0.2097736730974588,-0.2097736730974588,-0.2097736730974588
Gujarat,Porbandar,2025-03-01,0.09229245004405301,0.09229245004405301,0.09229245004405301
Gujarat,Porbandar,2025-04-01,0.5968879643234727,0.5968879643234727,0.5968879643234727
Gujarat,Porbandar,2025-05-01,-0.4400891972120428,-0.4400891972120428,-0.4400891972120428
Gujarat,Porbandar,2025-06-01,0.636175914416909,0.636175914416909,0.636175914416909
Gujarat,Porbandar,2025-07-01,0.29462069133619706,0.29462069133619706,0.29462069133619706
Gujarat,Porbandar,2025-09-01,-0.26375412142870447,-0.26375412142870447,-0.26375412142870447
Gujarat,Porbandar,2025-10-01,-0.5694171966636442,-0.5694171966636442,-0.5694171966636442
Gujarat,Porbandar,2025-11-01,0.13636179173798005,0.13636179173798005,0.13636179173798005
Gujarat,Porbandar,2025-12-01,-0.2725903885022554,-0.2725903885022554,-0.2725903885022554
Gujarat,Rajkot,2025-03-01,1.2704377643834779,1.194211498520469,1.1592744599999236
Gujarat,Rajkot,2025-04-01,0.8902616882529457,0.8902616882529457,0.8902616882529457
Gujarat,Rajkot,2025-05-01,0.13035694350120897,0.13035694350120897,0.13035694350120897
Gujarat,Rajkot,2025-06-01,-0.2440115426440137,-0.2440115426440137,-0.2440115426440137
Gujarat,Rajkot,2025-07-01,0.9429450778212671,0.9429450778212671,0.9429450778212671
Gujarat,Rajkot,2025-09-01,-0.07128987570009843,-0.07128987570009843,-0.07128987570009843
Gujarat,Rajkot,2025-10-01,-0.29686520478919837,-0.29686520478919837,-0.29686520478919837
Gujarat,Rajkot,2025-11-01,0.5622065898870281,0.5622065898870281,0.5622065898870281
Gujarat,Rajkot,2025-12-01,-0.056280956681203025,-0.056280956681203025,-0.056280956681203025
Gujarat,Sabar Kantha,2025-07-01,-1.4561401810636116,-1.4561401810636116,-1.4561401810636116
Gujarat,Sabar Kantha,2025-09-01,-1.013611094106019,-1.013611094106019,-1.013611094106019
Gujarat,Sabar Kantha,2025-10-01,-0.9748132232500977,-0.9748132232500977,-0.9748132232500977
Gujarat,Sabar Kantha,2025-11-01,0.010743955364905342,0.010743955364905342,0.010743955364905342
Gujarat,Sabar Kantha,2025-12-01,-0.6928204130114303,-0.6928204130114303,-0.6928204130114303
Gujarat,Sabarkantha,2025-03-01,0.6550407555390335,0.6550407555390335,0.6550407555390335
Gujarat,Sabarkantha,2025-04-01,0.746693581448816,0.746693581448816,0.746693581448816
Gujarat,Sabarkantha,2025-05-01,-0.3951122338703264,-0.3951122338703264,-0.3951122338703264
Gujarat,Sabarkantha,2025-06-01,-0.1428938683378208,-0.1428938683378208,-0.1428938683378208
Gujarat,Sabarkantha,2025-07-01,0.5492886882401616,0.5492886882401616,0.5492886882401616
Gujarat,Sabarkantha,2025-09-01,0.8220065763636734,0.8220065763636734,0.8220065763636734
Gujarat,Sabarkantha,2025-10-01,-0.4779048879986053,-0.4779048879986053,-0.4779048879986053
Gujarat,Sabarkantha,2025-11-01,0.31752129729615225,0.31752129729615225,0.31752129729615225
Gujarat,Sabarkantha,2025-12-01,-0.02412743389467965,-0.02412743389467965,-0.02412743389467965
Gujarat,Surat,2025-03-01,1.8724329569845097,1.760086979565439,1.708595073248365
Gujarat,Surat,2025-04-01,1.0108092597742164,1.0108092597742164,1.0108092597742164
Gujarat,Surat,2025-05-01,0.03618080294064306,0.03618080294064306,0.03618080294064306
Gujarat,Surat,2025-06-01,1.2050331688795726,1.1327311787467982,1.09959276660261
Gujarat,Surat,2025-07-01,1.0426901386631542,1.0426901386631542,1.0426901386631542
Gujarat,Surat,2025-09-01,0.24930366813564725,0.24930366813564725,0.24930366813564725
Gujarat,Surat,2025-10-01,-0.21122451317121813,-0.21122451317121813,-0.21122451317121813
Gujarat,Surat,2025-11-01,0.9125177234162316,0.9125177234162316,0.9125177234162316
Gujarat,Surat,2025-12-01,0.03422615356484843,0.03422615356484843,0.03422615356484843
Gujarat,Surendra Nagar,2025-03-01,0.8142459625471211,0.8142459625471211,0.8142459625471211
Gujarat,Surendra Nagar,2025-04-01,0.7602001122071064,0.7602001122071064,0.7602001122071064
Gujarat,Surendra Nagar,2025-05-01,-0.00460876398918679,-0.00460876398918679,-0.00460876398918679
Gujarat,Surendra Nagar,2025-06-01,0.371495278956897,0.371495278956897,0.371495278956897
Gujarat,Surendra Nagar,2025-07-01,0.8247897712101806,0.8247897712101806,0.8247897712101806
Gujarat,Surendra Nagar,2025-09-01,0.7873413237754212,0.7873413237754212,0.7873413237754212
Gujarat,Surendra Nagar,2025-10-01,-0.4786676012384,-0.4786676012384,-0.4786676012384
Gujarat,Surendra Nagar,2025-11-01,0.26149946650067457,0.26149946650067457,0.26149946650067457
Gujarat,Surendra Nagar,2025-12-01,-0.11940971919833798,-0.11940971919833798,-0.11940971919833798
Gujarat,Surendranagar,2025-07-01,-1.4561401640773766,-1.4561401640773766,-1.4561401640773766
Gujarat,Surendranagar,2025-09-01,-0.9884713694211852,-0.9884713694211852,-0.9884713694211852
Gujarat,Surendranagar,2025-10-01,-0.9986328061789042,-0.9986328061789042,-0.9986328061789042
Gujarat,Surendranagar,2025-11-01,0.020287082206302886,0.020287082206302886,0.020287082206302886
Gujarat,Surendranagar,2025-12-01,-0.6202120808645503,-0.6202120808645503,-0.6202120808645503
Gujarat,Tapi,2025-03-01,0.17303961931365647,0.17303961931365647,0.17303961931365647
Gujarat,Tapi,2025-04-01,0.6593102114807459,0.6593102114807459,0.6593102114807459
Gujarat,Tapi,2025-05-01,-0.447073080885155,-0.447073080885155,-0.447073080885155
Gujarat,Tapi,2025-06-01,-0.08923601993944805,-0.08923601993944805,-0.08923601993944805
Gujarat,Tapi,2025-07-01,0.00025059226617165503,0.00025059226617165503,0.00025059226617165503
Gujarat,Tapi,2025-09-01,0.6639150052760731,0.6639150052760731,0.6639150052760731
Gujarat,Tapi,2025-10-01,-0.6313277272750335,-0.6313277272750335,-0.6313277272750335
Gujarat,Tapi,2025-11-01,0.31922664241135285,0.31922664241135285,0.31922664241135285
Gujarat,Tapi,2025-12-01,-0.330081507670985,-0.330081507670985,-0.330081507670985
Gujarat,The Dangs,2025-03-01,0.0009650398749050139,0.0009650398749050139,0.0009650398749050139
Gujarat,The Dangs,2025-04-01,0.6220976931143818,0.6220976931143818,0.6220976931143818
Gujarat,The Dangs,2025-05-01,0.31898762385900153,0.31898762385900153,0.31898762385900153
Gujarat,The Dangs,2025-06-01,-0.5740309415865156,-0.5740309415865156,-0.5740309415865156
Gujarat,The Dangs,2025-07-01,-0.08810301893250364,-0.08810301893250364,-0.08810301893250364
Gujarat,The Dangs,2025-09-01,0.592644138042022,0.592644138042022,0.592644138042022
Gujarat,The Dangs,2025-10-01,-0.6310544495301817,-0.6310544495301817,-0.6310544495301817
Gujarat,The Dangs,2025-11-01,-0.15567135301401033,-0.15567135301401033,-0.15567135301401033
Gujarat,The Dangs,2025-12-01,-0.46788927910788597,-0.46788927910788597,-0.46788927910788597
Gujarat,Vadodara,2025-03-01,0.17911769574793884,0.17911769574793884,0.17911769574793884
Gujarat,Vadodara,2025-04-01,0.8528037273142025,0.8528037273142025,0.8528037273142025
Gujarat,Vadodara,2025-05-01,-0.2669355813589567,-0.2669355813589567,-0.2669355813589567
Gujarat,Vadodara,2025-06-01,0.5048567014104202,0.5048567014104202,0.5048567014104202
Gujarat,Vadodara,2025-07-01,0.3276425627486561,0.3276425627486561,0.3276425627486561
Gujarat,Vadodara,2025-09-01,0.9126892196354653,0.9126892196354653,0.9126892196354653
Gujarat,Vadodara,2025-10-01,-0.2696349767103737,-0.2696349767103737,-0.2696349767103737
Gujarat,Vadodara,2025-11-01,0.6142868212159878,0.6142868212159878,0.6142868212159878
Gujarat,Vadodara,2025-12-01,-0.028897007393780275,-0.028897007393780275,-0.028897007393780275
Gujarat,Valsad,2025-03-01,0.7455475925273902,0.7455475925273902,0.7455475925273902
Gujarat,Valsad,2025-04-01,0.7567827067133329,0.7567827067133329,0.7567827067133329
Gujarat,Valsad,2025-05-01,-0.25296650787618546,-0.25296650787618546,-0.25296650787618546
Gujarat,Valsad,2025-06-01,-0.11737297747441328,-0.11737297747441328,-0.11737297747441328
Gujarat,Valsad,2025-07-01,0.7805185398336246,0.7805185398336246,0.7805185398336246
Gujarat,Valsad,2025-09-01,0.4266384686079847,0.4266384686079847,0.4266384686079847
Gujarat,Valsad,2025-10-01,-0.44803683227989644,-0.44803683227989644,-0.44803683227989644
Gujarat,Valsad,2025-11-01,0.6522072920157418,0.6522072920157418,0.6522072920157418
Gujarat,Valsad,2025-12-01,-0.12056740587046727,-0.12056740587046727,-0.12056740587046727
Haryana,Akhera,2025-11-01,-1.3533429602460259,-1.3533429602460259,-1.3533429602460259
Haryana,Ambala,2025-03-01,0.35970641557287153,0.35970641557287153,0.35970641557287153
Haryana,Ambala,2025-04-01,0.3770475036703544,0.3770475036703544,0.3770475036703544
Haryana,Ambala,2025-05-01,0.2517717751512519,0.2517717751512519,0.2517717751512519
Haryana,Ambala,2025-06-01,0.7586782400098085,0.7586782400098085,0.7586782400098085
Haryana,Ambala,2025-07-01,-0.07162257499855629,-0.07162257499855629,-0.07162257499855629
Haryana,Ambala,2025-09-01,0.7196831556224361,0.7196831556224361,0.7196831556224361
Haryana,Ambala,2025-10-01,-0.21448102360287966,-0.21448102360287966,-0.21448102360287966
Haryana,Ambala,2025-11-01,0.1754831135401136,0.1754831135401136,0.1754831135401136
Haryana,Ambala,2025-12-01,-0.22962300223284876,-0.22962300223284876,-0.22962300223284876
Haryana,Bhiwani,2025-03-01,0.5051440379155236,0.5051440379155236,0.5051440379155236
Haryana,Bhiwani,2025-04-01,0.41137896306020677,0.41137896306020677,0.41137896306020677
Haryana,Bhiwani,2025-05-01,0.3351731788799782,0.3351731788799782,0.3351731788799782
Haryana,Bhiwani,2025-06-01,0.3101740237718378,0.3101740237718378,0.3101740237718378
Haryana,Bhiwani,2025-07-01,0.560401891168335,0.560401891168335,0.560401891168335
Haryana,Bhiwani,2025-09-01,0.74605427230515,0.74605427230515,0.74605427230515
Haryana,Bhiwani,2025-10-01,-0.1982691351491034,-0.1982691351491034,-0.1982691351491034
Haryana,Bhiwani,2025-11-01,0.09425833906771364,0.09425833906771364,0.09425833906771364
Haryana,Bhiwani,2025-12-01,-0.10809591118162501,-0.10809591118162501,-0.10809591118162501
Haryana,Charkhi Dadri,2025-03-01,-0.16031708211918586,-0.16031708211918586,-0.16031708211918586
Haryana,Charkhi Dadri,2025-04-01,-0.38375865458801567,-0.38375865458801567,-0.38375865458801567
Haryana,Charkhi Dadri,2025-05-01,-0.27051102822556344,-0.27051102822556344,-0.27051102822556344
Haryana,Charkhi Dadri,2025-06-01,-0.2557556538578071,-0.2557556538578071,-0.2557556538578071
Haryana,Charkhi Dadri,2025-07-01,-0.2154689304672448,-0.2154689304672448,-0.2154689304672448
Haryana,Charkhi Dadri,2025-09-01,0.49515588121441995,0.49515588121441995,0.49515588121441995
Haryana,Charkhi Dadri,2025-10-01,-0.5181728501489292,-0.5181728501489292,-0.5181728501489292
Haryana,Charkhi Dadri,2025-11-01,0.1386419685364857,0.1386419685364857,0.1386419685364857
Haryana,Charkhi Dadri,2025-12-01,-0.44746378890291755,-0.44746378890291755,-0.44746378890291755
Haryana,Faridabad,2025-03-01,0.11292639851985892,0.11292639851985892,0.11292639851985892
Haryana,Faridabad,2025-04-01,0.921007857615635,0.921007857615635,0.921007857615635
Haryana,Faridabad,2025-05-01,0.10499601267731551,0.10499601267731551,0.10499601267731551
Haryana,Faridabad,2025-06-01,0.22697404760129417,0.22697404760129417,0.22697404760129417
Haryana,Faridabad,2025-07-01,0.32618295484130927,0.32618295484130927,0.32618295484130927
Haryana,Faridabad,2025-09-01,-0.12022432876849069,-0.12022432876849069,-0.12022432876849069
Haryana,Faridabad,2025-10-01,-0.21254208032315394,-0.21254208032315394,-0.21254208032315394
Haryana,Faridabad,2025-11-01,0.45397619245648885,0.45397619245648885,0.45397619245648885
Haryana,Faridabad,2025-12-01,-0.12282959120165457,-0.12282959120165457,-0.12282959120165457
Haryana,Fatehabad,2025-03-01,0.46510775045226305,0.46510775045226305,0.46510775045226305
Haryana,Fatehabad,2025-04-01,0.2984181728918704,0.2984181728918704,0.2984181728918704
Haryana,Fatehabad,2025-05-01,0.21428285645687917,0.21428285645687917,0.21428285645687917
Haryana,Fatehabad,2025-06-01,0.26064706063634113,0.26064706063634113,0.26064706063634113
Haryana,Fatehabad,2025-07-01,0.47606939900993395,0.47606939900993395,0.47606939900993395
Haryana,Fatehabad,2025-09-01,0.7093633280064426,0.7093633280064426,0.7093633280064426
Haryana,Fatehabad,2025-10-01,-0.0790676579303793,-0.0790676579303793,-0.0790676579303793
Haryana,Fatehabad,2025-11-01,-0.0018680246471348486,-0.0018680246471348486,-0.0018680246471348486
Haryana,Fatehabad,2025-12-01,-0.1775170673659875,-0.1775170673659875,-0.1775170673659875
Haryana,Gurgaon,2025-03-01,0.7869074193788139,0.7869074193788139,0.7869074193788139
Haryana,Gurgaon,2025-04-01,0.8844807801661155,0.8844807801661155,0.8844807801661155
Haryana,Gurgaon,2025-05-01,-0.10715834856270345,-0.10715834856270345,-0.10715834856270345
Haryana,Gurgaon,2025-06-01,-0.061595193533919054,-0.061595193533919054,-0.061595193533919054
Haryana,Gurgaon,2025-07-01,0.8055205113757207,0.8055205113757207,0.8055205113757207
Haryana,Gurgaon,2025-09-01,0.7991562409351358,0.7991562409351358,0.7991562409351358
Haryana,Gurgaon,2025-10-01,-0.2307320645487121,-0.2307320645487121,-0.2307320645487121
Haryana,Gurgaon,2025-11-01,0.3010694922617453,0.3010694922617453,0.3010694922617453
Haryana,Gurgaon,2025-12-01,-0.12801693104872294,-0.12801693104872294,-0.12801693104872294
Haryana,Gurugram,2025-03-01,-1.4561391754679545,-1.4561391754679545,-1.4561391754679545
Haryana,Gurugram,2025-06-01,-0.6280693605932862,-0.6280693605932862,-0.6280693605932862
Haryana,Gurugram,2025-07-01,-0.9816616618817198,-0.9816616618817198,-0.9816616618817198
Haryana,Hisar,2025-03-01,0.6266806936500318,0.6266806936500318,0.6266806936500318
Haryana,Hisar,2025-04-01,0.6037143640688238,0.6037143640688238,0.6037143640688238
Haryana,Hisar,2025-05-01,0.5105181453983709,0.5105181453983709,0.5105181453983709
Haryana,Hisar,2025-06-01,0.800976740742068,0.800976740742068,0.800976740742068
Haryana,Hisar,2025-07-01,0.569525781917321,0.569525781917321,0.569525781917321
Haryana,Hisar,2025-09-01,0.7858668089063788,0.7858668089063788,0.7858668089063788
Haryana,Hisar,2025-10-01,-0.12183865182790138,-0.12183865182790138,-0.12183865182790138
Haryana,Hisar,2025-11-01,0.11011272975108584,0.11011272975108584,0.11011272975108584
Haryana,Hisar,2025-12-01,-0.13764528669963905,-0.13764528669963905,-0.13764528669963905
Haryana,Jhajjar,2025-03-01,0.28615916478593695,0.28615916478593695,0.28615916478593695
Haryana,Jhajjar,2025-04-01,0.17935589101899624,0.17935589101899624,0.17935589101899624
Haryana,Jhajjar,2025-05-01,0.00701669307797622,0.00701669307797622,0.00701669307797622
Haryana,Jhajjar,2025-06-01,0.17320079782431103,0.17320079782431103,0.17320079782431103
Haryana,Jhajjar,2025-07-01,0.374422434554807,0.374422434554807,0.374422434554807
Haryana,Jhajjar,2025-09-01,0.698123991856711,0.698123991856711,0.698123991856711
Haryana,Jhajjar,2025-10-01,-0.26842326594200633,-0.26842326594200633,-0.26842326594200633
Haryana,Jhajjar,2025-11-01,-0.03372978783288198,-0.03372978783288198,-0.03372978783288198
Haryana,Jhajjar,2025-12-01,-0.19019599206087406,-0.19019599206087406,-0.19019599206087406
Haryana,Jhajjar *,2025-09-01,-1.4561139741661056,-1.4561139741661056,-1.4561139741661056
Haryana,Jind,2025-03-01,0.46440785065526513,0.46440785065526513,0.46440785065526513
Haryana,Jind,2025-04-01,0.47285138377038155,0.47285138377038155,0.47285138377038155
Haryana,Jind,2025-05-01,0.315353358897888,0.315353358897888,0.315353358897888
Haryana,Jind,2025-06-01,0.48974244396131167,0.48974244396131167,0.48974244396131167
Haryana,Jind,2025-07-01,0.4717820724266843,0.4717820724266843,0.4717820724266843
Haryana,Jind,2025-09-01,0.7590104630305932,0.7590104630305932,0.7590104630305932
Haryana,Jind,2025-10-01,-0.2329664857209829,-0.2329664857209829,-0.2329664857209829
Haryana,Jind,2025-11-01,0.017599231392917743,0.017599231392917743,0.017599231392917743
Haryana,Jind,2025-12-01,-0.13643578563200795,-0.13643578563200795,-0.13643578563200795
Haryana,Kaithal,2025-03-01,0.49434775336400477,0.49434775336400477,0.49434775336400477
Haryana,Kaithal,2025-04-01,0.4919194856863358,0.4919194856863358,0.4919194856863358
Haryana,Kaithal,2025-05-01,0.14735202317546348,0.14735202317546348,0.14735202317546348
Haryana,Kaithal,2025-06-01,0.784313666767327,0.784313666767327,0.784313666767327
Haryana,Kaithal,2025-07-01,0.17001505733418487,0.17001505733418487,0.17001505733418487
Haryana,Kaithal,2025-09-01,0.7458878532267055,0.7458878532267055,0.7458878532267055
Haryana,Kaithal,2025-10-01,-0.3276515233805402,-0.3276515233805402,-0.3276515233805402
Haryana,Kaithal,2025-11-01,0.20137265065518264,0.20137265065518264,0.20137265065518264
Haryana,Kaithal,2025-12-01,-0.19019533001607788,-0.19019533001607788,-0.19019533001607788
Haryana,Karnal,2025-03-01,0.6074408850069856,0.6074408850069856,0.6074408850069856
Haryana,Karnal,2025-04-01,0.47957656984409425,0.47957656984409425,0.47957656984409425
Haryana,Karnal,2025-05-01,0.5366429717124569,0.5366429717124569,0.5366429717124569
Haryana,Karnal,2025-06-01,0.3568712679076311,0.3568712679076311,0.3568712679076311
Haryana,Karnal,2025-07-01,0.45807369066636605,0.45807369066636605,0.45807369066636605
Haryana,Karnal,2025-09-01,0.7616590512684206,0.7616590512684206,0.7616590512684206
Haryana,Karnal,2025-10-01,-0.2781559394310616,-0.2781559394310616,-0.2781559394310616
Haryana,Karnal,2025-11-01,0.0641660917405628,0.0641660917405628,0.0641660917405628
Haryana,Karnal,2025-12-01,-0.04522280406471884,-0.04522280406471884,-0.04522280406471884
Haryana,Kurukshetra,2025-03-01,0.38328946226196436,0.38328946226196436,0.38328946226196436
Haryana,Kurukshetra,2025-04-01,0.3752443877963053,0.3752443877963053,0.3752443877963053
Haryana,Kurukshetra,2025-05-01,0.2658255032829818,0.2658255032829818,0.2658255032829818
Haryana,Kurukshetra,2025-06-01,0.672921750134648,0.672921750134648,0.672921750134648
Haryana,Kurukshetra,2025-07-01,-0.09965435897825675,-0.09965435897825675,-0.09965435897825675
Haryana,Kurukshetra,2025-09-01,0.7210982160708092,0.7210982160708092,0.7210982160708092
Haryana,Kurukshetra,2025-10-01,-0.2604450321807275,-0.2604450321807275,-0.2604450321807275
Haryana,Kurukshetra,2025-11-01,0.09065287405239872,0.09065287405239872,0.09065287405239872
Haryana,Kurukshetra,2025-12-01,-0.2358873082616516,-0.2358873082616516,-0.2358873082616516
Haryana,Mahendragarh,2025-03-01,0.18037871742001876,0.18037871742001876,0.18037871742001876
Haryana,Mahendragarh,2025-04-01,0.07649458757338068,0.07649458757338068,0.07649458757338068
Haryana,Mahendragarh,2025-05-01,0.12904753662414004,0.12904753662414004,0.12904753662414004
Haryana,Mahendragarh,2025-06-01,0.07084943102843219,0.07084943102843219,0.07084943102843219
Haryana,Mahendragarh,2025-07-01,0.1578074508574645,0.1578074508574645,0.1578074508574645
Haryana,Mahendragarh,2025-09-01,0.686343165840334,0.686343165840334,0.686343165840334
Haryana,Mahendragarh,2025-10-01,-0.32073740908346005,-0.32073740908346005,-0.32073740908346005
Haryana,Mahendragarh,2025-11-01,0.0648357677137403,0.0648357677137403,0.0648357677137403
Haryana,Mahendragarh,2025-12-01,-0.14977753528120155,-0.14977753528120155,-0.14977753528120155
Haryana,Mewat,2025-03-01,0.31059479972515214,0.31059479972515214,0.31059479972515214
Haryana,Mewat,2025-04-01,0.12823667500784597,0.12823667500784597,0.12823667500784597
Haryana,Mewat,2025-05-01,0.7736358505368748,0.7736358505368748,0.7736358505368748
Haryana,Mewat,2025-06-01,-0.2693707116951143,-0.2693707116951143,-0.2693707116951143
Haryana,Mewat,2025-07-01,0.6319729301703192,0.6319729301703192,0.6319729301703192
Haryana,Mewat,2025-09-01,0.8170137492958544,0.8170137492958544,0.8170137492958544
Haryana,Mewat,2025-10-01,-0.06318241380729367,-0.06318241380729367,-0.06318241380729367
Haryana,Mewat,2025-11-01,0.09966574074401402,0.09966574074401402,0.09966574074401402
Haryana,Mewat,2025-12-01,-0.04484724467597313,-0.04484724467597313,-0.04484724467597313
Haryana,Nuh,2025-06-01,-1.4561401692817348,-1.4561401692817348,-1.4561401692817348
Haryana,Palwal,2025-03-01,0.39572803266841516,0.39572803266841516,0.39572803266841516
Haryana,Palwal,2025-04-01,0.09650572014574389,0.09650572014574389,0.09650572014574389
Haryana,Palwal,2025-05-01,0.22183209344974236,0.22183209344974236,0.22183209344974236
Haryana,Palwal,2025-06-01,0.3855022406119767,0.3855022406119767,0.3855022406119767
Haryana,Palwal,2025-07-01,0.5935884774622437,0.5935884774622437,0.5935884774622437
Haryana,Palwal,2025-09-01,0.7776928757749142,0.7776928757749142,0.7776928757749142
Haryana,Palwal,2025-10-01,-0.21797117064877236,-0.21797117064877236,-0.21797117064877236
Haryana,Palwal,2025-11-01,0.24236811143088688,0.24236811143088688,0.24236811143088688
Haryana,Palwal,2025-12-01,-0.16737935812265858,-0.16737935812265858,-0.16737935812265858
Haryana,Panchkula,2025-03-01,0.1984478060818834,0.1984478060818834,0.1984478060818834
Haryana,Panchkula,2025-04-01,0.1418027268107602,0.1418027268107602,0.1418027268107602
Haryana,Panchkula,2025-05-01,0.09313231120538673,0.09313231120538673,0.09313231120538673
Haryana,Panchkula,2025-06-01,0.013617754684303502,0.013617754684303502,0.013617754684303502
Haryana,Panchkula,2025-07-01,0.23606445869429613,0.23606445869429613,0.23606445869429613
Haryana,Panchkula,2025-09-01,0.6330842224729197,0.6330842224729197,0.6330842224729197
Haryana,Panchkula,2025-10-01,-0.27452529874740617,-0.27452529874740617,-0.27452529874740617
Haryana,Panchkula,2025-11-01,0.12573647588596243,0.12573647588596243,0.12573647588596243
Haryana,Panchkula,2025-12-01,-0.26092020591605236,-0.26092020591605236,-0.26092020591605236
Haryana,Panipat,2025-03-01,0.31321991844868446,0.31321991844868446,0.31321991844868446
Haryana,Panipat,2025-04-01,0.6927595630102904,0.6927595630102904,0.6927595630102904
Haryana,Panipat,2025-05-01,0.5425351506374381,0.5425351506374381,0.5425351506374381
Haryana,Panipat,2025-06-01,0.702578142063092,0.702578142063092,0.702578142063092
Haryana,Panipat,2025-07-01,0.3670418613191206,0.3670418613191206,0.3670418613191206
Haryana,Panipat,2025-09-01,-0.15213455640888102,-0.15213455640888102,-0.15213455640888102
Haryana,Panipat,2025-10-01,-0.2732993113142864,-0.2732993113142864,-0.2732993113142864
Haryana,Panipat,2025-11-01,0.17224222438163256,0.17224222438163256,0.17224222438163256
Haryana,Panipat,2025-12-01,-0.15797757753271163,-0.15797757753271163,-0.15797757753271163
Haryana,Rewari,2025-03-01,0.21891529964475465,0.21891529964475465,0.21891529964475465
Haryana,Rewari,2025-04-01,0.2248958739761217,0.2248958739761217,0.2248958739761217
Haryana,Rewari,2025-05-01,0.1766358037552792,0.1766358037552792,0.1766358037552792
Haryana,Rewari,2025-06-01,0.1901269131066325,0.1901269131066325,0.1901269131066325
Haryana,Rewari,2025-07-01,0.2694928553157095,0.2694928553157095,0.2694928553157095
Haryana,Rewari,2025-09-01,0.7185391482188755,0.7185391482188755,0.7185391482188755
Haryana,Rewari,2025-10-01,-0.2364946834936723,-0.2364946834936723,-0.2364946834936723
Haryana,Rewari,2025-11-01,0.11549880769908064,0.11549880769908064,0.11549880769908064
Haryana,Rewari,2025-12-01,-0.22703639249336305,-0.22703639249336305,-0.22703639249336305
Haryana,Rohtak,2025-03-01,0.3561059166583049,0.3561059166583049,0.3561059166583049
Haryana,Rohtak,2025-04-01,0.39565375525944385,0.39565375525944385,0.39565375525944385
Haryana,Rohtak,2025-05-01,0.26983478647651704,0.26983478647651704,0.26983478647651704
Haryana,Rohtak,2025-06-01,0.7471817388675934,0.7471817388675934,0.7471817388675934
Haryana,Rohtak,2025-07-01,-0.09709210494314396,-0.09709210494314396,-0.09709210494314396
Haryana,Rohtak,2025-09-01,0.7213534434900405,0.7213534434900405,0.7213534434900405
Haryana,Rohtak,2025-10-01,-0.28256152438776205,-0.28256152438776205,-0.28256152438776205
Haryana,Rohtak,2025-11-01,0.07238574943850576,0.07238574943850576,0.07238574943850576
Haryana,Rohtak,2025-12-01,-0.19577563953160393,-0.19577563953160393,-0.19577563953160393
Haryana,Sirsa,2025-03-01,0.5135031211221848,0.5135031211221848,0.5135031211221848
Haryana,Sirsa,2025-04-01,0.4793396561123334,0.4793396561123334,0.4793396561123334
Haryana,Sirsa,2025-05-01,0.45411661031429396,0.45411661031429396,0.45411661031429396
Haryana,Sirsa,2025-06-01,0.41232653960847443,0.41232653960847443,0.41232653960847443
Haryana,Sirsa,2025-07-01,0.6474670308629908,0.6474670308629908,0.6474670308629908
Haryana,Sirsa,2025-09-01,0.758102250332022,0.758102250332022,0.758102250332022
Haryana,Sirsa,2025-10-01,-0.13714741784072004,-0.13714741784072004,-0.13714741784072004
Haryana,Sirsa,2025-11-01,0.15165233099572423,0.15165233099572423,0.15165233099572423
Haryana,Sirsa,2025-12-01,-0.10544317144404296,-0.10544317144404296,-0.10544317144404296
Haryana,Sonipat,2025-03-01,0.5568295592144422,0.5568295592144422,0.5568295592144422
Haryana,Sonipat,2025-04-01,0.6977685482206396,0.6977685482206396,0.6977685482206396
Haryana,Sonipat,2025-05-01,0.2632578456450164,0.2632578456450164,0.2632578456450164
Haryana,Sonipat,2025-06-01,0.8147050641680914,0.8147050641680914,0.8147050641680914
Haryana,Sonipat,2025-07-01,0.07821185709653677,0.07821185709653677,0.07821185709653677
Haryana,Sonipat,2025-09-01,0.7693750783911377,0.7693750783911377,0.7693750783911377
Haryana,Sonipat,2025-10-01,-0.23936461083791147,-0.23936461083791147,-0.23936461083791147
Haryana,Sonipat,2025-11-01,0.20087140749045812,0.20087140749045812,0.20087140749045812
Haryana,Sonipat,2025-12-01,-0.18224325268179098,-0.18224325268179098,-0.18224325268179098
Haryana,Yamuna Nagar,2025-03-01,0.511958729493573,0.511958729493573,0.511958729493573
Haryana,Yamuna Nagar,2025-04-01,0.4471447212205634,0.4471447212205634,0.4471447212205634
Haryana,Yamuna Nagar,2025-05-01,0.3914998731260716,0.3914998731260716,0.3914998731260716
Haryana,Yamuna Nagar,2025-06-01,0.23736356985453844,0.23736356985453844,0.23736356985453844
Haryana,Yamuna Nagar,2025-07-01,0.6677946997899952,0.6677946997899952,0.6677946997899952
Haryana,Yamuna Nagar,2025-09-01,0.754943012441536,0.754943012441536,0.754943012441536
Haryana,Yamuna Nagar,2025-10-01,-0.2655112383132137,-0.2655112383132137,-0.2655112383132137
Haryana,Yamuna Nagar,2025-11-01,0.27610543555740064,0.27610543555740064,0.27610543555740064
Haryana,Yamuna Nagar,2025-12-01,-0.1349786857450715,-0.1349786857450715,-0.1349786857450715
Haryana,Yamunanagar,2025-03-01,-0.7631871606461338,-0.7631871606461338,-0.7631871606461338
Haryana,Yamunanagar,2025-04-01,-0.7646365210069499,-0.7646365210069499,-0.7646365210069499
Haryana,Yamunanagar,2025-06-01,-0.7881866651900089,-0.7881866651900089,-0.7881866651900089
Haryana,Yamunanagar,2025-07-01,-0.7705736866855972,-0.7705736866855972,-0.7705736866855972
Haryana,Yamunanagar,2025-09-01,0.14089755395481152,0.14089755395481152,0.14089755395481152
Haryana,Yamunanagar,2025-10-01,-0.7094967391306378,-0.7094967391306378,-0.7094967391306378
Haryana,Yamunanagar,2025-11-01,-0.6124608490992063,-0.6124608490992063,-0.6124608490992063
Haryana,Yamunanagar,2025-12-01,-0.7441766750446064,-0.7441766750446064,-0.7441766750446064
Himachal Pradesh,Bilaspur,2025-03-01,-0.11328310015190082,-0.11328310015190082,-0.11328310015190082
Himachal Pradesh,Bilaspur,2025-04-01,-0.15203079854184146,-0.15203079854184146,-0.15203079854184146
Himachal Pradesh,Bilaspur,2025-05-01,-0.2820642360652443,-0.2820642360652443,-0.2820642360652443
Himachal Pradesh,Bilaspur,2025-06-01,-0.25661542710228363,-0.25661542710228363,-0.25661542710228363
Himachal Pradesh,Bilaspur,2025-07-01,-0.18497375039549008,-0.18497375039549008,-0.18497375039549008
Himachal Pradesh,Bilaspur,2025-09-01,0.578154557849284,0.578154557849284,0.578154557849284
Himachal Pradesh,Bilaspur,2025-10-01,-0.32493112119410517,-0.32493112119410517,-0.32493112119410517
Himachal Pradesh,Bilaspur,2025-11-01,-0.07730976046772958,-0.07730976046772958,-0.07730976046772958
Himachal Pradesh,Bilaspur,2025-12-01,-0.35770848578471776,-0.35770848578471776,-0.35770848578471776
Himachal Pradesh,Chamba,2025-03-01,0.17259180501040536,0.17259180501040536,0.17259180501040536
Himachal Pradesh,Chamba,2025-04-01,-0.06669526500852382,-0.06669526500852382,-0.06669526500852382
Himachal Pradesh,Chamba,2025-05-01,-0.16448217615101887,-0.16448217615101887,-0.16448217615101887
Himachal Pradesh,Chamba,2025-06-01,-0.18168196574776285,-0.18168196574776285,-0.18168196574776285
Himachal Pradesh,Chamba,2025-07-01,-0.13306413564182962,-0.13306413564182962,-0.13306413564182962
Himachal Pradesh,Chamba,2025-09-01,0.6932706611659348,0.6932706611659348,0.6932706611659348
Himachal Pradesh,Chamba,2025-10-01,-0.2278515320811142,-0.2278515320811142,-0.2278515320811142
Himachal Pradesh,Chamba,2025-11-01,0.1545311094397088,0.1545311094397088,0.1545311094397088
Himachal Pradesh,Chamba,2025-12-01,-0.3241625370777531,-0.3241625370777531,-0.3241625370777531
Himachal Pradesh,Hamirpur,2025-03-01,-0.09751197036737264,-0.09751197036737264,-0.09751197036737264
Himachal Pradesh,Hamirpur,2025-04-01,-0.1726905300841508,-0.1726905300841508,-0.1726905300841508
Himachal Pradesh,Hamirpur,2025-05-01,-0.3101515865976462,-0.3101515865976462,-0.3101515865976462
Himachal Pradesh,Hamirpur,2025-06-01,-0.2252843671227575,-0.2252843671227575,-0.2252843671227575
Himachal Pradesh,Hamirpur,2025-07-01,-0.18209190971628736,-0.18209190971628736,-0.18209190971628736
Himachal Pradesh,Hamirpur,2025-09-01,0.595806606681838,0.595806606681838,0.595806606681838
Himachal Pradesh,Hamirpur,2025-10-01,-0.22916497136142205,-0.22916497136142205,-0.22916497136142205
Himachal Pradesh,Hamirpur,2025-11-01,-0.060120356512699924,-0.060120356512699924,-0.060120356512699924
Himachal Pradesh,Hamirpur,2025-12-01,-0.36499396080274277,-0.36499396080274277,-0.36499396080274277
Himachal Pradesh,Kangra,2025-03-01,0.6010901909146347,0.6010901909146347,0.6010901909146347
Himachal Pradesh,Kangra,2025-04-01,0.23731674927545326,0.23731674927545326,0.23731674927545326
Himachal Pradesh,Kangra,2025-05-01,0.07308955712618878,0.07308955712618878,0.07308955712618878
Himachal Pradesh,Kangra,2025-06-01,0.1545833098173957,0.1545833098173957,0.1545833098173957
Himachal Pradesh,Kangra,2025-07-01,0.2574098253012612,0.2574098253012612,0.2574098253012612
Himachal Pradesh,Kangra,2025-09-01,0.8028576357864236,0.8028576357864236,0.8028576357864236
Himachal Pradesh,Kangra,2025-10-01,-0.1730314342197451,-0.1730314342197451,-0.1730314342197451
Himachal Pradesh,Kangra,2025-11-01,0.12381683201611296,0.12381683201611296,0.12381683201611296
Himachal Pradesh,Kangra,2025-12-01,-0.18428224081774855,-0.18428224081774855,-0.18428224081774855
Himachal Pradesh,Kinnaur,2025-03-01,-0.557365677092988,-0.557365677092988,-0.557365677092988
Himachal Pradesh,Kinnaur,2025-04-01,-0.49277335308784065,-0.49277335308784065,-0.49277335308784065
Himachal Pradesh,Kinnaur,2025-05-01,-0.5840649264443847,-0.5840649264443847,-0.5840649264443847
Himachal Pradesh,Kinnaur,2025-06-01,-0.5598159884557429,-0.5598159884557429,-0.5598159884557429
Himachal Pradesh,Kinnaur,2025-07-01,-0.4299605403487126,-0.4299605403487126,-0.4299605403487126
Himachal Pradesh,Kinnaur,2025-09-01,0.32187258197785784,0.32187258197785784,0.32187258197785784
Himachal Pradesh,Kinnaur,2025-10-01,-0.700714634119561,-0.700714634119561,-0.700714634119561
Himachal Pradesh,Kinnaur,2025-11-01,-0.0774863344876758,-0.0774863344876758,-0.0774863344876758
Himachal Pradesh,Kinnaur,2025-12-01,-0.5784467437646608,-0.5784467437646608,-0.5784467437646608
Himachal Pradesh,Kullu,2025-03-01,-0.09281362289022274,-0.09281362289022274,-0.09281362289022274
Himachal Pradesh,Kullu,2025-04-01,-0.14564535375214638,-0.14564535375214638,-0.14564535375214638
Himachal Pradesh,Kullu,2025-05-01,-0.29569413019408,-0.29569413019408,-0.29569413019408
Himachal Pradesh,Kullu,2025-06-01,-0.25526135997454746,-0.25526135997454746,-0.25526135997454746
Himachal Pradesh,Kullu,2025-07-01,0.524627210587108,0.524627210587108,0.524627210587108
Himachal Pradesh,Kullu,2025-09-01,0.07698149620877132,0.07698149620877132,0.07698149620877132
Himachal Pradesh,Kullu,2025-10-01,-0.18738488601791,-0.18738488601791,-0.18738488601791
Himachal Pradesh,Kullu,2025-11-01,0.18528853122719402,0.18528853122719402,0.18528853122719402
Himachal Pradesh,Kullu,2025-12-01,-0.41958634817700896,-0.41958634817700896,-0.41958634817700896
Himachal Pradesh,Lahaul and Spiti,2025-09-01,-1.0448557015574718,-1.0448557015574718,-1.0448557015574718
Himachal Pradesh,Lahaul and Spiti,2025-10-01,-0.2265591360697538,-0.2265591360697538,-0.2265591360697538
Himachal Pradesh,Lahaul and Spiti,2025-11-01,-1.404945886006831,-1.404945886006831,-1.404945886006831
Himachal Pradesh,Lahaul and Spiti,2025-12-01,-0.03108938254583362,-0.03108938254583362,-0.03108938254583362
Himachal Pradesh,Lahul & Spiti,2025-06-01,-0.8100241505509356,-0.8100241505509356,-0.8100241505509356
Himachal Pradesh,Lahul & Spiti,2025-09-01,0.1270642594279455,0.1270642594279455,0.1270642594279455
Himachal Pradesh,Lahul & Spiti,2025-10-01,-0.886469208316568,-0.886469208316568,-0.886469208316568
Himachal Pradesh,Lahul & Spiti,2025-11-01,-0.1860484809923294,-0.1860484809923294,-0.1860484809923294
Himachal Pradesh,Lahul & Spiti,2025-12-01,-0.9662323590519606,-0.9662323590519606,-0.9662323590519606
Himachal Pradesh,Lahul and Spiti,2025-06-01,-0.731931484816106,-0.731931484816106,-0.731931484816106
Himachal Pradesh,Lahul and Spiti,2025-07-01,-0.8605730367982962,-0.8605730367982962,-0.8605730367982962
Himachal Pradesh,Lahul and Spiti,2025-09-01,0.07272432978214668,0.07272432978214668,0.07272432978214668
Himachal Pradesh,Lahul and Spiti,2025-10-01,-0.9083353452564447,-0.9083353452564447,-0.9083353452564447
Himachal Pradesh,Lahul and Spiti,2025-11-01,-0.3749907282966708,-0.3749907282966708,-0.3749907282966708
Himachal Pradesh,Lahul and Spiti,2025-12-01,-0.7995474882064026,-0.7995474882064026,-0.7995474882064026
Himachal Pradesh,Mandi,2025-03-01,0.3051066629270063,0.3051066629270063,0.3051066629270063
Himachal Pradesh,Mandi,2025-04-01,0.1676803209559038,0.1676803209559038,0.1676803209559038
Himachal Pradesh,Mandi,2025-05-01,-0.03759417691267225,-0.03759417691267225,-0.03759417691267225
Himachal Pradesh,Mandi,2025-06-01,0.05962716243379444,0.05962716243379444,0.05962716243379444
Himachal Pradesh,Mandi,2025-07-01,0.11295162708774427,0.11295162708774427,0.11295162708774427
Himachal Pradesh,Mandi,2025-09-01,0.7101648061682461,0.7101648061682461,0.7101648061682461
Himachal Pradesh,Mandi,2025-10-01,-0.18367863711544036,-0.18367863711544036,-0.18367863711544036
Himachal Pradesh,Mandi,2025-11-01,0.05566335300208527,0.05566335300208527,0.05566335300208527
Himachal Pradesh,Mandi,2025-12-01,-0.22990787027741,-0.22990787027741,-0.22990787027741
Himachal Pradesh,Shimla,2025-03-01,0.10585961644617822,0.10585961644617822,0.10585961644617822
Himachal Pradesh,Shimla,2025-04-01,-0.02110238782218407,-0.02110238782218407,-0.02110238782218407
Himachal Pradesh,Shimla,2025-05-01,-0.15976269414958405,-0.15976269414958405,-0.15976269414958405
Himachal Pradesh,Shimla,2025-06-01,-0.1302993400369377,-0.1302993400369377,-0.1302993400369377
Himachal Pradesh,Shimla,2025-07-01,-0.03850944818203001,-0.03850944818203001,-0.03850944818203001
Himachal Pradesh,Shimla,2025-09-01,0.6848115460152946,0.6848115460152946,0.6848115460152946
Himachal Pradesh,Shimla,2025-10-01,-0.19445776681207172,-0.19445776681207172,-0.19445776681207172
Himachal Pradesh,Shimla,2025-11-01,0.012145015778182923,0.012145015778182923,0.012145015778182923
Himachal Pradesh,Shimla,2025-12-01,-0.3270100454433139,-0.3270100454433139,-0.3270100454433139
Himachal Pradesh,Sirmaur,2025-03-01,0.2000069606891029,0.2000069606891029,0.2000069606891029
Himachal Pradesh,Sirmaur,2025-04-01,-0.005840137788171093,-0.005840137788171093,-0.005840137788171093
Himachal Pradesh,Sirmaur,2025-05-01,-0.13939833997998102,-0.13939833997998102,-0.13939833997998102
Himachal Pradesh,Sirmaur,2025-06-01,0.04631795485282504,0.04631795485282504,0.04631795485282504
Himachal Pradesh,Sirmaur,2025-07-01,-0.05969809331671192,-0.05969809331671192,-0.05969809331671192
Himachal Pradesh,Sirmaur,2025-09-01,0.6365307530455313,0.6365307530455313,0.6365307530455313
Himachal Pradesh,Sirmaur,2025-10-01,-0.4265067423150596,-0.4265067423150596,-0.4265067423150596
Himachal Pradesh,Sirmaur,2025-11-01,0.09119142545102828,0.09119142545102828,0.09119142545102828
Himachal Pradesh,Sirmaur,2025-12-01,-0.3760967319064547,-0.3760967319064547,-0.3760967319064547
Himachal Pradesh,Solan,2025-03-01,-0.002344026057588832,-0.002344026057588832,-0.002344026057588832
Himachal Pradesh,Solan,2025-04-01,-0.0672717681291195,-0.0672717681291195,-0.0672717681291195
Himachal Pradesh,Solan,2025-05-01,-0.1619411227936453,-0.1619411227936453,-0.1619411227936453
Himachal Pradesh,Solan,2025-06-01,-0.13864483376537204,-0.13864483376537204,-0.13864483376537204
Himachal Pradesh,Solan,2025-07-01,-0.07016313558249584,-0.07016313558249584,-0.07016313558249584
Himachal Pradesh,Solan,2025-09-01,0.6168589367540137,0.6168589367540137,0.6168589367540137
Himachal Pradesh,Solan,2025-10-01,-0.3097256391776247,-0.3097256391776247,-0.3097256391776247
Himachal Pradesh,Solan,2025-11-01,0.020528174558348832,0.020528174558348832,0.020528174558348832
Himachal Pradesh,Solan,2025-12-01,-0.3561031250782006,-0.3561031250782006,-0.3561031250782006
Himachal Pradesh,Una,2025-03-01,-0.021361767936424844,-0.021361767936424844,-0.021361767936424844
Himachal Pradesh,Una,2025-04-01,-0.08305238468384421,-0.08305238468384421,-0.08305238468384421
Himachal Pradesh,Una,2025-05-01,-0.2149963100684713,-0.2149963100684713,-0.2149963100684713
Himachal Pradesh,Una,2025-06-01,-0.16609631937128294,-0.16609631937128294,-0.16609631937128294
Himachal Pradesh,Una,2025-07-01,-0.11187894073897937,-0.11187894073897937,-0.11187894073897937
Himachal Pradesh,Una,2025-09-01,0.6652768492252485,0.6652768492252485,0.6652768492252485
Himachal Pradesh,Una,2025-10-01,-0.23180551225478285,-0.23180551225478285,-0.23180551225478285
Himachal Pradesh,Una,2025-11-01,-0.17125380973769794,-0.17125380973769794,-0.17125380973769794
Himachal Pradesh,Una,2025-12-01,-0.3098435230504845,-0.3098435230504845,-0.3098435230504845
Jaipur,Near meera hospital,2025-12-01,-1.2932484716713615,-1.2932484716713615,-1.2932484716713615
Jammu & Kashmir,Anantnag,2025-09-01,-1.2933116329069427,-1.2933116329069427,-1.2933116329069427
Jammu & Kashmir,Anantnag,2025-10-01,-1.5816024247819407,-1.5816024247819407,-1.5816024247819407
Jammu & Kashmir,Anantnag,2025-11-01,-1.2932484716713615,-1.2932484716713615,-1.2932484716713615
Jammu & Kashmir,Anantnag,2025-12-01,-0.3023914027293207,-0.3023914027293207,-0.3023914027293207
Jammu & Kashmir,Badgam,2025-09-01,-1.2175098998042315,-1.2175098998042315,-1.2175098998042315
Jammu & Kashmir,Badgam,2025-10-01,-1.2505668573998039,-1.2505668573998039,-1.2505668573998039
Jammu & Kashmir,Badgam,2025-11-01,-0.36248928392141394,-0.36248928392141394,-0.36248928392141394
Jammu & Kashmir,Badgam,2025-12-01,-1.6646124251305925,-1.6646124251305925,-1.6646124251305925
Jammu & Kashmir,Bandipur,2025-10-01,-1.4561139741661056,-1.4561139741661056,-1.4561139741661056
Jammu & Kashmir,Bandipur,2025-11-01,-1.7673783501245293,-1.7673783501245293,-1.7673783501245293
Jammu & Kashmir,Bandipur,2025-12-01,-0.628043194409099,-0.628043194409099,-0.628043194409099
Jammu & Kashmir,Baramula,2025-09-01,-0.905786835299109,-0.905786835299109,-0.905786835299109
Jammu & Kashmir,Baramula,2025-10-01,-1.1571308541744405,-1.1571308541744405,-1.1571308541744405
Jammu & Kashmir,Baramula,2025-11-01,-0.7701898365659123,-0.7701898365659123,-0.7701898365659123
Jammu & Kashmir,Baramula,2025-12-01,-0.9025502126994672,-0.9025502126994672,-0.9025502126994672
Jammu & Kashmir,Doda,2025-09-01,-1.2174997219519461,-1.2174997219519461,-1.2174997219519461
Jammu & Kashmir,Doda,2025-11-01,-0.465240853149936,-0.465240853149936,-0.465240853149936
Jammu & Kashmir,Doda,2025-12-01,-1.6646022472783073,-1.6646022472783073,-1.6646022472783073
Jammu & Kashmir,Jammu,2025-09-01,-0.7706533755076411,-0.7706533755076411,-0.7706533755076411
Jammu & Kashmir,Jammu,2025-10-01,-0.8502495022181858,-0.8502495022181858,-0.8502495022181858
Jammu & Kashmir,Jammu,2025-11-01,-0.6850572451070087,-0.6850572451070087,-0.6850572451070087
Jammu & Kashmir,Jammu,2025-12-01,-1.0174773873397982,-1.0174773873397982,-1.0174773873397982
Jammu & Kashmir,Kargil,2025-09-01,-1.190545577030389,-1.190545577030389,-1.190545577030389
Jammu & Kashmir,Kargil,2025-10-01,-1.4561139741661056,-1.4561139741661056,-1.4561139741661056
Jammu & Kashmir,Kargil,2025-11-01,-0.7765382442696309,-0.7765382442696309,-0.7765382442696309
Jammu & Kashmir,Kargil,2025-12-01,-1.664632780835163,-1.664632780835163,-1.664632780835163
Jammu & Kashmir,Kathua,2025-09-01,-1.0276819017269758,-1.0276819017269758,-1.0276819017269758
Jammu & Kashmir,Kathua,2025-10-01,-1.4498150939737975,-1.4498150939737975,-1.4498150939737975
Jammu & Kashmir,Kathua,2025-11-01,-0.1286857359878108,-0.1286857359878108,-0.1286857359878108
Jammu & Kashmir,Kathua,2025-12-01,-0.10107070134331374,-0.10107070134331374,-0.10107070134331374
Jammu & Kashmir,Kupwara,2025-09-01,-1.4561227174749103,-1.4561227174749103,-1.4561227174749103
Jammu & Kashmir,Kupwara,2025-10-01,-1.0862992886590672,-1.0862992886590672,-1.0862992886590672
Jammu & Kashmir,Kupwara,2025-11-01,-1.155310432957434,-1.155310432957434,-1.155310432957434
Jammu & Kashmir,Kupwara,2025-12-01,-1.5816329583387965,-1.5816329583387965,-1.5816329583387965
Jammu & Kashmir,Leh (ladakh),2025-09-01,-1.1675568570511523,-1.1675568570511523,-1.1675568570511523
Jammu & Kashmir,Leh (ladakh),2025-10-01,-0.31980844978025225,-0.31980844978025225,-0.31980844978025225
Jammu & Kashmir,Leh (ladakh),2025-11-01,-1.6315351118304493,-1.6315351118304493,-1.6315351118304493
Jammu & Kashmir,Leh (ladakh),2025-12-01,-0.5253280329592762,-0.5253280329592762,-0.5253280329592762
Jammu & Kashmir,Pulwama,2025-10-01,-1.3533848495987186,-1.3533848495987186,-1.3533848495987186
Jammu & Kashmir,Pulwama,2025-11-01,-1.3533899385248611,-1.3533899385248611,-1.3533899385248611
Jammu & Kashmir,Pulwama,2025-12-01,-0.9393634228377794,-0.9393634228377794,-0.9393634228377794
Jammu & Kashmir,Punch,2025-09-01,-1.2932484716713615,-1.2932484716713615,-1.2932484716713615
Jammu & Kashmir,Punch,2025-10-01,-1.3533531380983113,-1.3533531380983113,-1.3533531380983113
Jammu & Kashmir,Punch,2025-11-01,-1.217489544099661,-1.217489544099661,-1.217489544099661
Jammu & Kashmir,Punch,2025-12-01,-0.4225692858480467,-0.4225692858480467,-0.4225692858480467
Jammu & Kashmir,Rajauri,2025-09-01,-1.2174793662473757,-1.2174793662473757,-1.2174793662473757
Jammu & Kashmir,Rajauri,2025-10-01,-1.293228115966791,-1.293228115966791,-1.293228115966791
Jammu & Kashmir,Rajauri,2025-11-01,-0.3396164416305158,-0.3396164416305158,-0.3396164416305158
Jammu & Kashmir,Rajauri,2025-12-01,-1.0450761114689213,-1.0450761114689213,-1.0450761114689213
Jammu & Kashmir,Srinagar,2025-09-01,-1.190545577030389,-1.190545577030389,-1.190545577030389
Jammu & Kashmir,Srinagar,2025-10-01,-1.631524933978164,-1.631524933978164,-1.631524933978164
Jammu & Kashmir,Srinagar,2025-11-01,-0.2867056918493962,-0.2867056918493962,-0.2867056918493962
Jammu & Kashmir,Srinagar,2025-12-01,-1.1304048954725898,-1.1304048954725898,-1.1304048954725898
Jammu & Kashmir,Udhampur,2025-09-01,-1.2506400656050534,-1.2506400656050534,-1.2506400656050534
Jammu & Kashmir,Udhampur,2025-10-01,-1.7673783501245293,-1.7673783501245293,-1.7673783501245293
Jammu & Kashmir,Udhampur,2025-11-01,-1.250577035252089,-1.250577035252089,-1.250577035252089
Jammu & Kashmir,Udhampur,2025-12-01,-0.38949745412189696,-0.38949745412189696,-0.38949745412189696
Jammu And Kashmir,Doda,2025-07-01,-1.456140106764407,-1.456140106764407,-1.456140106764407
Jammu And Kashmir,Shopian,2025-07-01,-1.4561400770710844,-1.4561400770710844,-1.4561400770710844
Jammu and Kashmir,?,2025-11-01,-1.3533429602460259,-1.3533429602460259,-1.3533429602460259
Jammu and Kashmir,Anantnag,2025-03-01,0.3184152685270067,0.3184152685270067,0.3184152685270067
Jammu and Kashmir,Anantnag,2025-04-01,0.11492404421869529,0.11492404421869529,0.11492404421869529
Jammu and Kashmir,Anantnag,2025-05-01,0.03093636114136479,0.03093636114136479,0.03093636114136479
Jammu and Kashmir,Anantnag,2025-06-01,0.0023642629646885615,0.0023642629646885615,0.0023642629646885615
Jammu and Kashmir,Anantnag,2025-07-01,0.10362929414800152,0.10362929414800152,0.10362929414800152
Jammu and Kashmir,Anantnag,2025-09-01,0.6577957410826175,0.6577957410826175,0.6577957410826175
Jammu and Kashmir,Anantnag,2025-10-01,-0.26405901756554234,-0.26405901756554234,-0.26405901756554234
Jammu and Kashmir,Anantnag,2025-11-01,0.027674346185477657,0.027674346185477657,0.027674346185477657
Jammu and Kashmir,Anantnag,2025-12-01,-0.11428402243935311,-0.11428402243935311,-0.11428402243935311
Jammu and Kashmir,Badgam,2025-03-01,-0.006593639024072291,-0.006593639024072291,-0.006593639024072291
Jammu and Kashmir,Badgam,2025-04-01,-0.29349157696883876,-0.29349157696883876,-0.29349157696883876
Jammu and Kashmir,Badgam,2025-05-01,-0.3205396683444697,-0.3205396683444697,-0.3205396683444697
Jammu and Kashmir,Badgam,2025-06-01,-0.3146071100025057,-0.3146071100025057,-0.3146071100025057
Jammu and Kashmir,Badgam,2025-07-01,-0.2785370011790729,-0.2785370011790729,-0.2785370011790729
Jammu and Kashmir,Badgam,2025-09-01,0.5370309363868877,0.5370309363868877,0.5370309363868877
Jammu and Kashmir,Badgam,2025-10-01,-0.46733265440209215,-0.46733265440209215,-0.46733265440209215
Jammu and Kashmir,Badgam,2025-11-01,-0.14161411177935052,-0.14161411177935052,-0.14161411177935052
Jammu and Kashmir,Badgam,2025-12-01,-0.1720634904522761,-0.1720634904522761,-0.1720634904522761
Jammu and Kashmir,Bandipore,2025-03-01,-0.057211059981797416,-0.057211059981797416,-0.057211059981797416
Jammu and Kashmir,Bandipore,2025-04-01,-0.01734824019874876,-0.01734824019874876,-0.01734824019874876
Jammu and Kashmir,Bandipore,2025-05-01,-0.23963694156627352,-0.23963694156627352,-0.23963694156627352
Jammu and Kashmir,Bandipore,2025-06-01,-0.28529856140168564,-0.28529856140168564,-0.28529856140168564
Jammu and Kashmir,Bandipore,2025-07-01,-0.011970770275882558,-0.011970770275882558,-0.011970770275882558
Jammu and Kashmir,Bandipore,2025-09-01,0.5546593809869612,0.5546593809869612,0.5546593809869612
Jammu and Kashmir,Bandipore,2025-10-01,-0.34706097473602476,-0.34706097473602476,-0.34706097473602476
Jammu and Kashmir,Bandipore,2025-11-01,-0.22391292375692803,-0.22391292375692803,-0.22391292375692803
Jammu and Kashmir,Bandipore,2025-12-01,-0.2577248091179135,-0.2577248091179135,-0.2577248091179135
Jammu and Kashmir,Bandipur,2025-12-01,-1.3533531380983113,-1.3533531380983113,-1.3533531380983113
Jammu and Kashmir,Baramula,2025-03-01,0.3411088969163313,0.3411088969163313,0.3411088969163313
Jammu and Kashmir,Baramula,2025-04-01,0.35494976981902027,0.35494976981902027,0.35494976981902027
Jammu and Kashmir,Baramula,2025-05-01,0.720955600440766,0.720955600440766,0.720955600440766
Jammu and Kashmir,Baramula,2025-06-01,-0.31182967751047597,-0.31182967751047597,-0.31182967751047597
Jammu and Kashmir,Baramula,2025-07-01,0.17896372032935523,0.17896372032935523,0.17896372032935523
Jammu and Kashmir,Baramula,2025-09-01,0.7090999472021616,0.7090999472021616,0.7090999472021616
Jammu and Kashmir,Baramula,2025-10-01,-0.3112048486667865,-0.3112048486667865,-0.3112048486667865
Jammu and Kashmir,Baramula,2025-11-01,0.18680021792679002,0.18680021792679002,0.18680021792679002
Jammu and Kashmir,Baramula,2025-12-01,0.05587359588619098,0.05587359588619098,0.05587359588619098
Jammu and Kashmir,Budgam,2025-03-01,0.060864794012087456,0.060864794012087456,0.060864794012087456
Jammu and Kashmir,Budgam,2025-04-01,-0.00997673438089313,-0.00997673438089313,-0.00997673438089313
Jammu and Kashmir,Budgam,2025-05-01,-0.11875277103483146,-0.11875277103483146,-0.11875277103483146
Jammu and Kashmir,Budgam,2025-06-01,-0.06136515922944055,-0.06136515922944055,-0.06136515922944055
Jammu and Kashmir,Budgam,2025-07-01,-0.05003354063907653,-0.05003354063907653,-0.05003354063907653
Jammu and Kashmir,Budgam,2025-09-01,0.5326296065582083,0.5326296065582083,0.5326296065582083
Jammu and Kashmir,Budgam,2025-10-01,-0.3727771124208672,-0.3727771124208672,-0.3727771124208672
Jammu and Kashmir,Budgam,2025-11-01,-0.13772499038286085,-0.13772499038286085,-0.13772499038286085
Jammu and Kashmir,Budgam,2025-12-01,-0.24904942756227175,-0.24904942756227175,-0.24904942756227175
Jammu and Kashmir,Doda,2025-03-01,0.05465208957763733,0.05465208957763733,0.05465208957763733
Jammu and Kashmir,Doda,2025-04-01,-0.044776962354532275,-0.044776962354532275,-0.044776962354532275
Jammu and Kashmir,Doda,2025-05-01,-0.10081769087973444,-0.10081769087973444,-0.10081769087973444
Jammu and Kashmir,Doda,2025-06-01,-0.11954409359927813,-0.11954409359927813,-0.11954409359927813
Jammu and Kashmir,Doda,2025-07-01,-0.07443097585009659,-0.07443097585009659,-0.07443097585009659
Jammu and Kashmir,Doda,2025-09-01,0.4970532976080356,0.4970532976080356,0.4970532976080356
Jammu and Kashmir,Doda,2025-10-01,0.6364094178815757,0.6364094178815757,0.6364094178815757
Jammu and Kashmir,Doda,2025-11-01,-0.20785232726654979,-0.20785232726654979,-0.20785232726654979
Jammu and Kashmir,Doda,2025-12-01,-0.1745604758780836,-0.1745604758780836,-0.1745604758780836
Jammu and Kashmir,Ganderbal,2025-03-01,-0.17832478353918976,-0.17832478353918976,-0.17832478353918976
Jammu and Kashmir,Ganderbal,2025-04-01,-0.19439785422586553,-0.19439785422586553,-0.19439785422586553
Jammu and Kashmir,Ganderbal,2025-05-01,-0.34280257553966087,-0.34280257553966087,-0.34280257553966087
Jammu and Kashmir,Ganderbal,2025-06-01,-0.37948568912258657,-0.37948568912258657,-0.37948568912258657
Jammu and Kashmir,Ganderbal,2025-07-01,-0.23822663978846556,-0.23822663978846556,-0.23822663978846556
Jammu and Kashmir,Ganderbal,2025-09-01,0.46083330062967703,0.46083330062967703,0.46083330062967703
Jammu and Kashmir,Ganderbal,2025-10-01,-0.5703326047119823,-0.5703326047119823,-0.5703326047119823
Jammu and Kashmir,Ganderbal,2025-11-01,-0.03661059554177945,-0.03661059554177945,-0.03661059554177945
Jammu and Kashmir,Ganderbal,2025-12-01,-0.31176675582784935,-0.31176675582784935,-0.31176675582784935
Jammu and Kashmir,Jammu,2025-03-01,0.6083647090394029,0.6083647090394029,0.6083647090394029
Jammu and Kashmir,Jammu,2025-04-01,0.2772525693822508,0.2772525693822508,0.2772525693822508
Jammu and Kashmir,Jammu,2025-05-01,0.7292129928985145,0.7292129928985145,0.7292129928985145
Jammu and Kashmir,Jammu,2025-06-01,-0.14656982689872672,-0.14656982689872672,-0.14656982689872672
Jammu and Kashmir,Jammu,2025-07-01,0.37191906096979277,0.37191906096979277,0.37191906096979277
Jammu and Kashmir,Jammu,2025-09-01,0.7811562610103886,0.7811562610103886,0.7811562610103886
Jammu and Kashmir,Jammu,2025-10-01,-0.17169290126695946,-0.17169290126695946,-0.17169290126695946
Jammu and Kashmir,Jammu,2025-11-01,0.03907696422376551,0.03907696422376551,0.03907696422376551
Jammu and Kashmir,Jammu,2025-12-01,-0.046954846151635685,-0.046954846151635685,-0.046954846151635685
Jammu and Kashmir,Kargil,2025-03-01,-0.4436524903614995,-0.4436524903614995,-0.4436524903614995
Jammu and Kashmir,Kargil,2025-04-01,-0.5712929111084176,-0.5712929111084176,-0.5712929111084176
Jammu and Kashmir,Kargil,2025-05-01,-0.6726423809569179,-0.6726423809569179,-0.6726423809569179
Jammu and Kashmir,Kargil,2025-06-01,-0.7603285115610154,-0.7603285115610154,-0.7603285115610154
Jammu and Kashmir,Kargil,2025-07-01,-0.6686366298454404,-0.6686366298454404,-0.6686366298454404
Jammu and Kashmir,Kargil,2025-09-01,0.36226868910263466,0.36226868910263466,0.36226868910263466
Jammu and Kashmir,Kargil,2025-10-01,-0.6572425261389462,-0.6572425261389462,-0.6572425261389462
Jammu and Kashmir,Kargil,2025-11-01,-0.3141349706731841,-0.3141349706731841,-0.3141349706731841
Jammu and Kashmir,Kargil,2025-12-01,-0.35524635019147033,-0.35524635019147033,-0.35524635019147033
Jammu and Kashmir,Kathua,2025-03-01,0.15575444443107478,0.15575444443107478,0.15575444443107478
Jammu and Kashmir,Kathua,2025-04-01,0.03822968260469523,0.03822968260469523,0.03822968260469523
Jammu and Kashmir,Kathua,2025-05-01,-0.05973387828873428,-0.05973387828873428,-0.05973387828873428
Jammu and Kashmir,Kathua,2025-06-01,-0.023662920088052063,-0.023662920088052063,-0.023662920088052063
Jammu and Kashmir,Kathua,2025-07-01,0.04996717605941764,0.04996717605941764,0.04996717605941764
Jammu and Kashmir,Kathua,2025-09-01,0.631157677827185,0.631157677827185,0.631157677827185
Jammu and Kashmir,Kathua,2025-10-01,-0.2545629210209441,-0.2545629210209441,-0.2545629210209441
Jammu and Kashmir,Kathua,2025-11-01,0.3655154515801842,0.3655154515801842,0.3655154515801842
Jammu and Kashmir,Kathua,2025-12-01,-0.14805895181376377,-0.14805895181376377,-0.14805895181376377
Jammu and Kashmir,Kishtwar,2025-03-01,-0.20771621038557941,-0.20771621038557941,-0.20771621038557941
Jammu and Kashmir,Kishtwar,2025-04-01,-0.14740641215129235,-0.14740641215129235,-0.14740641215129235
Jammu and Kashmir,Kishtwar,2025-05-01,-0.14183342993737838,-0.14183342993737838,-0.14183342993737838
Jammu and Kashmir,Kishtwar,2025-06-01,-0.14738731119816764,-0.14738731119816764,-0.14738731119816764
Jammu and Kashmir,Kishtwar,2025-07-01,-0.08654332183810344,-0.08654332183810344,-0.08654332183810344
Jammu and Kashmir,Kishtwar,2025-09-01,0.44569108563017035,0.44569108563017035,0.44569108563017035
Jammu and Kashmir,Kishtwar,2025-10-01,-0.24963766730491793,-0.24963766730491793,-0.24963766730491793
Jammu and Kashmir,Kishtwar,2025-11-01,-0.13406850085941957,-0.13406850085941957,-0.13406850085941957
Jammu and Kashmir,Kishtwar,2025-12-01,-0.288424445170858,-0.288424445170858,-0.288424445170858
Jammu and Kashmir,Kulgam,2025-03-01,0.011999389280886612,0.011999389280886612,0.011999389280886612
Jammu and Kashmir,Kulgam,2025-04-01,0.008995336621463478,0.008995336621463478,0.008995336621463478
Jammu and Kashmir,Kulgam,2025-05-01,-0.06845467868882124,-0.06845467868882124,-0.06845467868882124
Jammu and Kashmir,Kulgam,2025-06-01,-0.15100832457782387,-0.15100832457782387,-0.15100832457782387
Jammu and Kashmir,Kulgam,2025-07-01,-0.11834052995364014,-0.11834052995364014,-0.11834052995364014
Jammu and Kashmir,Kulgam,2025-09-01,0.5195061487821802,0.5195061487821802,0.5195061487821802
Jammu and Kashmir,Kulgam,2025-10-01,-0.3873805098400942,-0.3873805098400942,-0.3873805098400942
Jammu and Kashmir,Kulgam,2025-11-01,-0.07247075564754546,-0.07247075564754546,-0.07247075564754546
Jammu and Kashmir,Kulgam,2025-12-01,-0.28507356081174845,-0.28507356081174845,-0.28507356081174845
Jammu and Kashmir,Kupwara,2025-03-01,0.27641920933504316,0.27641920933504316,0.27641920933504316
Jammu and Kashmir,Kupwara,2025-04-01,0.45085490623981206,0.45085490623981206,0.45085490623981206
Jammu and Kashmir,Kupwara,2025-05-01,0.2034872599731305,0.2034872599731305,0.2034872599731305
Jammu and Kashmir,Kupwara,2025-06-01,0.04899289080143774,0.04899289080143774,0.04899289080143774
Jammu and Kashmir,Kupwara,2025-07-01,0.3083675865892901,0.3083675865892901,0.3083675865892901
Jammu and Kashmir,Kupwara,2025-09-01,0.6734917058446562,0.6734917058446562,0.6734917058446562
Jammu and Kashmir,Kupwara,2025-10-01,-0.2218949323479573,-0.2218949323479573,-0.2218949323479573
Jammu and Kashmir,Kupwara,2025-11-01,-0.04188704223974811,-0.04188704223974811,-0.04188704223974811
Jammu and Kashmir,Kupwara,2025-12-01,-0.21068807515859686,-0.21068807515859686,-0.21068807515859686
Jammu and Kashmir,Leh,2025-03-01,-0.4618797711934087,-0.4618797711934087,-0.4618797711934087
Jammu and Kashmir,Leh,2025-04-01,-0.6282344611393035,-0.6282344611393035,-0.6282344611393035
Jammu and Kashmir,Leh,2025-05-01,-0.7307558806883149,-0.7307558806883149,-0.7307558806883149
Jammu and Kashmir,Leh,2025-06-01,-0.72613983110158,-0.72613983110158,-0.72613983110158
Jammu and Kashmir,Leh,2025-07-01,-0.6639579425535918,-0.6639579425535918,-0.6639579425535918
Jammu and Kashmir,Leh,2025-09-01,0.3330312654483882,0.3330312654483882,0.3330312654483882
Jammu and Kashmir,Leh,2025-10-01,-0.33598548932748457,-0.33598548932748457,-0.33598548932748457
Jammu and Kashmir,Leh,2025-11-01,-0.531115574754201,-0.531115574754201,-0.531115574754201
Jammu and Kashmir,Leh,2025-12-01,-0.6471434085868166,-0.6471434085868166,-0.6471434085868166
Jammu and Kashmir,Poonch,2025-11-01,-1.2505973909566597,-1.2505973909566597,-1.2505973909566597
Jammu and Kashmir,Poonch,2025-12-01,-1.3533429602460259,-1.3533429602460259,-1.3533429602460259
Jammu and Kashmir,Pulwama,2025-03-01,0.004709261333622317,0.004709261333622317,0.004709261333622317
Jammu and Kashmir,Pulwama,2025-04-01,-0.10014354770730062,-0.10014354770730062,-0.10014354770730062
Jammu and Kashmir,Pulwama,2025-05-01,-0.09790588228982366,-0.09790588228982366,-0.09790588228982366
Jammu and Kashmir,Pulwama,2025-06-01,-0.07110105881837311,-0.07110105881837311,-0.07110105881837311
Jammu and Kashmir,Pulwama,2025-07-01,0.006025079534966692,0.006025079534966692,0.006025079534966692
Jammu and Kashmir,Pulwama,2025-09-01,0.5439161610928301,0.5439161610928301,0.5439161610928301
Jammu and Kashmir,Pulwama,2025-10-01,-0.22154999979370227,-0.22154999979370227,-0.22154999979370227
Jammu and Kashmir,Pulwama,2025-11-01,-0.0636411059834591,-0.0636411059834591,-0.0636411059834591
Jammu and Kashmir,Pulwama,2025-12-01,-0.14755057732193247,-0.14755057732193247,-0.14755057732193247
Jammu and Kashmir,Punch,2025-03-01,0.29859767064435633,0.29859767064435633,0.29859767064435633
Jammu and Kashmir,Punch,2025-04-01,0.733537877943303,0.733537877943303,0.733537877943303
Jammu and Kashmir,Punch,2025-05-01,-0.5711680644541564,-0.5711680644541564,-0.5711680644541564
Jammu and Kashmir,Punch,2025-06-01,-0.023933312836217767,-0.023933312836217767,-0.023933312836217767
Jammu and Kashmir,Punch,2025-07-01,0.13848767783776422,0.13848767783776422,0.13848767783776422
Jammu and Kashmir,Punch,2025-09-01,0.596903771309748,0.596903771309748,0.596903771309748
Jammu and Kashmir,Punch,2025-10-01,-0.14148347859078744,-0.14148347859078744,-0.14148347859078744
Jammu and Kashmir,Punch,2025-11-01,0.04296295341810781,0.04296295341810781,0.04296295341810781
Jammu and Kashmir,Punch,2025-12-01,-0.09729729051570277,-0.09729729051570277,-0.09729729051570277
Jammu and Kashmir,Rajouri,2025-03-01,0.3045070980311739,0.3045070980311739,0.3045070980311739
Jammu and Kashmir,Rajouri,2025-04-01,0.07625276016630139,0.07625276016630139,0.07625276016630139
Jammu and Kashmir,Rajouri,2025-05-01,-0.08010762267705268,-0.08010762267705268,-0.08010762267705268
Jammu and Kashmir,Rajouri,2025-06-01,-0.05603874729580105,-0.05603874729580105,-0.05603874729580105
Jammu and Kashmir,Rajouri,2025-07-01,0.018343621191243595,0.018343621191243595,0.018343621191243595
Jammu and Kashmir,Rajouri,2025-09-01,0.653372776700954,0.653372776700954,0.653372776700954
Jammu and Kashmir,Rajouri,2025-10-01,-0.3024191764344603,-0.3024191764344603,-0.3024191764344603
Jammu and Kashmir,Rajouri,2025-11-01,0.4143870422101213,0.4143870422101213,0.4143870422101213
Jammu and Kashmir,Rajouri,2025-12-01,-0.19915368596195424,-0.19915368596195424,-0.19915368596195424
Jammu and Kashmir,Ramban,2025-03-01,-0.09570146017433365,-0.09570146017433365,-0.09570146017433365
Jammu and Kashmir,Ramban,2025-04-01,-0.11575087437074381,-0.11575087437074381,-0.11575087437074381
Jammu and Kashmir,Ramban,2025-05-01,-0.19860496429446767,-0.19860496429446767,-0.19860496429446767
Jammu and Kashmir,Ramban,2025-06-01,-0.2407003153044588,-0.2407003153044588,-0.2407003153044588
Jammu and Kashmir,Ramban,2025-07-01,-0.19749256630091983,-0.19749256630091983,-0.19749256630091983
Jammu and Kashmir,Ramban,2025-09-01,0.4899549575141469,0.4899549575141469,0.4899549575141469
Jammu and Kashmir,Ramban,2025-10-01,-0.09840423115914541,-0.09840423115914541,-0.09840423115914541
Jammu and Kashmir,Ramban,2025-11-01,-0.04508508698683737,-0.04508508698683737,-0.04508508698683737
Jammu and Kashmir,Ramban,2025-12-01,-0.0923136529502315,-0.0923136529502315,-0.0923136529502315
Jammu and Kashmir,Reasi,2025-03-01,0.042270121261439454,0.042270121261439454,0.042270121261439454
Jammu and Kashmir,Reasi,2025-04-01,-0.20605041167393207,-0.20605041167393207,-0.20605041167393207
Jammu and Kashmir,Reasi,2025-05-01,-0.16123966565730846,-0.16123966565730846,-0.16123966565730846
Jammu and Kashmir,Reasi,2025-06-01,-0.19013252963819893,-0.19013252963819893,-0.19013252963819893
Jammu and Kashmir,Reasi,2025-07-01,-0.16420951263142658,-0.16420951263142658,-0.16420951263142658
Jammu and Kashmir,Reasi,2025-09-01,0.4975266906039185,0.4975266906039185,0.4975266906039185
Jammu and Kashmir,Reasi,2025-10-01,-0.3149411085465691,-0.3149411085465691,-0.3149411085465691
Jammu and Kashmir,Reasi,2025-11-01,0.08031149877636623,0.08031149877636623,0.08031149877636623
Jammu and Kashmir,Reasi,2025-12-01,-0.32655597457800545,-0.32655597457800545,-0.32655597457800545
Jammu and Kashmir,Samba,2025-03-01,-0.23741123401338612,-0.23741123401338612,-0.23741123401338612
Jammu and Kashmir,Samba,2025-04-01,-0.32846208090370593,-0.32846208090370593,-0.32846208090370593
Jammu and Kashmir,Samba,2025-05-01,-0.3476735009004823,-0.3476735009004823,-0.3476735009004823
Jammu and Kashmir,Samba,2025-06-01,-0.3103213012789824,-0.3103213012789824,-0.3103213012789824
Jammu and Kashmir,Samba,2025-07-01,-0.3493004646448331,-0.3493004646448331,-0.3493004646448331
Jammu and Kashmir,Samba,2025-09-01,0.4451104587649052,0.4451104587649052,0.4451104587649052
Jammu and Kashmir,Samba,2025-10-01,-0.4370340377055899,-0.4370340377055899,-0.4370340377055899
Jammu and Kashmir,Samba,2025-11-01,-0.19401151592735288,-0.19401151592735288,-0.19401151592735288
Jammu and Kashmir,Samba,2025-12-01,-0.35807248369219263,-0.35807248369219263,-0.35807248369219263
Jammu and Kashmir,Shupiyan,2025-03-01,-0.13712391814632977,-0.13712391814632977,-0.13712391814632977
Jammu and Kashmir,Shupiyan,2025-04-01,-0.31711521655283226,-0.31711521655283226,-0.31711521655283226
Jammu and Kashmir,Shupiyan,2025-05-01,-0.12901112850981178,-0.12901112850981178,-0.12901112850981178
Jammu and Kashmir,Shupiyan,2025-06-01,-0.257295673572517,-0.257295673572517,-0.257295673572517
Jammu and Kashmir,Shupiyan,2025-07-01,-0.2378083603942257,-0.2378083603942257,-0.2378083603942257
Jammu and Kashmir,Shupiyan,2025-09-01,0.5046251935574135,0.5046251935574135,0.5046251935574135
Jammu and Kashmir,Shupiyan,2025-10-01,-0.4434511406227731,-0.4434511406227731,-0.4434511406227731
Jammu and Kashmir,Shupiyan,2025-11-01,-0.24732972773244466,-0.24732972773244466,-0.24732972773244466
Jammu and Kashmir,Shupiyan,2025-12-01,-0.09792466714555294,-0.09792466714555294,-0.09792466714555294
Jammu and Kashmir,Srinagar,2025-03-01,0.35343488959436037,0.35343488959436037,0.35343488959436037
Jammu and Kashmir,Srinagar,2025-04-01,0.11695802941956339,0.11695802941956339,0.11695802941956339
Jammu and Kashmir,Srinagar,2025-05-01,0.09079736987747673,0.09079736987747673,0.09079736987747673
Jammu and Kashmir,Srinagar,2025-06-01,0.013946644922329152,0.013946644922329152,0.013946644922329152
Jammu and Kashmir,Srinagar,2025-07-01,0.2684880743306497,0.2684880743306497,0.2684880743306497
Jammu and Kashmir,Srinagar,2025-09-01,0.7284934756877715,0.7284934756877715,0.7284934756877715
Jammu and Kashmir,Srinagar,2025-10-01,-0.18741339340072283,-0.18741339340072283,-0.18741339340072283
Jammu and Kashmir,Srinagar,2025-11-01,0.050522843914607415,0.050522843914607415,0.050522843914607415
Jammu and Kashmir,Srinagar,2025-12-01,-0.0994495163093601,-0.0994495163093601,-0.0994495163093601
Jammu and Kashmir,Udhampur,2025-03-01,0.2982294375746164,0.2982294375746164,0.2982294375746164
Jammu and Kashmir,Udhampur,2025-04-01,0.07638922879551532,0.07638922879551532,0.07638922879551532
Jammu and Kashmir,Udhampur,2025-05-01,-0.03365928798466162,-0.03365928798466162,-0.03365928798466162
Jammu and Kashmir,Udhampur,2025-06-01,-0.02241118533544529,-0.02241118533544529,-0.02241118533544529
Jammu and Kashmir,Udhampur,2025-07-01,0.054753135975007666,0.054753135975007666,0.054753135975007666
Jammu and Kashmir,Udhampur,2025-09-01,0.6023057684561753,0.6023057684561753,0.6023057684561753
Jammu and Kashmir,Udhampur,2025-10-01,-0.3261183596132936,-0.3261183596132936,-0.3261183596132936
Jammu and Kashmir,Udhampur,2025-11-01,0.39287147897358327,0.39287147897358327,0.39287147897358327
Jammu and Kashmir,Udhampur,2025-12-01,-0.15748144047789353,-0.15748144047789353,-0.15748144047789353
Jammu and Kashmir,punch,2025-11-01,-1.4561139741661056,-1.4561139741661056,-1.4561139741661056
Jammu and Kashmir,udhampur,2025-09-01,-1.3533429602460259,-1.3533429602460259,-1.3533429602460259
Jharkhand,Bokaro,2025-03-01,1.1501587839680438,1.0811492569299612,1.04951989037084
Jharkhand,Bokaro,2025-04-01,0.6590823740400578,0.6590823740400578,0.6590823740400578
Jharkhand,Bokaro,2025-05-01,0.40163655452580826,0.40163655452580826,0.40163655452580826
Jharkhand,Bokaro,2025-06-01,0.27627258918553815,0.27627258918553815,0.27627258918553815
Jharkhand,Bokaro,2025-07-01,0.4171433257402179,0.4171433257402179,0.4171433257402179
Jharkhand,Bokaro,2025-09-01,0.8331519492153132,0.8331519492153132,0.8331519492153132
Jharkhand,Bokaro,2025-10-01,-0.2668493768426851,-0.2668493768426851,-0.2668493768426851
Jharkhand,Bokaro,2025-11-01,0.31218439013365207,0.31218439013365207,0.31218439013365207
Jharkhand,Bokaro,2025-12-01,-0.12318100110393287,-0.12318100110393287,-0.12318100110393287
Jharkhand,Bokaro *,2025-09-01,-1.3533429602460259,-1.3533429602460259,-1.3533429602460259
Jharkhand,Bokaro *,2025-10-01,-0.628043194409099,-0.628043194409099,-0.628043194409099
Jharkhand,Bokaro *,2025-11-01,-1.3533848495987186,-1.3533848495987186,-1.3533848495987186
Jharkhand,Bokaro *,2025-12-01,-1.7673783501245293,-1.7673783501245293,-1.7673783501245293
Jharkhand,Chatra,2025-03-01,0.7834617047398564,0.7834617047398564,0.7834617047398564
Jharkhand,Chatra,2025-04-01,0.2682790840594631,0.2682790840594631,0.2682790840594631
Jharkhand,Chatra,2025-05-01,-0.007453631204283023,-0.007453631204283023,-0.007453631204283023
Jharkhand,Chatra,2025-06-01,0.6545642692325314,0.6545642692325314,0.6545642692325314
Jharkhand,Chatra,2025-07-01,-0.08271406181532141,-0.08271406181532141,-0.08271406181532141
Jharkhand,Chatra,2025-09-01,0.8252690641837118,0.8252690641837118,0.8252690641837118
Jharkhand,Chatra,2025-10-01,-0.3693417979764946,-0.3693417979764946,-0.3693417979764946
Jharkhand,Chatra,2025-11-01,0.38906161300493824,0.38906161300493824,0.38906161300493824
Jharkhand,Chatra,2025-12-01,-0.19234196659434144,-0.19234196659434144,-0.19234196659434144
Jharkhand,Deoghar,2025-03-01,0.12119897045835634,0.12119897045835634,0.12119897045835634
Jharkhand,Deoghar,2025-04-01,0.7715379416956498,0.7715379416956498,0.7715379416956498
Jharkhand,Deoghar,2025-05-01,-0.30827634438196805,-0.30827634438196805,-0.30827634438196805
Jharkhand,Deoghar,2025-06-01,0.054806847605362044,0.054806847605362044,0.054806847605362044
Jharkhand,Deoghar,2025-07-01,0.10809461808759181,0.10809461808759181,0.10809461808759181
Jharkhand,Deoghar,2025-09-01,0.7811040781184792,0.7811040781184792,0.7811040781184792
Jharkhand,Deoghar,2025-10-01,-0.23579721763166728,-0.23579721763166728,-0.23579721763166728
Jharkhand,Deoghar,2025-11-01,0.24409391110048473,0.24409391110048473,0.24409391110048473
Jharkhand,Deoghar,2025-12-01,-0.15713468137543954,-0.15713468137543954,-0.15713468137543954
Jharkhand,Dhanbad,2025-03-01,1.6206607871219068,1.5234211398945923,1.47885296824874
Jharkhand,Dhanbad,2025-04-01,1.0042509992809046,1.0042509992809046,1.0042509992809046
Jharkhand,Dhanbad,2025-05-01,0.5127450085480791,0.5127450085480791,0.5127450085480791
Jharkhand,Dhanbad,2025-06-01,0.40673319971382477,0.40673319971382477,0.40673319971382477
Jharkhand,Dhanbad,2025-07-01,0.8559686732739328,0.8559686732739328,0.8559686732739328
Jharkhand,Dhanbad,2025-09-01,0.5262392957443873,0.5262392957443873,0.5262392957443873
Jharkhand,Dhanbad,2025-10-01,-0.21399317404959003,-0.21399317404959003,-0.21399317404959003
Jharkhand,Dhanbad,2025-11-01,0.29118061952785135,0.29118061952785135,0.29118061952785135
Jharkhand,Dhanbad,2025-12-01,-0.1845546819239019,-0.1845546819239019,-0.1845546819239019
Jharkhand,Dumka,2025-03-01,1.1140098418265847,1.0471692513169895,1.0165339806667586
Jharkhand,Dumka,2025-04-01,0.8235456723119557,0.8235456723119557,0.8235456723119557
Jharkhand,Dumka,2025-05-01,-0.2822750979051124,-0.2822750979051124,-0.2822750979051124
Jharkhand,Dumka,2025-06-01,0.6753846633952246,0.6753846633952246,0.6753846633952246
Jharkhand,Dumka,2025-07-01,-0.1714194170815593,-0.1714194170815593,-0.1714194170815593
Jharkhand,Dumka,2025-09-01,0.8092441801643148,0.8092441801643148,0.8092441801643148
Jharkhand,Dumka,2025-10-01,-0.27431452423987635,-0.27431452423987635,-0.27431452423987635
Jharkhand,Dumka,2025-11-01,0.23036118398502498,0.23036118398502498,0.23036118398502498
Jharkhand,Dumka,2025-12-01,-0.23185343836360311,-0.23185343836360311,-0.23185343836360311
Jharkhand,East Singhbhum,2025-03-01,1.2602212336605472,1.1846079596409143,1.1499518757152494
Jharkhand,East Singhbhum,2025-04-01,0.879884444558443,0.879884444558443,0.879884444558443
Jharkhand,East Singhbhum,2025-05-01,0.12528078130188275,0.12528078130188275,0.12528078130188275
Jharkhand,East Singhbhum,2025-06-01,0.35720739540042185,0.35720739540042185,0.35720739540042185
Jharkhand,East Singhbhum,2025-07-01,0.812431233952507,0.812431233952507,0.812431233952507
Jharkhand,East Singhbhum,2025-09-01,0.8468860036606246,0.8468860036606246,0.8468860036606246
Jharkhand,East Singhbhum,2025-10-01,-0.25446043693922143,-0.25446043693922143,-0.25446043693922143
Jharkhand,East Singhbhum,2025-11-01,0.3073847156852499,0.3073847156852499,0.3073847156852499
Jharkhand,East Singhbhum,2025-12-01,-0.00879395715908654,-0.00879395715908654,-0.00879395715908654
Jharkhand,East Singhbum,2025-07-01,-1.4561401678633397,-1.4561401678633397,-1.4561401678633397
Jharkhand,Garhwa,2025-03-01,0.8126054797017932,0.8126054797017932,0.8126054797017932
Jharkhand,Garhwa,2025-04-01,0.5237201576417121,0.5237201576417121,0.5237201576417121
Jharkhand,Garhwa,2025-05-01,0.17534703938971063,0.17534703938971063,0.17534703938971063
Jharkhand,Garhwa,2025-06-01,0.24337677507287797,0.24337677507287797,0.24337677507287797
Jharkhand,Garhwa,2025-07-01,0.3582311535972355,0.3582311535972355,0.3582311535972355
Jharkhand,Garhwa,2025-09-01,0.8072563836306578,0.8072563836306578,0.8072563836306578
Jharkhand,Garhwa,2025-10-01,-0.3198105637880559,-0.3198105637880559,-0.3198105637880559
Jharkhand,Garhwa,2025-11-01,0.34819428996171514,0.34819428996171514,0.34819428996171514
Jharkhand,Garhwa,2025-12-01,-0.15965713632230166,-0.15965713632230166,-0.15965713632230166
Jharkhand,Garhwa *,2025-03-01,-0.41992462350453064,-0.41992462350453064,-0.41992462350453064
Jharkhand,Garhwa *,2025-04-01,-0.4211037390232361,-0.4211037390232361,-0.4211037390232361
Jharkhand,Garhwa *,2025-05-01,-0.5385438732453907,-0.5385438732453907,-0.5385438732453907
Jharkhand,Garhwa *,2025-06-01,-0.5360117973421733,-0.5360117973421733,-0.5360117973421733
Jharkhand,Garhwa *,2025-07-01,-0.4273042047552039,-0.4273042047552039,-0.4273042047552039
Jharkhand,Garhwa *,2025-09-01,0.4025925001880678,0.4025925001880678,0.4025925001880678
Jharkhand,Garhwa *,2025-10-01,-0.6101316030035869,-0.6101316030035869,-0.6101316030035869
Jharkhand,Garhwa *,2025-11-01,-0.24671806817451336,-0.24671806817451336,-0.24671806817451336
Jharkhand,Garhwa *,2025-12-01,-0.552673434749105,-0.552673434749105,-0.552673434749105
Jharkhand,Giridih,2025-03-01,1.4508530947834193,1.363801909096414,1.32390344898987
Jharkhand,Giridih,2025-04-01,0.7075904756030678,0.7075904756030678,0.7075904756030678
Jharkhand,Giridih,2025-05-01,0.3017875560701362,0.3017875560701362,0.3017875560701362
Jharkhand,Giridih,2025-06-01,0.26083120130025683,0.26083120130025683,0.26083120130025683
Jharkhand,Giridih,2025-07-01,0.7794907462765606,0.7794907462765606,0.7794907462765606
Jharkhand,Giridih,2025-09-01,0.4708109983064885,0.4708109983064885,0.4708109983064885
Jharkhand,Giridih,2025-10-01,-0.21479422629731973,-0.21479422629731973,-0.21479422629731973
Jharkhand,Giridih,2025-11-01,0.33484480882187145,0.33484480882187145,0.33484480882187145
Jharkhand,Giridih,2025-12-01,-0.09125308208344175,-0.09125308208344175,-0.09125308208344175
Jharkhand,Godda,2025-03-01,0.9228468500373272,0.9228468500373272,0.9228468500373272
Jharkhand,Godda,2025-04-01,0.8239538695409689,0.8239538695409689,0.8239538695409689
Jharkhand,Godda,2025-05-01,-0.2943422240756657,-0.2943422240756657,-0.2943422240756657
Jharkhand,Godda,2025-06-01,0.08852996026832172,0.08852996026832172,0.08852996026832172
Jharkhand,Godda,2025-07-01,0.13665837309290252,0.13665837309290252,0.13665837309290252
Jharkhand,Godda,2025-09-01,0.7903435381905802,0.7903435381905802,0.7903435381905802
Jharkhand,Godda,2025-10-01,-0.29382771710898464,-0.29382771710898464,-0.29382771710898464
Jharkhand,Godda,2025-11-01,0.4213304571177289,0.4213304571177289,0.4213304571177289
Jharkhand,Godda,2025-12-01,-0.20329617241606285,-0.20329617241606285,-0.20329617241606285
Jharkhand,Gumla,2025-03-01,0.5904809266372856,0.5904809266372856,0.5904809266372856
Jharkhand,Gumla,2025-04-01,0.4554928329495105,0.4554928329495105,0.4554928329495105
Jharkhand,Gumla,2025-05-01,0.32304421163985814,0.32304421163985814,0.32304421163985814
Jharkhand,Gumla,2025-06-01,0.7228634709688871,0.7228634709688871,0.7228634709688871
Jharkhand,Gumla,2025-07-01,0.2610937338910931,0.2610937338910931,0.2610937338910931
Jharkhand,Gumla,2025-09-01,0.8190968373819337,0.8190968373819337,0.8190968373819337
Jharkhand,Gumla,2025-10-01,-0.31336324943273397,-0.31336324943273397,-0.31336324943273397
Jharkhand,Gumla,2025-11-01,0.1109832882833318,0.1109832882833318,0.1109832882833318
Jharkhand,Gumla,2025-12-01,-0.0865907501978838,-0.0865907501978838,-0.0865907501978838
Jharkhand,Hazaribag,2025-03-01,-0.10267033837733514,-0.10267033837733514,-0.10267033837733514
Jharkhand,Hazaribag,2025-04-01,-0.3407203262773154,-0.3407203262773154,-0.3407203262773154
Jharkhand,Hazaribag,2025-05-01,-0.4409436565434467,-0.4409436565434467,-0.4409436565434467
Jharkhand,Hazaribag,2025-06-01,-0.4379280110091687,-0.4379280110091687,-0.4379280110091687
Jharkhand,Hazaribag,2025-07-01,-0.3876073620749206,-0.3876073620749206,-0.3876073620749206
Jharkhand,Hazaribag,2025-09-01,0.517907819221231,0.517907819221231,0.517907819221231
Jharkhand,Hazaribag,2025-10-01,-0.5643238417457958,-0.5643238417457958,-0.5643238417457958
Jharkhand,Hazaribag,2025-11-01,-0.06415965059873359,-0.06415965059873359,-0.06415965059873359
Jharkhand,Hazaribag,2025-12-01,-0.4999366686947396,-0.4999366686947396,-0.4999366686947396
Jharkhand,Hazaribagh,2025-03-01,1.089360261797591,1.089360261797591,1.089360261797591
Jharkhand,Hazaribagh,2025-04-01,0.7764852994505433,0.7764852994505433,0.7764852994505433
Jharkhand,Hazaribagh,2025-05-01,-0.2923382176328181,-0.2923382176328181,-0.2923382176328181
Jharkhand,Hazaribagh,2025-06-01,0.11999400985731044,0.11999400985731044,0.11999400985731044
Jharkhand,Hazaribagh,2025-07-01,0.23786451620242316,0.23786451620242316,0.23786451620242316
Jharkhand,Hazaribagh,2025-09-01,0.7985294969826303,0.7985294969826303,0.7985294969826303
Jharkhand,Hazaribagh,2025-10-01,-0.2792239966015614,-0.2792239966015614,-0.2792239966015614
Jharkhand,Hazaribagh,2025-11-01,0.19601383927216845,0.19601383927216845,0.19601383927216845
Jharkhand,Hazaribagh,2025-12-01,-0.16962437925790164,-0.16962437925790164,-0.16962437925790164
Jharkhand,Jamtara,2025-03-01,0.45779218069127303,0.45779218069127303,0.45779218069127303
Jharkhand,Jamtara,2025-04-01,0.0903906223478608,0.0903906223478608,0.0903906223478608
Jharkhand,Jamtara,2025-05-01,-0.057045274135431284,-0.057045274135431284,-0.057045274135431284
Jharkhand,Jamtara,2025-06-01,-0.09305285589350883,-0.09305285589350883,-0.09305285589350883
Jharkhand,Jamtara,2025-07-01,-0.06318480879229284,-0.06318480879229284,-0.06318480879229284
Jharkhand,Jamtara,2025-09-01,0.7259596375587735,0.7259596375587735,0.7259596375587735
Jharkhand,Jamtara,2025-10-01,-0.3320476229337548,-0.3320476229337548,-0.3320476229337548
Jharkhand,Jamtara,2025-11-01,0.0008903568021695722,0.0008903568021695722,0.0008903568021695722
Jharkhand,Jamtara,2025-12-01,-0.27596831515187814,-0.27596831515187814,-0.27596831515187814
Jharkhand,Khunti,2025-03-01,0.2810986660405509,0.2810986660405509,0.2810986660405509
Jharkhand,Khunti,2025-04-01,0.05561211662891101,0.05561211662891101,0.05561211662891101
Jharkhand,Khunti,2025-05-01,-0.07860116411159951,-0.07860116411159951,-0.07860116411159951
Jharkhand,Khunti,2025-06-01,0.6161227995887835,0.6161227995887835,0.6161227995887835
Jharkhand,Khunti,2025-07-01,0.034150967515083216,0.034150967515083216,0.034150967515083216
Jharkhand,Khunti,2025-09-01,0.2870860279768458,0.2870860279768458,0.2870860279768458
Jharkhand,Khunti,2025-10-01,-0.3709627056016478,-0.3709627056016478,-0.3709627056016478
Jharkhand,Khunti,2025-11-01,0.05676086186873658,0.05676086186873658,0.05676086186873658
Jharkhand,Khunti,2025-12-01,-0.33086825909229994,-0.33086825909229994,-0.33086825909229994
Jharkhand,Kodarma,2025-03-01,-0.3463122618003452,-0.3463122618003452,-0.3463122618003452
Jharkhand,Kodarma,2025-04-01,-0.41758606385412167,-0.41758606385412167,-0.41758606385412167
Jharkhand,Kodarma,2025-05-01,-0.49448111754491453,-0.49448111754491453,-0.49448111754491453
Jharkhand,Kodarma,2025-06-01,-0.5131145979089198,-0.5131145979089198,-0.5131145979089198
Jharkhand,Kodarma,2025-07-01,-0.49136201630038967,-0.49136201630038967,-0.49136201630038967
Jharkhand,Kodarma,2025-09-01,0.36902012054018507,0.36902012054018507,0.36902012054018507
Jharkhand,Kodarma,2025-10-01,-0.6533189524663074,-0.6533189524663074,-0.6533189524663074
Jharkhand,Kodarma,2025-11-01,-0.2580032339272421,-0.2580032339272421,-0.2580032339272421
Jharkhand,Kodarma,2025-12-01,-0.6345675469266462,-0.6345675469266462,-0.6345675469266462
Jharkhand,Koderma,2025-03-01,0.4681889451473787,0.4681889451473787,0.4681889451473787
Jharkhand,Koderma,2025-04-01,0.11148683732812777,0.11148683732812777,0.11148683732812777
Jharkhand,Koderma,2025-05-01,-0.07293998210830176,-0.07293998210830176,-0.07293998210830176
Jharkhand,Koderma,2025-06-01,-0.10474480086972966,-0.10474480086972966,-0.10474480086972966
Jharkhand,Koderma,2025-07-01,-0.05541054120518488,-0.05541054120518488,-0.05541054120518488
Jharkhand,Koderma,2025-09-01,0.6437453315699884,0.6437453315699884,0.6437453315699884
Jharkhand,Koderma,2025-10-01,-0.46389413147290676,-0.46389413147290676,-0.46389413147290676
Jharkhand,Koderma,2025-11-01,0.031076140009071378,0.031076140009071378,0.031076140009071378
Jharkhand,Koderma,2025-12-01,-0.2617358513312669,-0.2617358513312669,-0.2617358513312669
Jharkhand,Latehar,2025-03-01,0.5323267845356552,0.5323267845356552,0.5323267845356552
Jharkhand,Latehar,2025-04-01,0.1142631159883946,0.1142631159883946,0.1142631159883946
Jharkhand,Latehar,2025-05-01,-0.09446613637528495,-0.09446613637528495,-0.09446613637528495
Jharkhand,Latehar,2025-06-01,-0.07475563660111528,-0.07475563660111528,-0.07475563660111528
Jharkhand,Latehar,2025-07-01,-0.008444534457794528,-0.008444534457794528,-0.008444534457794528
Jharkhand,Latehar,2025-09-01,0.7563664878289358,0.7563664878289358,0.7563664878289358
Jharkhand,Latehar,2025-10-01,-0.4859424845193242,-0.4859424845193242,-0.4859424845193242
Jharkhand,Latehar,2025-11-01,0.5907950087776044,0.5907950087776044,0.5907950087776044
Jharkhand,Latehar,2025-12-01,-0.21183934210059954,-0.21183934210059954,-0.21183934210059954
Jharkhand,Lohardaga,2025-03-01,0.3048355369050101,0.3048355369050101,0.3048355369050101
Jharkhand,Lohardaga,2025-04-01,0.6953043174383324,0.6953043174383324,0.6953043174383324
Jharkhand,Lohardaga,2025-05-01,-0.5042731455771996,-0.5042731455771996,-0.5042731455771996
Jharkhand,Lohardaga,2025-06-01,0.6047024389077604,0.6047024389077604,0.6047024389077604
Jharkhand,Lohardaga,2025-07-01,-0.4202669156198873,-0.4202669156198873,-0.4202669156198873
Jharkhand,Lohardaga,2025-09-01,0.66394880037229,0.66394880037229,0.66394880037229
Jharkhand,Lohardaga,2025-10-01,-0.4633240991627496,-0.4633240991627496,-0.4633240991627496
Jharkhand,Lohardaga,2025-11-01,0.0885654747504374,0.0885654747504374,0.0885654747504374
Jharkhand,Lohardaga,2025-12-01,-0.059675697783888246,-0.059675697783888246,-0.059675697783888246
Jharkhand,Pakaur,2025-03-01,-0.2883305032816655,-0.2883305032816655,-0.2883305032816655
Jharkhand,Pakaur,2025-04-01,-0.530008328710655,-0.530008328710655,-0.530008328710655
Jharkhand,Pakaur,2025-05-01,-0.6106897573073001,-0.6106897573073001,-0.6106897573073001
Jharkhand,Pakaur,2025-06-01,-0.6307212878329571,-0.6307212878329571,-0.6307212878329571
Jharkhand,Pakaur,2025-07-01,-0.6004656716090647,-0.6004656716090647,-0.6004656716090647
Jharkhand,Pakaur,2025-09-01,0.39434922615616885,0.39434922615616885,0.39434922615616885
Jharkhand,Pakaur,2025-10-01,-0.8779490956508257,-0.8779490956508257,-0.8779490956508257
Jharkhand,Pakaur,2025-11-01,-0.09918771088208855,-0.09918771088208855,-0.09918771088208855
Jharkhand,Pakaur,2025-12-01,-0.7657556725126203,-0.7657556725126203,-0.7657556725126203
Jharkhand,Pakur,2025-03-01,0.8004160238195673,0.8004160238195673,0.8004160238195673
Jharkhand,Pakur,2025-04-01,0.670995237082687,0.670995237082687,0.670995237082687
Jharkhand,Pakur,2025-05-01,-0.42282999417778766,-0.42282999417778766,-0.42282999417778766
Jharkhand,Pakur,2025-06-01,0.6205880097147451,0.6205880097147451,0.6205880097147451
Jharkhand,Pakur,2025-07-01,0.15644795270450262,0.15644795270450262,0.15644795270450262
Jharkhand,Pakur,2025-09-01,-0.1584721531118591,-0.1584721531118591,-0.1584721531118591
Jharkhand,Pakur,2025-10-01,-0.49917669580672935,-0.49917669580672935,-0.49917669580672935
Jharkhand,Pakur,2025-11-01,0.1457420679265595,0.1457420679265595,0.1457420679265595
Jharkhand,Pakur,2025-12-01,-0.37796619699568546,-0.37796619699568546,-0.37796619699568546
Jharkhand,Palamau,2025-03-01,-0.3013948356874941,-0.3013948356874941,-0.3013948356874941
Jharkhand,Palamau,2025-04-01,-0.5757455924547625,-0.5757455924547625,-0.5757455924547625
Jharkhand,Palamau,2025-05-01,-0.666280275040356,-0.666280275040356,-0.666280275040356
Jharkhand,Palamau,2025-06-01,-0.6251778876951617,-0.6251778876951617,-0.6251778876951617
Jharkhand,Palamau,2025-07-01,-0.5826498537948017,-0.5826498537948017,-0.5826498537948017
Jharkhand,Palamau,2025-09-01,0.357575285222413,0.357575285222413,0.357575285222413
Jharkhand,Palamau,2025-10-01,-0.8388649976462734,-0.8388649976462734,-0.8388649976462734
Jharkhand,Palamau,2025-11-01,0.4052439737519788,0.4052439737519788,0.4052439737519788
Jharkhand,Palamau,2025-12-01,-0.6991179306162729,-0.6991179306162729,-0.6991179306162729
Jharkhand,Palamu,2025-03-01,1.4811682788921123,1.3922981821585856,1.3515660544890524
Jharkhand,Palamu,2025-04-01,0.6555747405036992,0.6555747405036992,0.6555747405036992
Jharkhand,Palamu,2025-05-01,0.23727109302200577,0.23727109302200577,0.23727109302200577
Jharkhand,Palamu,2025-06-01,0.28662101424779024,0.28662101424779024,0.28662101424779024
Jharkhand,Palamu,2025-07-01,0.4360187000881081,0.4360187000881081,0.4360187000881081
Jharkhand,Palamu,2025-09-01,0.8528907878780199,0.8528907878780199,0.8528907878780199
Jharkhand,Palamu,2025-10-01,-0.26859665115440223,-0.26859665115440223,-0.26859665115440223
Jharkhand,Palamu,2025-11-01,0.7124091338225673,0.7124091338225673,0.7124091338225673
Jharkhand,Palamu,2025-12-01,-0.153585130701185,-0.153585130701185,-0.153585130701185
Jharkhand,Pashchimi Singhbhum,2025-03-01,-0.06829573014709162,-0.06829573014709162,-0.06829573014709162
Jharkhand,Pashchimi Singhbhum,2025-04-01,-0.19383672361340504,-0.19383672361340504,-0.19383672361340504
Jharkhand,Pashchimi Singhbhum,2025-05-01,-0.27182213353991697,-0.27182213353991697,-0.27182213353991697
Jharkhand,Pashchimi Singhbhum,2025-06-01,-0.3555359354287105,-0.3555359354287105,-0.3555359354287105
Jharkhand,Pashchimi Singhbhum,2025-07-01,-0.3031256573040625,-0.3031256573040625,-0.3031256573040625
Jharkhand,Pashchimi Singhbhum,2025-09-01,0.5426048759275401,0.5426048759275401,0.5426048759275401
Jharkhand,Pashchimi Singhbhum,2025-10-01,-0.4862736278792628,-0.4862736278792628,-0.4862736278792628
Jharkhand,Pashchimi Singhbhum,2025-11-01,-0.02371017957190509,-0.02371017957190509,-0.02371017957190509
Jharkhand,Pashchimi Singhbhum,2025-12-01,-0.4591919903498378,-0.4591919903498378,-0.4591919903498378
Jharkhand,Purbi Singhbhum,2025-03-01,-0.12596744877366456,-0.12596744877366456,-0.12596744877366456
Jharkhand,Purbi Singhbhum,2025-04-01,-0.13153415457251716,-0.13153415457251716,-0.13153415457251716
Jharkhand,Purbi Singhbhum,2025-05-01,-0.19383672361340504,-0.19383672361340504,-0.19383672361340504
Jharkhand,Purbi Singhbhum,2025-06-01,-0.2693695124750593,-0.2693695124750593,-0.2693695124750593
Jharkhand,Purbi Singhbhum,2025-07-01,-0.21706564834550945,-0.21706564834550945,-0.21706564834550945
Jharkhand,Purbi Singhbhum,2025-09-01,0.5499819340706895,0.5499819340706895,0.5499819340706895
Jharkhand,Purbi Singhbhum,2025-10-01,-0.49686081038372165,-0.49686081038372165,-0.49686081038372165
Jharkhand,Purbi Singhbhum,2025-11-01,-0.19945039514157745,-0.19945039514157745,-0.19945039514157745
Jharkhand,Purbi Singhbhum,2025-12-01,-0.4826529696535137,-0.4826529696535137,-0.4826529696535137
Jharkhand,Ramgarh,2025-03-01,0.5064967161034947,0.5064967161034947,0.5064967161034947
Jharkhand,Ramgarh,2025-04-01,0.05636301726103654,0.05636301726103654,0.05636301726103654
Jharkhand,Ramgarh,2025-05-01,-0.08990363151556258,-0.08990363151556258,-0.08990363151556258
Jharkhand,Ramgarh,2025-06-01,-0.1490366871715467,-0.1490366871715467,-0.1490366871715467
Jharkhand,Ramgarh,2025-07-01,-0.030319414844416054,-0.030319414844416054,-0.030319414844416054
Jharkhand,Ramgarh,2025-09-01,0.7014079036960216,0.7014079036960216,0.7014079036960216
Jharkhand,Ramgarh,2025-10-01,-0.3611281702154008,-0.3611281702154008,-0.3611281702154008
Jharkhand,Ramgarh,2025-11-01,0.1159893981673422,0.1159893981673422,0.1159893981673422
Jharkhand,Ramgarh,2025-12-01,-0.2904712400991481,-0.2904712400991481,-0.2904712400991481
Jharkhand,Ranchi,2025-03-01,1.8293227974140955,1.7195634295692497,1.669257052640362
Jharkhand,Ranchi,2025-04-01,0.9422577869985977,0.9422577869985977,0.9422577869985977
Jharkhand,Ranchi,2025-05-01,0.30101762235303736,0.30101762235303736,0.30101762235303736
Jharkhand,Ranchi,2025-06-01,0.8026138956188461,0.8026138956188461,0.8026138956188461
Jharkhand,Ranchi,2025-07-01,0.7993617630767316,0.7993617630767316,0.7993617630767316
Jharkhand,Ranchi,2025-09-01,0.43106348487243873,0.43106348487243873,0.43106348487243873
Jharkhand,Ranchi,2025-10-01,-0.15888473521005628,-0.15888473521005628,-0.15888473521005628
Jharkhand,Ranchi,2025-11-01,0.5372790526870758,0.5372790526870758,0.5372790526870758
Jharkhand,Ranchi,2025-12-01,-0.2005477722403841,-0.2005477722403841,-0.2005477722403841
Jharkhand,Sahebganj,2025-03-01,0.9484449092904907,0.9484449092904907,0.9484449092904907
Jharkhand,Sahebganj,2025-04-01,0.27854308638334146,0.27854308638334146,0.27854308638334146
Jharkhand,Sahebganj,2025-05-01,0.15764086598346322,0.15764086598346322,0.15764086598346322
Jharkhand,Sahebganj,2025-06-01,0.0338125071075286,0.0338125071075286,0.0338125071075286
Jharkhand,Sahebganj,2025-07-01,0.0444309442684708,0.0444309442684708,0.0444309442684708
Jharkhand,Sahebganj,2025-09-01,0.821139404318266,0.821139404318266,0.821139404318266
Jharkhand,Sahebganj,2025-10-01,-0.27162355082675926,-0.27162355082675926,-0.27162355082675926
Jharkhand,Sahebganj,2025-11-01,0.5999230936637275,0.5999230936637275,0.5999230936637275
Jharkhand,Sahebganj,2025-12-01,-0.26050579294738263,-0.26050579294738263,-0.26050579294738263
Jharkhand,Sahibganj,2025-03-01,-0.42271906871969134,-0.42271906871969134,-0.42271906871969134
Jharkhand,Sahibganj,2025-04-01,-0.6430782581415799,-0.6430782581415799,-0.6430782581415799
Jharkhand,Sahibganj,2025-05-01,-0.6616686242603006,-0.6616686242603006,-0.6616686242603006
Jharkhand,Sahibganj,2025-06-01,-0.7029244152473147,-0.7029244152473147,-0.7029244152473147
Jharkhand,Sahibganj,2025-07-01,-0.6478774990323257,-0.6478774990323257,-0.6478774990323257
Jharkhand,Sahibganj,2025-09-01,0.3583099734589854,0.3583099734589854,0.3583099734589854
Jharkhand,Sahibganj,2025-10-01,-0.6751846875680235,-0.6751846875680235,-0.6751846875680235
Jharkhand,Sahibganj,2025-11-01,-0.22610131713221068,-0.22610131713221068,-0.22610131713221068
Jharkhand,Sahibganj,2025-12-01,-0.7867258184084622,-0.7867258184084622,-0.7867258184084622
Jharkhand,Seraikela-Kharsawan,2025-03-01,0.44044247039794365,0.44044247039794365,0.44044247039794365
Jharkhand,Seraikela-Kharsawan,2025-04-01,0.28218731787171336,0.28218731787171336,0.28218731787171336
Jharkhand,Seraikela-Kharsawan,2025-05-01,0.14614568483450646,0.14614568483450646,0.14614568483450646
Jharkhand,Seraikela-Kharsawan,2025-06-01,0.05130850710475869,0.05130850710475869,0.05130850710475869
Jharkhand,Seraikela-Kharsawan,2025-07-01,0.12967568119916262,0.12967568119916262,0.12967568119916262
Jharkhand,Seraikela-Kharsawan,2025-09-01,0.7416497926998471,0.7416497926998471,0.7416497926998471
Jharkhand,Seraikela-Kharsawan,2025-10-01,-0.3016364376103205,-0.3016364376103205,-0.3016364376103205
Jharkhand,Seraikela-Kharsawan,2025-11-01,0.176243373854878,0.176243373854878,0.176243373854878
Jharkhand,Seraikela-Kharsawan,2025-12-01,-0.19245544157559213,-0.19245544157559213,-0.19245544157559213
Jharkhand,Seraikela-kharsawan,2025-03-01,-0.2383846989135976,-0.2383846989135976,-0.2383846989135976
Jharkhand,Seraikela-kharsawan,2025-04-01,-0.21036233079423894,-0.21036233079423894,-0.21036233079423894
Jharkhand,Seraikela-kharsawan,2025-05-01,-0.2919945289873802,-0.2919945289873802,-0.2919945289873802
Jharkhand,Seraikela-kharsawan,2025-06-01,-0.3530514281892109,-0.3530514281892109,-0.3530514281892109
Jharkhand,Seraikela-kharsawan,2025-07-01,-0.31027434896238704,-0.31027434896238704,-0.31027434896238704
Jharkhand,Seraikela-kharsawan,2025-09-01,0.5397899714839954,0.5397899714839954,0.5397899714839954
Jharkhand,Seraikela-kharsawan,2025-10-01,-0.5352826723672249,-0.5352826723672249,-0.5352826723672249
Jharkhand,Seraikela-kharsawan,2025-11-01,0.13987035273825005,0.13987035273825005,0.13987035273825005
Jharkhand,Seraikela-kharsawan,2025-12-01,-0.4562847532676283,-0.4562847532676283,-0.4562847532676283
Jharkhand,Simdega,2025-03-01,0.4406869290711765,0.4406869290711765,0.4406869290711765
Jharkhand,Simdega,2025-04-01,0.33864926477706736,0.33864926477706736,0.33864926477706736
Jharkhand,Simdega,2025-05-01,0.14697755642725713,0.14697755642725713,0.14697755642725713
Jharkhand,Simdega,2025-06-01,0.08479766263776163,0.08479766263776163,0.08479766263776163
Jharkhand,Simdega,2025-07-01,0.17849584464525314,0.17849584464525314,0.17849584464525314
Jharkhand,Simdega,2025-09-01,0.7550978404031079,0.7550978404031079,0.7550978404031079
Jharkhand,Simdega,2025-10-01,-0.4351678844944258,-0.4351678844944258,-0.4351678844944258
Jharkhand,Simdega,2025-11-01,0.010956327157329679,0.010956327157329679,0.010956327157329679
Jharkhand,Simdega,2025-12-01,-0.282170745649913,-0.282170745649913,-0.282170745649913
Jharkhand,West Singhbhum,2025-03-01,1.0694231573942072,1.0694231573942072,1.0694231573942072
Jharkhand,West Singhbhum,2025-04-01,0.8418557622923135,0.8418557622923135,0.8418557622923135
Jharkhand,West Singhbhum,2025-05-01,0.5724570835275248,0.5724570835275248,0.5724570835275248
Jharkhand,West Singhbhum,2025-06-01,0.3644483367257706,0.3644483367257706,0.3644483367257706
Jharkhand,West Singhbhum,2025-07-01,0.8001878742416343,0.8001878742416343,0.8001878742416343
Jharkhand,West Singhbhum,2025-09-01,0.5489522228217283,0.5489522228217283,0.5489522228217283
Jharkhand,West Singhbhum,2025-10-01,-0.14390520026842535,-0.14390520026842535,-0.14390520026842535
Jharkhand,West Singhbhum,2025-11-01,0.1895804033932679,0.1895804033932679,0.1895804033932679
Jharkhand,West Singhbhum,2025-12-01,-0.12814002938495697,-0.12814002938495697,-0.12814002938495697
Karnataka,Bagalkot,2025-03-01,0.7312455393301447,0.7312455393301447,0.7312455393301447
Karnataka,Bagalkot,2025-04-01,0.2321022089046005,0.2321022089046005,0.2321022089046005
Karnataka,Bagalkot,2025-05-01,0.3158276131354271,0.3158276131354271,0.3158276131354271
Karnataka,Bagalkot,2025-06-01,0.27336757516953436,0.27336757516953436,0.27336757516953436
Karnataka,Bagalkot,2025-07-01,0.26747312565094955,0.26747312565094955,0.26747312565094955
Karnataka,Bagalkot,2025-09-01,0.781788167656179,0.781788167656179,0.781788167656179
Karnataka,Bagalkot,2025-10-01,-0.28140491467162976,-0.28140491467162976,-0.28140491467162976
Karnataka,Bagalkot,2025-11-01,0.038499129354929676,0.038499129354929676,0.038499129354929676
Karnataka,Bagalkot,2025-12-01,0.09984025351060102,0.09984025351060102,0.09984025351060102
Karnataka,Bagalkot *,2025-03-01,-0.609614411018595,-0.609614411018595,-0.609614411018595
Karnataka,Bagalkot *,2025-04-01,-0.7284308447357875,-0.7284308447357875,-0.7284308447357875
Karnataka,Bagalkot *,2025-05-01,-0.7933617209027294,-0.7933617209027294,-0.7933617209027294
Karnataka,Bagalkot *,2025-06-01,-0.847522730654459,-0.847522730654459,-0.847522730654459
Karnataka,Bagalkot *,2025-07-01,-0.6294731701509236,-0.6294731701509236,-0.6294731701509236
Karnataka,Bagalkot *,2025-09-01,0.2884736601930317,0.2884736601930317,0.2884736601930317
Karnataka,Bagalkot *,2025-10-01,-0.7004868125124544,-0.7004868125124544,-0.7004868125124544
Karnataka,Bagalkot *,2025-11-01,-0.49908395594450883,-0.49908395594450883,-0.49908395594450883
Karnataka,Bagalkot *,2025-12-01,-0.5816496145799211,-0.5816496145799211,-0.5816496145799211
Karnataka,Ballari,2025-03-01,0.2141379282819957,0.2141379282819957,0.2141379282819957
Karnataka,Ballari,2025-04-01,-0.049525341449791614,-0.049525341449791614,-0.049525341449791614
Karnataka,Ballari,2025-05-01,0.0930287147122992,0.0930287147122992,0.0930287147122992
Karnataka,Ballari,2025-06-01,0.051542871640019625,0.051542871640019625,0.051542871640019625
Karnataka,Ballari,2025-07-01,0.090570662284894,0.090570662284894,0.090570662284894
Karnataka,Ballari,2025-09-01,0.6445161386129414,0.6445161386129414,0.6445161386129414
Karnataka,Ballari,2025-10-01,-0.45400687755275937,-0.45400687755275937,-0.45400687755275937
Karnataka,Ballari,2025-11-01,-0.012996053485263823,-0.012996053485263823,-0.012996053485263823
Karnataka,Ballari,2025-12-01,-0.1851208910889613,-0.1851208910889613,-0.1851208910889613
Karnataka,Bangalore,2025-03-01,1.0074948400330146,1.0074948400330146,1.0074948400330146
Karnataka,Bangalore,2025-04-01,0.8086937973136923,0.8086937973136923,0.8086937973136923
Karnataka,Bangalore,2025-05-01,0.8885692212822981,0.8885692212822981,0.8885692212822981
Karnataka,Bangalore,2025-06-01,0.8742810980007085,0.8742810980007085,0.8742810980007085
Karnataka,Bangalore,2025-07-01,1.0512381439199967,1.0512381439199967,1.0512381439199967
Karnataka,Bangalore,2025-09-01,0.8752356345717411,0.8752356345717411,0.8752356345717411
Karnataka,Bangalore,2025-10-01,-0.08195083619179992,-0.08195083619179992,-0.08195083619179992
Karnataka,Bangalore,2025-11-01,0.18430845912018606,0.18430845912018606,0.18430845912018606
Karnataka,Bangalore,2025-12-01,-0.011269462383449353,-0.011269462383449353,-0.011269462383449353
Karnataka,Bangalore Rural,2025-03-01,0.12227183107467118,0.12227183107467118,0.12227183107467118
Karnataka,Bangalore Rural,2025-04-01,0.17632985581552643,0.17632985581552643,0.17632985581552643
Karnataka,Bangalore Rural,2025-05-01,0.7177064029536898,0.7177064029536898,0.7177064029536898
Karnataka,Bangalore Rural,2025-06-01,-0.11084248299729582,-0.11084248299729582,-0.11084248299729582
Karnataka,Bangalore Rural,2025-07-01,0.15531920901965524,0.15531920901965524,0.15531920901965524
Karnataka,Bangalore Rural,2025-09-01,0.6841981127327953,0.6841981127327953,0.6841981127327953
Karnataka,Bangalore Rural,2025-10-01,-0.2697810797391236,-0.2697810797391236,-0.2697810797391236
Karnataka,Bangalore Rural,2025-11-01,-0.003193893729801632,-0.003193893729801632,-0.003193893729801632
Karnataka,Bangalore Rural,2025-12-01,-0.049724226650548375,-0.049724226650548375,-0.049724226650548375
Karnataka,Belagavi,2025-03-01,0.7682149009871453,0.7682149009871453,0.7682149009871453
Karnataka,Belagavi,2025-04-01,0.19495094000007077,0.19495094000007077,0.19495094000007077
Karnataka,Belagavi,2025-05-01,0.31397056277713675,0.31397056277713675,0.31397056277713675
Karnataka,Belagavi,2025-06-01,0.2693348730914556,0.2693348730914556,0.2693348730914556
Karnataka,Belagavi,2025-07-01,0.23775384942495661,0.23775384942495661,0.23775384942495661
Karnataka,Belagavi,2025-09-01,0.7751327133183147,0.7751327133183147,0.7751327133183147
Karnataka,Belagavi,2025-10-01,-0.2710304865444962,-0.2710304865444962,-0.2710304865444962
Karnataka,Belagavi,2025-11-01,0.07962404282142768,0.07962404282142768,0.07962404282142768
Karnataka,Belagavi,2025-12-01,-0.05074222759914421,-0.05074222759914421,-0.05074222759914421
Karnataka,Belgaum,2025-03-01,0.9806339721703092,0.9806339721703092,0.9806339721703092
Karnataka,Belgaum,2025-04-01,0.32035140538349244,0.32035140538349244,0.32035140538349244
Karnataka,Belgaum,2025-05-01,0.39703172649692103,0.39703172649692103,0.39703172649692103
Karnataka,Belgaum,2025-06-01,0.40059079859470975,0.40059079859470975,0.40059079859470975
Karnataka,Belgaum,2025-07-01,0.4141082024496834,0.4141082024496834,0.4141082024496834
Karnataka,Belgaum,2025-09-01,0.8318278361033115,0.8318278361033115,0.8318278361033115
Karnataka,Belgaum,2025-10-01,-0.21692904168504218,-0.21692904168504218,-0.21692904168504218
Karnataka,Belgaum,2025-11-01,0.125537968307688,0.125537968307688,0.125537968307688
Karnataka,Belgaum,2025-12-01,-0.018995624914436942,-0.018995624914436942,-0.018995624914436942
Karnataka,Bellary,2025-03-01,0.39316388218593296,0.39316388218593296,0.39316388218593296
Karnataka,Bellary,2025-04-01,0.07466629241094681,0.07466629241094681,0.07466629241094681
Karnataka,Bellary,2025-05-01,0.16271934042948,0.16271934042948,0.16271934042948
Karnataka,Bellary,2025-06-01,0.1978383325830791,0.1978383325830791,0.1978383325830791
Karnataka,Bellary,2025-07-01,0.14951836631958282,0.14951836631958282,0.14951836631958282
Karnataka,Bellary,2025-09-01,0.7555712847195482,0.7555712847195482,0.7555712847195482
Karnataka,Bellary,2025-10-01,-0.3287920778641153,-0.3287920778641153,-0.3287920778641153
Karnataka,Bellary,2025-11-01,-0.03486650211847729,-0.03486650211847729,-0.03486650211847729
Karnataka,Bellary,2025-12-01,-0.01370918185389143,-0.01370918185389143,-0.01370918185389143
Karnataka,Bengaluru,2025-03-01,1.864225328522843,1.7523718088114724,1.7011056122770942
Karnataka,Bengaluru,2025-04-01,1.008230096283996,1.008230096283996,1.008230096283996
Karnataka,Bengaluru,2025-05-01,0.0740722565471393,0.0740722565471393,0.0740722565471393
Karnataka,Bengaluru,2025-06-01,1.2697821011810424,1.1935951751101799,1.158676167327701
Karnataka,Bengaluru,2025-07-01,1.7313073386439872,1.627428898325348,1.5798179465126383
Karnataka,Bengaluru,2025-09-01,0.9740944369151692,0.9740944369151692,0.9740944369151692
Karnataka,Bengaluru,2025-10-01,0.0023600020846905045,0.0023600020846905045,0.0023600020846905045
Karnataka,Bengaluru,2025-11-01,0.3527603321355454,0.3527603321355454,0.3527603321355454
Karnataka,Bengaluru,2025-12-01,0.10056204560608029,0.10056204560608029,0.10056204560608029
Karnataka,Bengaluru Rural,2025-06-01,-1.4561401578723852,-1.4561401578723852,-1.4561401578723852
Karnataka,Bengaluru Rural,2025-07-01,-1.2662826743904714,-1.2662826743904714,-1.2662826743904714
Karnataka,Bengaluru Rural,2025-09-01,-1.3812230577914315,-1.3812230577914315,-1.3812230577914315
Karnataka,Bengaluru Rural,2025-10-01,-1.0450913782473494,-1.0450913782473494,-1.0450913782473494
Karnataka,Bengaluru Rural,2025-11-01,-1.411594787593291,-1.411594787593291,-1.411594787593291
Karnataka,Bengaluru Rural,2025-12-01,-0.9617164993200878,-0.9617164993200878,-0.9617164993200878
Karnataka,Bengaluru South,2025-09-01,-0.5012633210344501,-0.5012633210344501,-0.5012633210344501
Karnataka,Bengaluru South,2025-10-01,0.33445227416736983,0.33445227416736983,0.33445227416736983
Karnataka,Bengaluru South,2025-11-01,0.40908861821883824,0.40908861821883824,0.40908861821883824
Karnataka,Bengaluru South,2025-12-01,-0.5197574357079293,-0.5197574357079293,-0.5197574357079293
Karnataka,Bengaluru Urban,2025-03-01,-1.4561401325238257,-1.4561401325238257,-1.4561401325238257
Karnataka,Bengaluru Urban,2025-06-01,-0.6280694191537814,-0.6280694191537814,-0.6280694191537814
Karnataka,Bengaluru Urban,2025-07-01,-1.3704128287450061,-1.3704128287450061,-1.3704128287450061
Karnataka,Bidar,2025-03-01,0.5444968012640794,0.5444968012640794,0.5444968012640794
Karnataka,Bidar,2025-04-01,0.15943289376363506,0.15943289376363506,0.15943289376363506
Karnataka,Bidar,2025-05-01,0.17480441060065896,0.17480441060065896,0.17480441060065896
Karnataka,Bidar,2025-06-01,0.27607745288110586,0.27607745288110586,0.27607745288110586
Karnataka,Bidar,2025-07-01,0.7794387839109056,0.7794387839109056,0.7794387839109056
Karnataka,Bidar,2025-09-01,0.7750639220466986,0.7750639220466986,0.7750639220466986
Karnataka,Bidar,2025-10-01,-0.2501912378973474,-0.2501912378973474,-0.2501912378973474
Karnataka,Bidar,2025-11-01,0.12483046439933088,0.12483046439933088,0.12483046439933088
Karnataka,Bidar,2025-12-01,-0.118353426890597,-0.118353426890597,-0.118353426890597
Karnataka,Bijapur,2025-03-01,0.4135314256663417,0.4135314256663417,0.4135314256663417
Karnataka,Bijapur,2025-04-01,-0.02605380733353952,-0.02605380733353952,-0.02605380733353952
Karnataka,Bijapur,2025-05-01,0.049418764580952124,0.049418764580952124,0.049418764580952124
Karnataka,Bijapur,2025-06-01,0.10499627334207205,0.10499627334207205,0.10499627334207205
Karnataka,Bijapur,2025-07-01,0.10489452658241837,0.10489452658241837,0.10489452658241837
Karnataka,Bijapur,2025-09-01,0.7482086318723251,0.7482086318723251,0.7482086318723251
Karnataka,Bijapur,2025-10-01,-0.3764706261060812,-0.3764706261060812,-0.3764706261060812
Karnataka,Bijapur,2025-11-01,-0.06531808564740475,-0.06531808564740475,-0.06531808564740475
Karnataka,Bijapur,2025-12-01,-0.0653869406359172,-0.0653869406359172,-0.0653869406359172
Karnataka,Bijapur(KAR),2025-09-01,-1.3533429602460259,-1.3533429602460259,-1.3533429602460259
Karnataka,Bijapur(KAR),2025-10-01,-1.293228115966791,-1.293228115966791,-1.293228115966791
Karnataka,Bijapur(KAR),2025-11-01,-0.302377832259607,-0.302377832259607,-0.302377832259607
Karnataka,Bijapur(KAR),2025-12-01,-1.4576577605443048,-1.4576577605443048,-1.4576577605443048
Karnataka,Chamarajanagar,2025-03-01,-0.7705736866855972,-0.7705736866855972,-0.7705736866855972
Karnataka,Chamarajanagar,2025-04-01,-0.8160069961871719,-0.8160069961871719,-0.8160069961871719
Karnataka,Chamarajanagar,2025-05-01,-0.6647283362888021,-0.6647283362888021,-0.6647283362888021
Karnataka,Chamarajanagar,2025-06-01,-0.687064474303444,-0.687064474303444,-0.687064474303444
Karnataka,Chamarajanagar,2025-07-01,-0.6300960435088022,-0.6300960435088022,-0.6300960435088022
Karnataka,Chamarajanagar,2025-09-01,0.28601593719730656,0.28601593719730656,0.28601593719730656
Karnataka,Chamarajanagar,2025-10-01,-0.6770024328701388,-0.6770024328701388,-0.6770024328701388
Karnataka,Chamarajanagar,2025-11-01,-0.41325510911673125,-0.41325510911673125,-0.41325510911673125
Karnataka,Chamarajanagar,2025-12-01,-0.7264890627457534,-0.7264890627457534,-0.7264890627457534
Karnataka,Chamarajanagar *,2025-09-01,-0.9209518414569953,-0.9209518414569953,-0.9209518414569953
Karnataka,Chamarajanagar *,2025-10-01,-1.0121514395432012,-1.0121514395432012,-1.0121514395432012
Karnataka,Chamarajanagar *,2025-11-01,-1.1746159685995776,-1.1746159685995776,-1.1746159685995776
Karnataka,Chamarajanagar *,2025-12-01,-1.020366851222133,-1.020366851222133,-1.020366851222133
Karnataka,Chamrajanagar,2025-03-01,0.04683182428555639,0.04683182428555639,0.04683182428555639
Karnataka,Chamrajanagar,2025-04-01,-0.19740713599740872,-0.19740713599740872,-0.19740713599740872
Karnataka,Chamrajanagar,2025-05-01,-0.10550181674522,-0.10550181674522,-0.10550181674522
Karnataka,Chamrajanagar,2025-06-01,-0.14722467807985976,-0.14722467807985976,-0.14722467807985976
Karnataka,Chamrajanagar,2025-07-01,-0.10106632838080903,-0.10106632838080903,-0.10106632838080903
Karnataka,Chamrajanagar,2025-09-01,0.6524052936515548,0.6524052936515548,0.6524052936515548
Karnataka,Chamrajanagar,2025-10-01,-0.3524673208207019,-0.3524673208207019,-0.3524673208207019
Karnataka,Chamrajanagar,2025-11-01,-0.035224441824283775,-0.035224441824283775,-0.035224441824283775
Karnataka,Chamrajanagar,2025-12-01,-0.320941026266542,-0.320941026266542,-0.320941026266542
Karnataka,Chamrajnagar,2025-03-01,-0.71150518427569,-0.71150518427569,-0.71150518427569
Karnataka,Chamrajnagar,2025-04-01,-0.8139865977139493,-0.8139865977139493,-0.8139865977139493
Karnataka,Chamrajnagar,2025-05-01,-0.6444350892852353,-0.6444350892852353,-0.6444350892852353
Karnataka,Chamrajnagar,2025-06-01,-0.7307558806883149,-0.7307558806883149,-0.7307558806883149
Karnataka,Chamrajnagar,2025-07-01,-0.6879548344417303,-0.6879548344417303,-0.6879548344417303
Karnataka,Chamrajnagar,2025-09-01,0.3624868258603199,0.3624868258603199,0.3624868258603199
Karnataka,Chamrajnagar,2025-10-01,-0.6204994222020552,-0.6204994222020552,-0.6204994222020552
Karnataka,Chamrajnagar,2025-11-01,-0.3225968600771541,-0.3225968600771541,-0.3225968600771541
Karnataka,Chamrajnagar,2025-12-01,-0.4830245431866599,-0.4830245431866599,-0.4830245431866599
Karnataka,Chickmagalur,2025-03-01,-0.09886629713954521,-0.09886629713954521,-0.09886629713954521
Karnataka,Chickmagalur,2025-04-01,-0.23589453643676078,-0.23589453643676078,-0.23589453643676078
Karnataka,Chickmagalur,2025-05-01,-0.15390637612650235,-0.15390637612650235,-0.15390637612650235
Karnataka,Chickmagalur,2025-06-01,-0.158445617869945,-0.158445617869945,-0.158445617869945
Karnataka,Chickmagalur,2025-07-01,-0.2407003153044588,-0.2407003153044588,-0.2407003153044588
Karnataka,Chickmagalur,2025-09-01,0.5995515518172153,0.5995515518172153,0.5995515518172153
Karnataka,Chickmagalur,2025-10-01,-0.37421857041539214,-0.37421857041539214,-0.37421857041539214
Karnataka,Chickmagalur,2025-11-01,-0.052958268732567884,-0.052958268732567884,-0.052958268732567884
Karnataka,Chickmagalur,2025-12-01,-0.2652767304326324,-0.2652767304326324,-0.2652767304326324
Karnataka,Chikkaballapur,2025-03-01,0.3322858214002727,0.3322858214002727,0.3322858214002727
Karnataka,Chikkaballapur,2025-04-01,0.144877728987806,0.144877728987806,0.144877728987806
Karnataka,Chikkaballapur,2025-05-01,0.1274964859808548,0.1274964859808548,0.1274964859808548
Karnataka,Chikkaballapur,2025-06-01,-0.025754467460264323,-0.025754467460264323,-0.025754467460264323
Karnataka,Chikkaballapur,2025-07-01,-0.01855171760745354,-0.01855171760745354,-0.01855171760745354
Karnataka,Chikkaballapur,2025-09-01,0.6955016567914988,0.6955016567914988,0.6955016567914988
Karnataka,Chikkaballapur,2025-10-01,-0.31348198195861277,-0.31348198195861277,-0.31348198195861277
Karnataka,Chikkaballapur,2025-11-01,-0.03361589449081852,-0.03361589449081852,-0.03361589449081852
Karnataka,Chikkaballapur,2025-12-01,-0.09608300545786258,-0.09608300545786258,-0.09608300545786258
Karnataka,Chikkamagaluru,2025-03-01,-0.0850083884049106,-0.0850083884049106,-0.0850083884049106
Karnataka,Chikkamagaluru,2025-04-01,-0.2850743269446887,-0.2850743269446887,-0.2850743269446887
Karnataka,Chikkamagaluru,2025-05-01,-0.21051140759999803,-0.21051140759999803,-0.21051140759999803
Karnataka,Chikkamagaluru,2025-06-01,-0.13250756919876097,-0.13250756919876097,-0.13250756919876097
Karnataka,Chikkamagaluru,2025-07-01,-0.3026477720741746,-0.3026477720741746,-0.3026477720741746
Karnataka,Chikkamagaluru,2025-09-01,0.5235972828803988,0.5235972828803988,0.5235972828803988
Karnataka,Chikkamagaluru,2025-10-01,-0.45332855164713187,-0.45332855164713187,-0.45332855164713187
Karnataka,Chikkamagaluru,2025-11-01,-0.08670309693171567,-0.08670309693171567,-0.08670309693171567
Karnataka,Chikkamagaluru,2025-12-01,-0.34617009146665323,-0.34617009146665323,-0.34617009146665323
Karnataka,Chikmagalur,2025-03-01,-0.7603285115610154,-0.7603285115610154,-0.7603285115610154
Karnataka,Chikmagalur,2025-04-01,-0.7881866651900089,-0.7881866651900089,-0.7881866651900089
Karnataka,Chikmagalur,2025-05-01,-0.7079082834862602,-0.7079082834862602,-0.7079082834862602
Karnataka,Chikmagalur,2025-06-01,-0.7379459250638488,-0.7379459250638488,-0.7379459250638488
Karnataka,Chikmagalur,2025-07-01,-0.7130547164197371,-0.7130547164197371,-0.7130547164197371
Karnataka,Chikmagalur,2025-09-01,0.25627031057725225,0.25627031057725225,0.25627031057725225
Karnataka,Chikmagalur,2025-10-01,-0.6878987519124049,-0.6878987519124049,-0.6878987519124049
Karnataka,Chikmagalur,2025-11-01,-0.464129143439848,-0.464129143439848,-0.464129143439848
Karnataka,Chikmagalur,2025-12-01,-0.6106334303223241,-0.6106334303223241,-0.6106334303223241
Karnataka,Chitradurga,2025-03-01,0.4252464895064187,0.4252464895064187,0.4252464895064187
Karnataka,Chitradurga,2025-04-01,0.129520980099909,0.129520980099909,0.129520980099909
Karnataka,Chitradurga,2025-05-01,0.3139922599184937,0.3139922599184937,0.3139922599184937
Karnataka,Chitradurga,2025-06-01,0.22692769411966737,0.22692769411966737,0.22692769411966737
Karnataka,Chitradurga,2025-07-01,0.23448536109722218,0.23448536109722218,0.23448536109722218
Karnataka,Chitradurga,2025-09-01,0.7343772115562449,0.7343772115562449,0.7343772115562449
Karnataka,Chitradurga,2025-10-01,-0.2067743102433193,-0.2067743102433193,-0.2067743102433193
Karnataka,Chitradurga,2025-11-01,-0.03656339827354315,-0.03656339827354315,-0.03656339827354315
Karnataka,Chitradurga,2025-12-01,0.18931004351089847,0.18931004351089847,0.18931004351089847
Karnataka,Dakshina Kannada,2025-03-01,0.6509853805327737,0.6509853805327737,0.6509853805327737
Karnataka,Dakshina Kannada,2025-04-01,0.23280380075382667,0.23280380075382667,0.23280380075382667
Karnataka,Dakshina Kannada,2025-05-01,0.25302899324631556,0.25302899324631556,0.25302899324631556
Karnataka,Dakshina Kannada,2025-06-01,0.1162272353173003,0.1162272353173003,0.1162272353173003
Karnataka,Dakshina Kannada,2025-07-01,0.38084090659001624,0.38084090659001624,0.38084090659001624
Karnataka,Dakshina Kannada,2025-09-01,0.7880961649442699,0.7880961649442699,0.7880961649442699
Karnataka,Dakshina Kannada,2025-10-01,-0.13180188934941545,-0.13180188934941545,-0.13180188934941545
Karnataka,Dakshina Kannada,2025-11-01,0.11503594034050918,0.11503594034050918,0.11503594034050918
Karnataka,Dakshina Kannada,2025-12-01,-0.07774749799280402,-0.07774749799280402,-0.07774749799280402
Karnataka,Davanagere,2025-03-01,-0.41596501297451954,-0.41596501297451954,-0.41596501297451954
Karnataka,Davanagere,2025-04-01,-0.5602277547747649,-0.5602277547747649,-0.5602277547747649
Karnataka,Davanagere,2025-05-01,-0.5345809257611611,-0.5345809257611611,-0.5345809257611611
Karnataka,Davanagere,2025-06-01,-0.5780161199532513,-0.5780161199532513,-0.5780161199532513
Karnataka,Davanagere,2025-07-01,-0.42791418344823257,-0.42791418344823257,-0.42791418344823257
Karnataka,Davanagere,2025-09-01,0.4931377042785032,0.4931377042785032,0.4931377042785032
Karnataka,Davanagere,2025-10-01,-0.6082843212968803,-0.6082843212968803,-0.6082843212968803
Karnataka,Davanagere,2025-11-01,-0.16901029614068122,-0.16901029614068122,-0.16901029614068122
Karnataka,Davanagere,2025-12-01,-0.4235022152915085,-0.4235022152915085,-0.4235022152915085
Karnataka,Davangere,2025-03-01,0.5172648065640009,0.5172648065640009,0.5172648065640009
Karnataka,Davangere,2025-04-01,0.30063880364881285,0.30063880364881285,0.30063880364881285
Karnataka,Davangere,2025-05-01,0.37078947773274534,0.37078947773274534,0.37078947773274534
Karnataka,Davangere,2025-06-01,0.4252816984026552,0.4252816984026552,0.4252816984026552
Karnataka,Davangere,2025-07-01,0.40393784882975053,0.40393784882975053,0.40393784882975053
Karnataka,Davangere,2025-09-01,0.7811137791413054,0.7811137791413054,0.7811137791413054
Karnataka,Davangere,2025-10-01,-0.2808806948997947,-0.2808806948997947,-0.2808806948997947
Karnataka,Davangere,2025-11-01,-0.009865132569520752,-0.009865132569520752,-0.009865132569520752
Karnataka,Davangere,2025-12-01,0.23656206023764711,0.23656206023764711,0.23656206023764711
Karnataka,Dharwad,2025-03-01,0.7803803230065729,0.7803803230065729,0.7803803230065729
Karnataka,Dharwad,2025-04-01,0.44387938065979987,0.44387938065979987,0.44387938065979987
Karnataka,Dharwad,2025-05-01,0.4596070635640632,0.4596070635640632,0.4596070635640632
Karnataka,Dharwad,2025-06-01,0.1984954033967813,0.1984954033967813,0.1984954033967813
Karnataka,Dharwad,2025-07-01,0.5332779148280548,0.5332779148280548,0.5332779148280548
Karnataka,Dharwad,2025-09-01,0.7696427082558018,0.7696427082558018,0.7696427082558018
Karnataka,Dharwad,2025-10-01,-0.23529070840789246,-0.23529070840789246,-0.23529070840789246
Karnataka,Dharwad,2025-11-01,0.08560754691195936,0.08560754691195936,0.08560754691195936
Karnataka,Dharwad,2025-12-01,-0.15308635532847392,-0.15308635532847392,-0.15308635532847392
Karnataka,Gadag,2025-03-01,0.3236418334288056,0.3236418334288056,0.3236418334288056
Karnataka,Gadag,2025-04-01,-0.05215457835921987,-0.05215457835921987,-0.05215457835921987
Karnataka,Gadag,2025-05-01,0.1110555745257035,0.1110555745257035,0.1110555745257035
Karnataka,Gadag,2025-06-01,0.0800084229114434,0.0800084229114434,0.0800084229114434
Karnataka,Gadag,2025-07-01,-0.043721599928216365,-0.043721599928216365,-0.043721599928216365
Karnataka,Gadag,2025-09-01,0.6812175728151868,0.6812175728151868,0.6812175728151868
Karnataka,Gadag,2025-10-01,-0.44983660555083754,-0.44983660555083754,-0.44983660555083754
Karnataka,Gadag,2025-11-01,0.19325445519866363,0.19325445519866363,0.19325445519866363
Karnataka,Gadag,2025-12-01,-0.2546208854343756,-0.2546208854343756,-0.2546208854343756
Karnataka,Gadag *,2025-03-01,-0.5952177546567742,-0.5952177546567742,-0.5952177546567742
Karnataka,Gadag *,2025-04-01,-0.7881866651900089,-0.7881866651900089,-0.7881866651900089
Karnataka,Gadag *,2025-05-01,-0.7151613066240519,-0.7151613066240519,-0.7151613066240519
Karnataka,Gadag *,2025-06-01,-0.6906562050180207,-0.6906562050180207,-0.6906562050180207
Karnataka,Gadag *,2025-07-01,-0.7429301343599384,-0.7429301343599384,-0.7429301343599384
Karnataka,Gadag *,2025-09-01,0.24180259820381744,0.24180259820381744,0.24180259820381744
Karnataka,Gadag *,2025-10-01,-0.9281230333938203,-0.9281230333938203,-0.9281230333938203
Karnataka,Gadag *,2025-11-01,0.011785378908433827,0.011785378908433827,0.011785378908433827
Karnataka,Gadag *,2025-12-01,-0.7515765202009619,-0.7515765202009619,-0.7515765202009619
Karnataka,Gulbarga,2025-03-01,0.24450917665692182,0.24450917665692182,0.24450917665692182
Karnataka,Gulbarga,2025-04-01,0.042906922762512206,0.042906922762512206,0.042906922762512206
Karnataka,Gulbarga,2025-05-01,0.08516117300186052,0.08516117300186052,0.08516117300186052
Karnataka,Gulbarga,2025-06-01,0.1434011000450684,0.1434011000450684,0.1434011000450684
Karnataka,Gulbarga,2025-07-01,0.17553810135231335,0.17553810135231335,0.17553810135231335
Karnataka,Gulbarga,2025-09-01,0.7325086121663308,0.7325086121663308,0.7325086121663308
Karnataka,Gulbarga,2025-10-01,-0.26123599390839564,-0.26123599390839564,-0.26123599390839564
Karnataka,Gulbarga,2025-11-01,0.050637184676422475,0.050637184676422475,0.050637184676422475
Karnataka,Gulbarga,2025-12-01,-0.1039309304351168,-0.1039309304351168,-0.1039309304351168
Karnataka,Hasan,2025-03-01,-0.3767565649200962,-0.3767565649200962,-0.3767565649200962
Karnataka,Hasan,2025-04-01,-0.5112266561273575,-0.5112266561273575,-0.5112266561273575
Karnataka,Hasan,2025-05-01,-0.35612428686201414,-0.35612428686201414,-0.35612428686201414
Karnataka,Hasan,2025-06-01,-0.3963864513852079,-0.3963864513852079,-0.3963864513852079
Karnataka,Hasan,2025-07-01,-0.44533125598903534,-0.44533125598903534,-0.44533125598903534
Karnataka,Hasan,2025-09-01,0.553016704213259,0.553016704213259,0.553016704213259
Karnataka,Hasan,2025-10-01,-0.42119245279620543,-0.42119245279620543,-0.42119245279620543
Karnataka,Hasan,2025-11-01,-0.054483741861119275,-0.054483741861119275,-0.054483741861119275
Karnataka,Hasan,2025-12-01,-0.25353444615836457,-0.25353444615836457,-0.25353444615836457
Karnataka,Hassan,2025-03-01,0.2911166286192344,0.2911166286192344,0.2911166286192344
Karnataka,Hassan,2025-04-01,0.0501964906764628,0.0501964906764628,0.0501964906764628
Karnataka,Hassan,2025-05-01,0.22184541610902347,0.22184541610902347,0.22184541610902347
Karnataka,Hassan,2025-06-01,0.1857345283286177,0.1857345283286177,0.1857345283286177
Karnataka,Hassan,2025-07-01,0.20367917366526261,0.20367917366526261,0.20367917366526261
Karnataka,Hassan,2025-09-01,0.6759234527008031,0.6759234527008031,0.6759234527008031
Karnataka,Hassan,2025-10-01,-0.3065637518102512,-0.3065637518102512,-0.3065637518102512
Karnataka,Hassan,2025-11-01,0.0633507325976334,0.0633507325976334,0.0633507325976334
Karnataka,Hassan,2025-12-01,-0.1470458507940761,-0.1470458507940761,-0.1470458507940761
Karnataka,Haveri,2025-03-01,0.6488928022111996,0.6488928022111996,0.6488928022111996
Karnataka,Haveri,2025-04-01,0.2214206826113525,0.2214206826113525,0.2214206826113525
Karnataka,Haveri,2025-05-01,0.36913163711978303,0.36913163711978303,0.36913163711978303
Karnataka,Haveri,2025-06-01,0.48164873797748664,0.48164873797748664,0.48164873797748664
Karnataka,Haveri,2025-07-01,0.41696002288792583,0.41696002288792583,0.41696002288792583
Karnataka,Haveri,2025-09-01,0.7368298166501506,0.7368298166501506,0.7368298166501506
Karnataka,Haveri,2025-10-01,-0.30196148557531816,-0.30196148557531816,-0.30196148557531816
Karnataka,Haveri,2025-11-01,0.07150982830055802,0.07150982830055802,0.07150982830055802
Karnataka,Haveri,2025-12-01,-0.07431991827083659,-0.07431991827083659,-0.07431991827083659
Karnataka,Haveri *,2025-03-01,-0.5297595776027647,-0.5297595776027647,-0.5297595776027647
Karnataka,Haveri *,2025-04-01,-0.7099467398869967,-0.7099467398869967,-0.7099467398869967
Karnataka,Haveri *,2025-05-01,-0.6670618952770901,-0.6670618952770901,-0.6670618952770901
Karnataka,Haveri *,2025-06-01,-0.9511757613722734,-0.9511757613722734,-0.9511757613722734
Karnataka,Haveri *,2025-07-01,-0.8287249787758211,-0.8287249787758211,-0.8287249787758211
Karnataka,Haveri *,2025-09-01,0.2406972889596492,0.2406972889596492,0.2406972889596492
Karnataka,Haveri *,2025-10-01,-0.7214003215236046,-0.7214003215236046,-0.7214003215236046
Karnataka,Haveri *,2025-11-01,-0.47987792824522535,-0.47987792824522535,-0.47987792824522535
Karnataka,Haveri *,2025-12-01,-0.526439553493812,-0.526439553493812,-0.526439553493812
Karnataka,Kalaburagi,2025-03-01,0.40475740294472695,0.40475740294472695,0.40475740294472695
Karnataka,Kalaburagi,2025-04-01,0.7327296244300608,0.7327296244300608,0.7327296244300608
Karnataka,Kalaburagi,2025-05-01,-0.09890307479084903,-0.09890307479084903,-0.09890307479084903
Karnataka,Kalaburagi,2025-06-01,0.36878498489515865,0.36878498489515865,0.36878498489515865
Karnataka,Kalaburagi,2025-07-01,0.3306161285970026,0.3306161285970026,0.3306161285970026
Karnataka,Kalaburagi,2025-09-01,0.730394358463879,0.730394358463879,0.730394358463879
Karnataka,Kalaburagi,2025-10-01,-0.2869607903191327,-0.2869607903191327,-0.2869607903191327
Karnataka,Kalaburagi,2025-11-01,0.1025722720946944,0.1025722720946944,0.1025722720946944
Karnataka,Kalaburagi,2025-12-01,-0.14213903275910109,-0.14213903275910109,-0.14213903275910109
Karnataka,Kodagu,2025-03-01,-0.09883023122242182,-0.09883023122242182,-0.09883023122242182
Karnataka,Kodagu,2025-04-01,-0.2565821407185718,-0.2565821407185718,-0.2565821407185718
Karnataka,Kodagu,2025-05-01,-0.20596295180657542,-0.20596295180657542,-0.20596295180657542
Karnataka,Kodagu,2025-06-01,-0.23809640238473884,-0.23809640238473884,-0.23809640238473884
Karnataka,Kodagu,2025-07-01,-0.18053641836569434,-0.18053641836569434,-0.18053641836569434
Karnataka,Kodagu,2025-09-01,0.5632799615973749,0.5632799615973749,0.5632799615973749
Karnataka,Kodagu,2025-10-01,-0.31111861071530805,-0.31111861071530805,-0.31111861071530805
Karnataka,Kodagu,2025-11-01,-0.1300369467638713,-0.1300369467638713,-0.1300369467638713
Karnataka,Kodagu,2025-12-01,-0.23278707996661993,-0.23278707996661993,-0.23278707996661993
Karnataka,Kolar,2025-03-01,0.4518452996975201,0.4518452996975201,0.4518452996975201
Karnataka,Kolar,2025-04-01,0.18618798964256736,0.18618798964256736,0.18618798964256736
Karnataka,Kolar,2025-05-01,0.4047838219997198,0.4047838219997198,0.4047838219997198
Karnataka,Kolar,2025-06-01,0.14797812816145312,0.14797812816145312,0.14797812816145312
Karnataka,Kolar,2025-07-01,0.3118995064850502,0.3118995064850502,0.3118995064850502
Karnataka,Kolar,2025-09-01,0.7495933501712522,0.7495933501712522,0.7495933501712522
Karnataka,Kolar,2025-10-01,-0.2864835269170014,-0.2864835269170014,-0.2864835269170014
Karnataka,Kolar,2025-11-01,0.27176369637414305,0.27176369637414305,0.27176369637414305
Karnataka,Kolar,2025-12-01,-0.2061223588691054,-0.2061223588691054,-0.2061223588691054
Karnataka,Koppal,2025-03-01,0.38206178367799604,0.38206178367799604,0.38206178367799604
Karnataka,Koppal,2025-04-01,0.1272644327871494,0.1272644327871494,0.1272644327871494
Karnataka,Koppal,2025-05-01,0.2311565516474844,0.2311565516474844,0.2311565516474844
Karnataka,Koppal,2025-06-01,0.3663207509523207,0.3663207509523207,0.3663207509523207
Karnataka,Koppal,2025-07-01,0.19048059125761496,0.19048059125761496,0.19048059125761496
Karnataka,Koppal,2025-09-01,0.7609282309707298,0.7609282309707298,0.7609282309707298
Karnataka,Koppal,2025-10-01,-0.32394788137381997,-0.32394788137381997,-0.32394788137381997
Karnataka,Koppal,2025-11-01,0.20521140620347164,0.20521140620347164,0.20521140620347164
Karnataka,Koppal,2025-12-01,-0.1328121662677009,-0.1328121662677009,-0.1328121662677009
Karnataka,Mandya,2025-03-01,0.43877603309255864,0.43877603309255864,0.43877603309255864
Karnataka,Mandya,2025-04-01,0.11593608496359732,0.11593608496359732,0.11593608496359732
Karnataka,Mandya,2025-05-01,0.3329294315882299,0.3329294315882299,0.3329294315882299
Karnataka,Mandya,2025-06-01,0.28401754214312713,0.28401754214312713,0.28401754214312713
Karnataka,Mandya,2025-07-01,0.1634430807894885,0.1634430807894885,0.1634430807894885
Karnataka,Mandya,2025-09-01,0.717129062445255,0.717129062445255,0.717129062445255
Karnataka,Mandya,2025-10-01,-0.16048887752815744,-0.16048887752815744,-0.16048887752815744
Karnataka,Mandya,2025-11-01,0.10162160927046042,0.10162160927046042,0.10162160927046042
Karnataka,Mandya,2025-12-01,-0.08357848816176422,-0.08357848816176422,-0.08357848816176422
Karnataka,Mysore,2025-03-01,0.15846630275843893,0.15846630275843893,0.15846630275843893
Karnataka,Mysore,2025-04-01,0.039303312071098426,0.039303312071098426,0.039303312071098426
Karnataka,Mysore,2025-05-01,0.07461377864927976,0.07461377864927976,0.07461377864927976
Karnataka,Mysore,2025-06-01,0.006274376962188091,0.006274376962188091,0.006274376962188091
Karnataka,Mysore,2025-07-01,0.10469100208427813,0.10469100208427813,0.10469100208427813
Karnataka,Mysore,2025-09-01,0.7118189782676294,0.7118189782676294,0.7118189782676294
Karnataka,Mysore,2025-10-01,-0.1666533115223262,-0.1666533115223262,-0.1666533115223262
Karnataka,Mysore,2025-11-01,-0.032592280129425596,-0.032592280129425596,-0.032592280129425596
Karnataka,Mysore,2025-12-01,-0.0986175620479223,-0.0986175620479223,-0.0986175620479223
Karnataka,Mysuru,2025-03-01,0.3648234430907561,0.3648234430907561,0.3648234430907561
Karnataka,Mysuru,2025-04-01,0.7446447487928782,0.7446447487928782,0.7446447487928782
Karnataka,Mysuru,2025-05-01,-0.14096856676350186,-0.14096856676350186,-0.14096856676350186
Karnataka,Mysuru,2025-06-01,0.00952255727564598,0.00952255727564598,0.00952255727564598
Karnataka,Mysuru,2025-07-01,0.7141718091431782,0.7141718091431782,0.7141718091431782
Karnataka,Mysuru,2025-09-01,0.2621120682841708,0.2621120682841708,0.2621120682841708
Karnataka,Mysuru,2025-10-01,-0.2919821771665594,-0.2919821771665594,-0.2919821771665594
Karnataka,Mysuru,2025-11-01,-0.02431847705757591,-0.02431847705757591,-0.02431847705757591
Karnataka,Mysuru,2025-12-01,-0.12754361897081906,-0.12754361897081906,-0.12754361897081906
Karnataka,Raichur,2025-03-01,0.5182892163005525,0.5182892163005525,0.5182892163005525
Karnataka,Raichur,2025-04-01,0.33066675481546454,0.33066675481546454,0.33066675481546454
Karnataka,Raichur,2025-05-01,0.4940125232336325,0.4940125232336325,0.4940125232336325
Karnataka,Raichur,2025-06-01,0.8088504267197293,0.8088504267197293,0.8088504267197293
Karnataka,Raichur,2025-07-01,0.18729852768081007,0.18729852768081007,0.18729852768081007
Karnataka,Raichur,2025-09-01,0.8008564067978821,0.8008564067978821,0.8008564067978821
Karnataka,Raichur,2025-10-01,-0.15932059426097467,-0.15932059426097467,-0.15932059426097467
Karnataka,Raichur,2025-11-01,0.092113737129629,0.092113737129629,0.092113737129629
Karnataka,Raichur,2025-12-01,-0.012468374278259753,-0.012468374278259753,-0.012468374278259753
Karnataka,Ramanagar,2025-03-01,0.241527571643489,0.241527571643489,0.241527571643489
Karnataka,Ramanagar,2025-04-01,-0.02896461922946644,-0.02896461922946644,-0.02896461922946644
Karnataka,Ramanagar,2025-05-01,0.13268572870771767,0.13268572870771767,0.13268572870771767
Karnataka,Ramanagar,2025-06-01,0.07443798882112818,0.07443798882112818,0.07443798882112818
Karnataka,Ramanagar,2025-07-01,0.20799340623019866,0.20799340623019866,0.20799340623019866
Karnataka,Ramanagar,2025-09-01,0.6850262588021365,0.6850262588021365,0.6850262588021365
Karnataka,Ramanagar,2025-10-01,-0.4047353243885604,-0.4047353243885604,-0.4047353243885604
Karnataka,Ramanagar,2025-11-01,0.0053268849254360755,0.0053268849254360755,0.0053268849254360755
Karnataka,Ramanagar,2025-12-01,-0.21928370898830443,-0.21928370898830443,-0.21928370898830443
Karnataka,Ramanagara,2025-07-01,-1.4561399481907986,-1.4561399481907986,-1.4561399481907986
Karnataka,Shimoga,2025-03-01,-0.05393355511573391,-0.05393355511573391,-0.05393355511573391
Karnataka,Shimoga,2025-04-01,-0.21815020868190127,-0.21815020868190127,-0.21815020868190127
Karnataka,Shimoga,2025-05-01,-0.13189797052589033,-0.13189797052589033,-0.13189797052589033
Karnataka,Shimoga,2025-06-01,-0.12131959512608807,-0.12131959512608807,-0.12131959512608807
Karnataka,Shimoga,2025-07-01,-0.11791646665797587,-0.11791646665797587,-0.11791646665797587
Karnataka,Shimoga,2025-09-01,0.6633934382158445,0.6633934382158445,0.6633934382158445
Karnataka,Shimoga,2025-10-01,-0.4061839190838526,-0.4061839190838526,-0.4061839190838526
Karnataka,Shimoga,2025-11-01,0.058345472958839906,0.058345472958839906,0.058345472958839906
Karnataka,Shimoga,2025-12-01,-0.1685944823831641,-0.1685944823831641,-0.1685944823831641
Karnataka,Shivamogga,2025-03-01,0.2244879521372406,0.2244879521372406,0.2244879521372406
Karnataka,Shivamogga,2025-04-01,-0.08692462887145051,-0.08692462887145051,-0.08692462887145051
Karnataka,Shivamogga,2025-05-01,0.019159027041219273,0.019159027041219273,0.019159027041219273
Karnataka,Shivamogga,2025-06-01,-0.05453217472090773,-0.05453217472090773,-0.05453217472090773
Karnataka,Shivamogga,2025-07-01,0.005953493847454666,0.005953493847454666,0.005953493847454666
Karnataka,Shivamogga,2025-09-01,0.6635402681025602,0.6635402681025602,0.6635402681025602
Karnataka,Shivamogga,2025-10-01,-0.38218414526397265,-0.38218414526397265,-0.38218414526397265
Karnataka,Shivamogga,2025-11-01,-0.06106718490395033,-0.06106718490395033,-0.06106718490395033
Karnataka,Shivamogga,2025-12-01,-0.08572948299663745,-0.08572948299663745,-0.08572948299663745
Karnataka,Tumakuru,2025-03-01,0.2327734458918207,0.2327734458918207,0.2327734458918207
Karnataka,Tumakuru,2025-04-01,0.04932266283981376,0.04932266283981376,0.04932266283981376
Karnataka,Tumakuru,2025-05-01,0.13483588826990323,0.13483588826990323,0.13483588826990323
Karnataka,Tumakuru,2025-06-01,0.06385871696883323,0.06385871696883323,0.06385871696883323
Karnataka,Tumakuru,2025-07-01,0.030862835396435626,0.030862835396435626,0.030862835396435626
Karnataka,Tumakuru,2025-09-01,0.6738459900672005,0.6738459900672005,0.6738459900672005
Karnataka,Tumakuru,2025-10-01,-0.2924538893724613,-0.2924538893724613,-0.2924538893724613
Karnataka,Tumakuru,2025-11-01,-0.1079260107966374,-0.1079260107966374,-0.1079260107966374
Karnataka,Tumakuru,2025-12-01,0.0033979297561975118,0.0033979297561975118,0.0033979297561975118
Karnataka,Tumkur,2025-03-01,0.32244515913800775,0.32244515913800775,0.32244515913800775
Karnataka,Tumkur,2025-04-01,0.06319825767361432,0.06319825767361432,0.06319825767361432
Karnataka,Tumkur,2025-05-01,0.1722381686848909,0.1722381686848909,0.1722381686848909
Karnataka,Tumkur,2025-06-01,0.1458519384518706,0.1458519384518706,0.1458519384518706
Karnataka,Tumkur,2025-07-01,0.1223476565724272,0.1223476565724272,0.1223476565724272
Karnataka,Tumkur,2025-09-01,0.7352019249113515,0.7352019249113515,0.7352019249113515
Karnataka,Tumkur,2025-10-01,-0.2039249921696489,-0.2039249921696489,-0.2039249921696489
Karnataka,Tumkur,2025-11-01,-0.046442925973440824,-0.046442925973440824,-0.046442925973440824
Karnataka,Tumkur,2025-12-01,-0.030370038460913157,-0.030370038460913157,-0.030370038460913157
Karnataka,Udupi,2025-03-01,0.19657379015045312,0.19657379015045312,0.19657379015045312
Karnataka,Udupi,2025-04-01,-0.13037188415246503,-0.13037188415246503,-0.13037188415246503
Karnataka,Udupi,2025-05-01,-0.05465757575046327,-0.05465757575046327,-0.05465757575046327
Karnataka,Udupi,2025-06-01,-0.07151754570876692,-0.07151754570876692,-0.07151754570876692
Karnataka,Udupi,2025-07-01,-0.018019089604202773,-0.018019089604202773,-0.018019089604202773
Karnataka,Udupi,2025-09-01,0.6893080164111667,0.6893080164111667,0.6893080164111667
Karnataka,Udupi,2025-10-01,-0.35163752458124453,-0.35163752458124453,-0.35163752458124453
Karnataka,Udupi,2025-11-01,-0.16700823660833064,-0.16700823660833064,-0.16700823660833064
Karnataka,Udupi,2025-12-01,-0.10981353314827075,-0.10981353314827075,-0.10981353314827075
Karnataka,Udupi *,2025-09-01,-1.293228115966791,-1.293228115966791,-1.293228115966791
Karnataka,Udupi *,2025-11-01,-0.6280519377179037,-0.6280519377179037,-0.6280519377179037
Karnataka,Udupi *,2025-12-01,-1.7072736836975795,-1.7072736836975795,-1.7072736836975795
Karnataka,Uttara Kannada,2025-03-01,0.29871973298630905,0.29871973298630905,0.29871973298630905
Karnataka,Uttara Kannada,2025-04-01,-0.06784885823428165,-0.06784885823428165,-0.06784885823428165
Karnataka,Uttara Kannada,2025-05-01,0.09990792989493526,0.09990792989493526,0.09990792989493526
Karnataka,Uttara Kannada,2025-06-01,0.009068400588076952,0.009068400588076952,0.009068400588076952
Karnataka,Uttara Kannada,2025-07-01,0.0005961761253738124,0.0005961761253738124,0.0005961761253738124
Karnataka,Uttara Kannada,2025-09-01,0.6988039519506873,0.6988039519506873,0.6988039519506873
Karnataka,Uttara Kannada,2025-10-01,-0.25981795415919845,-0.25981795415919845,-0.25981795415919845
Karnataka,Uttara Kannada,2025-11-01,0.12219674672975989,0.12219674672975989,0.12219674672975989
Karnataka,Uttara Kannada,2025-12-01,-0.22149414346390592,-0.22149414346390592,-0.22149414346390592
Karnataka,Vijayanagara,2025-03-01,0.0021195054953693088,0.0021195054953693088,0.0021195054953693088
Karnataka,Vijayanagara,2025-04-01,-0.14265281791848178,-0.14265281791848178,-0.14265281791848178
Karnataka,Vijayanagara,2025-05-01,-0.09811816399997786,-0.09811816399997786,-0.09811816399997786
Karnataka,Vijayanagara,2025-06-01,-0.23282781719333515,-0.23282781719333515,-0.23282781719333515
Karnataka,Vijayanagara,2025-07-01,-0.047650833687818736,-0.047650833687818736,-0.047650833687818736
Karnataka,Vijayanagara,2025-09-01,0.5938522700848309,0.5938522700848309,0.5938522700848309
Karnataka,Vijayanagara,2025-10-01,-0.5100017746608259,-0.5100017746608259,-0.5100017746608259
Karnataka,Vijayanagara,2025-11-01,-0.18634633519217694,-0.18634633519217694,-0.18634633519217694
Karnataka,Vijayanagara,2025-12-01,-0.2751841225923605,-0.2751841225923605,-0.2751841225923605
Karnataka,Vijayapura,2025-03-01,0.42879002221811024,0.42879002221811024,0.42879002221811024
Karnataka,Vijayapura,2025-04-01,-0.03461355418299726,-0.03461355418299726,-0.03461355418299726
Karnataka,Vijayapura,2025-05-01,0.026339159475448334,0.026339159475448334,0.026339159475448334
Karnataka,Vijayapura,2025-06-01,0.19122708702487434,0.19122708702487434,0.19122708702487434
Karnataka,Vijayapura,2025-07-01,0.7095262808497013,0.7095262808497013,0.7095262808497013
Karnataka,Vijayapura,2025-09-01,0.7235260539869204,0.7235260539869204,0.7235260539869204
Karnataka,Vijayapura,2025-10-01,-0.4037268497449378,-0.4037268497449378,-0.4037268497449378
Karnataka,Vijayapura,2025-11-01,0.01393090193496109,0.01393090193496109,0.01393090193496109
Karnataka,Vijayapura,2025-12-01,-0.13381920886166973,-0.13381920886166973,-0.13381920886166973
Karnataka,Yadgir,2025-03-01,0.4072789775358362,0.4072789775358362,0.4072789775358362
Karnataka,Yadgir,2025-04-01,0.7110249793524629,0.7110249793524629,0.7110249793524629
Karnataka,Yadgir,2025-05-01,-0.21595825394304968,-0.21595825394304968,-0.21595825394304968
Karnataka,Yadgir,2025-06-01,0.18457655771577766,0.18457655771577766,0.18457655771577766
Karnataka,Yadgir,2025-07-01,0.2056589720117658,0.2056589720117658,0.2056589720117658
Karnataka,Yadgir,2025-09-01,0.7254657022385479,0.7254657022385479,0.7254657022385479
Karnataka,Yadgir,2025-10-01,-0.277679216090052,-0.277679216090052,-0.277679216090052
Karnataka,Yadgir,2025-11-01,-0.013818567959429137,-0.013818567959429137,-0.013818567959429137
Karnataka,Yadgir,2025-12-01,-0.14274467411822891,-0.14274467411822891,-0.14274467411822891
Karnataka,yadgir,2025-03-01,-0.5704160724165181,-0.5704160724165181,-0.5704160724165181
Karnataka,yadgir,2025-04-01,-0.5433444865198876,-0.5433444865198876,-0.5433444865198876
Karnataka,yadgir,2025-05-01,-0.5883823189165045,-0.5883823189165045,-0.5883823189165045
Karnataka,yadgir,2025-06-01,-0.5850148973804786,-0.5850148973804786,-0.5850148973804786
Karnataka,yadgir,2025-07-01,-0.5112266561273575,-0.5112266561273575,-0.5112266561273575
Karnataka,yadgir,2025-09-01,0.3977124457742369,0.3977124457742369,0.3977124457742369
Karnataka,yadgir,2025-10-01,-0.6525681432617785,-0.6525681432617785,-0.6525681432617785
Karnataka,yadgir,2025-11-01,-0.29178144696839053,-0.29178144696839053,-0.29178144696839053
Karnataka,yadgir,2025-12-01,-0.5770127554745579,-0.5770127554745579,-0.5770127554745579
Kerala,Alappuzha,2025-03-01,0.29631550474571944,0.29631550474571944,0.29631550474571944
Kerala,Alappuzha,2025-04-01,0.20032411991096022,0.20032411991096022,0.20032411991096022
Kerala,Alappuzha,2025-05-01,0.38307744717228964,0.38307744717228964,0.38307744717228964
Kerala,Alappuzha,2025-06-01,0.3463844641903148,0.3463844641903148,0.3463844641903148
Kerala,Alappuzha,2025-07-01,0.3473278526474052,0.3473278526474052,0.3473278526474052
Kerala,Alappuzha,2025-09-01,0.7738830959549046,0.7738830959549046,0.7738830959549046
Kerala,Alappuzha,2025-10-01,-0.11201822607251041,-0.11201822607251041,-0.11201822607251041
Kerala,Alappuzha,2025-11-01,0.07163141143438104,0.07163141143438104,0.07163141143438104
Kerala,Alappuzha,2025-12-01,-0.14076635494499024,-0.14076635494499024,-0.14076635494499024
Kerala,Ernakulam,2025-03-01,0.8146376279831743,0.8146376279831743,0.8146376279831743
Kerala,Ernakulam,2025-04-01,0.5068005589061029,0.5068005589061029,0.5068005589061029
Kerala,Ernakulam,2025-05-01,0.8695482747886196,0.8695482747886196,0.8695482747886196
Kerala,Ernakulam,2025-06-01,0.8405816125576212,0.8405816125576212,0.8405816125576212
Kerala,Ernakulam,2025-07-01,0.2685444109920206,0.2685444109920206,0.2685444109920206
Kerala,Ernakulam,2025-09-01,0.8447363671257175,0.8447363671257175,0.8447363671257175
Kerala,Ernakulam,2025-10-01,-0.05278673503270194,-0.05278673503270194,-0.05278673503270194
Kerala,Ernakulam,2025-11-01,0.19613961331113589,0.19613961331113589,0.19613961331113589
Kerala,Ernakulam,2025-12-01,-0.09181800613781847,-0.09181800613781847,-0.09181800613781847
Kerala,Idukki,2025-03-01,0.06366966670239842,0.06366966670239842,0.06366966670239842
Kerala,Idukki,2025-04-01,-0.0345528715719392,-0.0345528715719392,-0.0345528715719392
Kerala,Idukki,2025-05-01,0.09969162992224141,0.09969162992224141,0.09969162992224141
Kerala,Idukki,2025-06-01,0.06053464923565553,0.06053464923565553,0.06053464923565553
Kerala,Idukki,2025-07-01,0.05357062204187109,0.05357062204187109,0.05357062204187109
Kerala,Idukki,2025-09-01,0.6650662968338208,0.6650662968338208,0.6650662968338208
Kerala,Idukki,2025-10-01,-0.2465812840121294,-0.2465812840121294,-0.2465812840121294
Kerala,Idukki,2025-11-01,-0.04858721205757467,-0.04858721205757467,-0.04858721205757467
Kerala,Idukki,2025-12-01,-0.265787251695177,-0.265787251695177,-0.265787251695177
Kerala,Kannur,2025-03-01,0.4917631599297827,0.4917631599297827,0.4917631599297827
Kerala,Kannur,2025-04-01,0.37030824949305036,0.37030824949305036,0.37030824949305036
Kerala,Kannur,2025-05-01,0.5448822398573258,0.5448822398573258,0.5448822398573258
Kerala,Kannur,2025-06-01,0.47791420263153794,0.47791420263153794,0.47791420263153794
Kerala,Kannur,2025-07-01,0.8282033500524157,0.8282033500524157,0.8282033500524157
Kerala,Kannur,2025-09-01,0.8536524300101591,0.8536524300101591,0.8536524300101591
Kerala,Kannur,2025-10-01,-0.10838893204706396,-0.10838893204706396,-0.10838893204706396
Kerala,Kannur,2025-11-01,0.2668244907848801,0.2668244907848801,0.2668244907848801
Kerala,Kannur,2025-12-01,-0.11236415470374908,-0.11236415470374908,-0.11236415470374908
Kerala,Kasaragod,2025-03-01,0.23925381237648988,0.23925381237648988,0.23925381237648988
Kerala,Kasaragod,2025-04-01,0.21421701180410124,0.21421701180410124,0.21421701180410124
Kerala,Kasaragod,2025-05-01,0.26912938913036777,0.26912938913036777,0.26912938913036777
Kerala,Kasaragod,2025-06-01,0.26617380239304267,0.26617380239304267,0.26617380239304267
Kerala,Kasaragod,2025-07-01,0.24142016444767167,0.24142016444767167,0.24142016444767167
Kerala,Kasaragod,2025-09-01,0.727026188810394,0.727026188810394,0.727026188810394
Kerala,Kasaragod,2025-10-01,-0.1752189154786082,-0.1752189154786082,-0.1752189154786082
Kerala,Kasaragod,2025-11-01,0.11244084649448474,0.11244084649448474,0.11244084649448474
Kerala,Kasaragod,2025-12-01,-0.15553405972838552,-0.15553405972838552,-0.15553405972838552
Kerala,Kasargod,2025-03-01,-0.8061617096051759,-0.8061617096051759,-0.8061617096051759
Kerala,Kasargod,2025-04-01,-0.845042030303443,-0.845042030303443,-0.845042030303443
Kerala,Kasargod,2025-05-01,-0.7767481369734597,-0.7767481369734597,-0.7767481369734597
Kerala,Kasargod,2025-06-01,-0.6897506405217555,-0.6897506405217555,-0.6897506405217555
Kerala,Kasargod,2025-09-01,0.3435718543423765,0.3435718543423765,0.3435718543423765
Kerala,Kasargod,2025-10-01,-0.4114649517102558,-0.4114649517102558,-0.4114649517102558
Kerala,Kasargod,2025-11-01,-0.4701099973673795,-0.4701099973673795,-0.4701099973673795
Kerala,Kasargod,2025-12-01,-0.49727630752285845,-0.49727630752285845,-0.49727630752285845
Kerala,Kollam,2025-03-01,0.5698001195220778,0.5698001195220778,0.5698001195220778
Kerala,Kollam,2025-04-01,0.4356475239630595,0.4356475239630595,0.4356475239630595
Kerala,Kollam,2025-05-01,0.8524701156136616,0.8524701156136616,0.8524701156136616
Kerala,Kollam,2025-06-01,0.1457103268824977,0.1457103268824977,0.1457103268824977
Kerala,Kollam,2025-07-01,0.5930847405431521,0.5930847405431521,0.5930847405431521
Kerala,Kollam,2025-09-01,0.830431988203254,0.830431988203254,0.830431988203254
Kerala,Kollam,2025-10-01,-0.08751617846905589,-0.08751617846905589,-0.08751617846905589
Kerala,Kollam,2025-11-01,0.15704954251657147,0.15704954251657147,0.15704954251657147
Kerala,Kollam,2025-12-01,-0.09739170650289841,-0.09739170650289841,-0.09739170650289841
Kerala,Kottayam,2025-03-01,0.1304583283088582,0.1304583283088582,0.1304583283088582
Kerala,Kottayam,2025-04-01,0.1304702896590616,0.1304702896590616,0.1304702896590616
Kerala,Kottayam,2025-05-01,0.31708886155841853,0.31708886155841853,0.31708886155841853
Kerala,Kottayam,2025-06-01,0.2995032365381815,0.2995032365381815,0.2995032365381815
Kerala,Kottayam,2025-07-01,0.28967364281496244,0.28967364281496244,0.28967364281496244
Kerala,Kottayam,2025-09-01,0.7632254792472141,0.7632254792472141,0.7632254792472141
Kerala,Kottayam,2025-10-01,-0.1217090680702392,-0.1217090680702392,-0.1217090680702392
Kerala,Kottayam,2025-11-01,0.011063876915222183,0.011063876915222183,0.011063876915222183
Kerala,Kottayam,2025-12-01,-0.09886476148207428,-0.09886476148207428,-0.09886476148207428
Kerala,Kozhikode,2025-03-01,0.8485990669614683,0.8485990669614683,0.8485990669614683
Kerala,Kozhikode,2025-04-01,0.40372667246778776,0.40372667246778776,0.40372667246778776
Kerala,Kozhikode,2025-05-01,0.6498637454135037,0.6498637454135037,0.6498637454135037
Kerala,Kozhikode,2025-06-01,0.6247258025405403,0.6247258025405403,0.6247258025405403
Kerala,Kozhikode,2025-07-01,0.8116450947475005,0.8116450947475005,0.8116450947475005
Kerala,Kozhikode,2025-09-01,0.8748252629081223,0.8748252629081223,0.8748252629081223
Kerala,Kozhikode,2025-10-01,-0.07482250517699159,-0.07482250517699159,-0.07482250517699159
Kerala,Kozhikode,2025-11-01,0.34369636146828275,0.34369636146828275,0.34369636146828275
Kerala,Kozhikode,2025-12-01,-0.02327805904589231,-0.02327805904589231,-0.02327805904589231
Kerala,Malappuram,2025-03-01,1.36316081945146,1.2813711702843722,1.2438842477494572
Kerala,Malappuram,2025-04-01,0.8654041396243747,0.8654041396243747,0.8654041396243747
Kerala,Malappuram,2025-05-01,0.9242545853735993,0.9242545853735993,0.9242545853735993
Kerala,Malappuram,2025-06-01,0.5566479007862479,0.5566479007862479,0.5566479007862479
Kerala,Malappuram,2025-07-01,1.0530961447301412,1.0530961447301412,1.0530961447301412
Kerala,Malappuram,2025-09-01,0.9280602683337607,0.9280602683337607,0.9280602683337607
Kerala,Malappuram,2025-10-01,0.032673630661846226,0.032673630661846226,0.032673630661846226
Kerala,Malappuram,2025-11-01,0.34609373654077347,0.34609373654077347,0.34609373654077347
Kerala,Malappuram,2025-12-01,0.10686834180371638,0.10686834180371638,0.10686834180371638
Kerala,Palakkad,2025-03-01,0.8263763116418634,0.8263763116418634,0.8263763116418634
Kerala,Palakkad,2025-04-01,0.5711170779049484,0.5711170779049484,0.5711170779049484
Kerala,Palakkad,2025-05-01,0.8196693809615928,0.8196693809615928,0.8196693809615928
Kerala,Palakkad,2025-06-01,0.7728541938044714,0.7728541938044714,0.7728541938044714
Kerala,Palakkad,2025-07-01,0.7140268110018634,0.7140268110018634,0.7140268110018634
Kerala,Palakkad,2025-09-01,0.8358130360373771,0.8358130360373771,0.8358130360373771
Kerala,Palakkad,2025-10-01,-0.030304795666673337,-0.030304795666673337,-0.030304795666673337
Kerala,Palakkad,2025-11-01,0.16251268629319954,0.16251268629319954,0.16251268629319954
Kerala,Palakkad,2025-12-01,-0.006907603724304809,-0.006907603724304809,-0.006907603724304809
Kerala,Pathanamthitta,2025-03-01,0.06271534825061931,0.06271534825061931,0.06271534825061931
Kerala,Pathanamthitta,2025-04-01,0.030499786506714047,0.030499786506714047,0.030499786506714047
Kerala,Pathanamthitta,2025-05-01,0.19275857236803,0.19275857236803,0.19275857236803
Kerala,Pathanamthitta,2025-06-01,0.14878601620698118,0.14878601620698118,0.14878601620698118
Kerala,Pathanamthitta,2025-07-01,0.18500710346178678,0.18500710346178678,0.18500710346178678
Kerala,Pathanamthitta,2025-09-01,0.7216456884840332,0.7216456884840332,0.7216456884840332
Kerala,Pathanamthitta,2025-10-01,-0.21412581653918328,-0.21412581653918328,-0.21412581653918328
Kerala,Pathanamthitta,2025-11-01,-0.04224539078011737,-0.04224539078011737,-0.04224539078011737
Kerala,Pathanamthitta,2025-12-01,-0.10944547677525285,-0.10944547677525285,-0.10944547677525285
Kerala,Thiruvananthapuram,2025-03-01,0.8181508218592117,0.8181508218592117,0.8181508218592117
Kerala,Thiruvananthapuram,2025-04-01,0.5944165943232443,0.5944165943232443,0.5944165943232443
Kerala,Thiruvananthapuram,2025-05-01,0.8661789873544699,0.8661789873544699,0.8661789873544699
Kerala,Thiruvananthapuram,2025-06-01,0.24955253296648766,0.24955253296648766,0.24955253296648766
Kerala,Thiruvananthapuram,2025-07-01,0.8539151801334117,0.8539151801334117,0.8539151801334117
Kerala,Thiruvananthapuram,2025-09-01,0.8565551387660585,0.8565551387660585,0.8565551387660585
Kerala,Thiruvananthapuram,2025-10-01,-0.005755092026438969,-0.005755092026438969,-0.005755092026438969
Kerala,Thiruvananthapuram,2025-11-01,0.16877934195916314,0.16877934195916314,0.16877934195916314
Kerala,Thiruvananthapuram,2025-12-01,-0.09412328832772199,-0.09412328832772199,-0.09412328832772199
Kerala,Thrissur,2025-03-01,0.660859324734642,0.660859324734642,0.660859324734642
Kerala,Thrissur,2025-04-01,0.4771020379347102,0.4771020379347102,0.4771020379347102
Kerala,Thrissur,2025-05-01,0.7467980939713439,0.7467980939713439,0.7467980939713439
Kerala,Thrissur,2025-06-01,0.85734753140057,0.85734753140057,0.85734753140057
Kerala,Thrissur,2025-07-01,0.1799895326766241,0.1799895326766241,0.1799895326766241
Kerala,Thrissur,2025-09-01,0.8817135036715147,0.8817135036715147,0.8817135036715147
Kerala,Thrissur,2025-10-01,0.0355529869747819,0.0355529869747819,0.0355529869747819
Kerala,Thrissur,2025-11-01,0.1823500231466818,0.1823500231466818,0.1823500231466818
Kerala,Thrissur,2025-12-01,-0.1565246749301162,-0.1565246749301162,-0.1565246749301162
Kerala,Wayanad,2025-03-01,0.11851483336759397,0.11851483336759397,0.11851483336759397
Kerala,Wayanad,2025-04-01,-0.15055252791837725,-0.15055252791837725,-0.15055252791837725
Kerala,Wayanad,2025-05-01,-0.028814226452228066,-0.028814226452228066,-0.028814226452228066
Kerala,Wayanad,2025-06-01,-0.011015854660779478,-0.011015854660779478,-0.011015854660779478
Kerala,Wayanad,2025-07-01,-0.005592230984242677,-0.005592230984242677,-0.005592230984242677
Kerala,Wayanad,2025-09-01,0.6758064213546128,0.6758064213546128,0.6758064213546128
Kerala,Wayanad,2025-10-01,-0.2232484823217131,-0.2232484823217131,-0.2232484823217131
Kerala,Wayanad,2025-11-01,0.14592612351890594,0.14592612351890594,0.14592612351890594
Kerala,Wayanad,2025-12-01,-0.39232112715797984,-0.39232112715797984,-0.39232112715797984
Ladakh,Kargil,2025-03-01,-0.3393952404165332,-0.3393952404165332,-0.3393952404165332
Ladakh,Kargil,2025-04-01,-0.49562835705258446,-0.49562835705258446,-0.49562835705258446
Ladakh,Kargil,2025-05-01,-0.6123629565931432,-0.6123629565931432,-0.6123629565931432
Ladakh,Kargil,2025-06-01,-0.7507189036178267,-0.7507189036178267,-0.7507189036178267
Ladakh,Kargil,2025-07-01,-0.6307212878329571,-0.6307212878329571,-0.6307212878329571
Ladakh,Kargil,2025-09-01,0.3496620785564251,0.3496620785564251,0.3496620785564251
Ladakh,Kargil,2025-10-01,-0.751057419127256,-0.751057419127256,-0.751057419127256
Ladakh,Kargil,2025-11-01,-0.2685583626423434,-0.2685583626423434,-0.2685583626423434
Ladakh,Kargil,2025-12-01,-0.4144942797332948,-0.4144942797332948,-0.4144942797332948
Ladakh,Leh,2025-03-01,-0.27768641408668826,-0.27768641408668826,-0.27768641408668826
Ladakh,Leh,2025-04-01,-0.5452261783421466,-0.5452261783421466,-0.5452261783421466
Ladakh,Leh,2025-05-01,-0.6157607614269222,-0.6157607614269222,-0.6157607614269222
Ladakh,Leh,2025-06-01,-0.6451177683372884,-0.6451177683372884,-0.6451177683372884
Ladakh,Leh,2025-07-01,-0.553753685101197,-0.553753685101197,-0.553753685101197
Ladakh,Leh,2025-09-01,0.28055578900087086,0.28055578900087086,0.28055578900087086
Ladakh,Leh,2025-10-01,-0.5901458079774995,-0.5901458079774995,-0.5901458079774995
Ladakh,Leh,2025-11-01,-0.3131483959229683,-0.3131483959229683,-0.3131483959229683
Ladakh,Leh,2025-12-01,-0.5804151514561177,-0.5804151514561177,-0.5804151514561177
Lakshadweep,Lakshadweep,2025-03-01,-0.5456049398082511,-0.5456049398082511,-0.5456049398082511
Lakshadweep,Lakshadweep,2025-04-01,-0.4617355093733053,-0.4617355093733053,-0.4617355093733053
Lakshadweep,Lakshadweep,2025-05-01,-0.46294380575680083,-0.46294380575680083,-0.46294380575680083
Lakshadweep,Lakshadweep,2025-06-01,-0.49649343871619595,-0.49649343871619595,-0.49649343871619595
Lakshadweep,Lakshadweep,2025-07-01,-0.486915677792643,-0.486915677792643,-0.486915677792643
Lakshadweep,Lakshadweep,2025-09-01,0.31634696864034956,0.31634696864034956,0.31634696864034956
Lakshadweep,Lakshadweep,2025-10-01,-0.6141144659960903,-0.6141144659960903,-0.6141144659960903
Lakshadweep,Lakshadweep,2025-11-01,-0.28783088238112264,-0.28783088238112264,-0.28783088238112264
Lakshadweep,Lakshadweep,2025-12-01,-0.6518619593328981,-0.6518619593328981,-0.6518619593328981
Madanapalle,Kadiri Road,2025-12-01,-1.2932484716713615,-1.2932484716713615,-1.2932484716713615
Madhya Pradesh,Agar Malwa,2025-03-01,-0.13378465211615503,-0.13378465211615503,-0.13378465211615503
Madhya Pradesh,Agar Malwa,2025-04-01,-0.2518333061295965,-0.2518333061295965,-0.2518333061295965
Madhya Pradesh,Agar Malwa,2025-05-01,-0.19159327681723004,-0.19159327681723004,-0.19159327681723004
Madhya Pradesh,Agar Malwa,2025-06-01,-0.17307817542843404,-0.17307817542843404,-0.17307817542843404
Madhya Pradesh,Agar Malwa,2025-07-01,-0.14529178142974936,-0.14529178142974936,-0.14529178142974936
Madhya Pradesh,Agar Malwa,2025-09-01,0.5263783999843753,0.5263783999843753,0.5263783999843753
Madhya Pradesh,Agar Malwa,2025-10-01,-0.5937423378332152,-0.5937423378332152,-0.5937423378332152
Madhya Pradesh,Agar Malwa,2025-11-01,0.46994421812648385,0.46994421812648385,0.46994421812648385
Madhya Pradesh,Agar Malwa,2025-12-01,-0.3267376469365572,-0.3267376469365572,-0.3267376469365572
Madhya Pradesh,Alirajpur,2025-03-01,0.24881613514374573,0.24881613514374573,0.24881613514374573
Madhya Pradesh,Alirajpur,2025-04-01,0.719943540815689,0.719943540815689,0.719943540815689
Madhya Pradesh,Alirajpur,2025-05-01,-0.2805541838966012,-0.2805541838966012,-0.2805541838966012
Madhya Pradesh,Alirajpur,2025-06-01,0.713121072388994,0.713121072388994,0.713121072388994
Madhya Pradesh,Alirajpur,2025-07-01,0.0978029791460892,0.0978029791460892,0.0978029791460892
Madhya Pradesh,Alirajpur,2025-09-01,-0.14673055203548,-0.14673055203548,-0.14673055203548
Madhya Pradesh,Alirajpur,2025-10-01,-0.3678083180975866,-0.3678083180975866,-0.3678083180975866
Madhya Pradesh,Alirajpur,2025-11-01,-0.023157093136880694,-0.023157093136880694,-0.023157093136880694
Madhya Pradesh,Alirajpur,2025-12-01,-0.11686699302288102,-0.11686699302288102,-0.11686699302288102
Madhya Pradesh,Anuppur,2025-03-01,0.2619349249017091,0.2619349249017091,0.2619349249017091
Madhya Pradesh,Anuppur,2025-04-01,0.451464764274364,0.451464764274364,0.451464764274364
Madhya Pradesh,Anuppur,2025-05-01,0.36745070678665076,0.36745070678665076,0.36745070678665076
Madhya Pradesh,Anuppur,2025-06-01,0.24195594669537768,0.24195594669537768,0.24195594669537768
Madhya Pradesh,Anuppur,2025-07-01,0.40760448469355526,0.40760448469355526,0.40760448469355526
Madhya Pradesh,Anuppur,2025-09-01,0.7146481143480414,0.7146481143480414,0.7146481143480414
Madhya Pradesh,Anuppur,2025-10-01,-0.27430316662241166,-0.27430316662241166,-0.27430316662241166
Madhya Pradesh,Anuppur,2025-11-01,0.18740138938598908,0.18740138938598908,0.18740138938598908
Madhya Pradesh,Anuppur,2025-12-01,-0.1633584820022399,-0.1633584820022399,-0.1633584820022399
Madhya Pradesh,Ashok Nagar,2025-03-01,0.43171442836473983,0.43171442836473983,0.43171442836473983
Madhya Pradesh,Ashok Nagar,2025-04-01,0.8232232933339089,0.8232232933339089,0.8232232933339089
Madhya Pradesh,Ashok Nagar,2025-05-01,-0.2507534834804952,-0.2507534834804952,-0.2507534834804952
Madhya Pradesh,Ashok Nagar,2025-06-01,0.024896252888670728,0.024896252888670728,0.024896252888670728
Madhya Pradesh,Ashok Nagar,2025-07-01,0.5254040482938739,0.5254040482938739,0.5254040482938739
Madhya Pradesh,Ashok Nagar,2025-09-01,0.7395461378069446,0.7395461378069446,0.7395461378069446
Madhya Pradesh,Ashok Nagar,2025-10-01,-0.5392784784433459,-0.5392784784433459,-0.5392784784433459
Madhya Pradesh,Ashok Nagar,2025-11-01,0.35878320818024056,0.35878320818024056,0.35878320818024056
Madhya Pradesh,Ashok Nagar,2025-12-01,-0.16163993891002615,-0.16163993891002615,-0.16163993891002615
Madhya Pradesh,Ashoknagar,2025-06-01,-1.4561401437244499,-1.4561401437244499,-1.4561401437244499
Madhya Pradesh,Ashoknagar,2025-07-01,-0.8479660758281161,-0.8479660758281161,-0.8479660758281161
Madhya Pradesh,Balaghat,2025-03-01,0.9709702966534515,0.9709702966534515,0.9709702966534515
Madhya Pradesh,Balaghat,2025-04-01,0.7736630766948003,0.7736630766948003,0.7736630766948003
Madhya Pradesh,Balaghat,2025-05-01,0.8098164352704462,0.8098164352704462,0.8098164352704462
Madhya Pradesh,Balaghat,2025-06-01,0.8706234661467376,0.8706234661467376,0.8706234661467376
Madhya Pradesh,Balaghat,2025-07-01,0.852012954456706,0.852012954456706,0.852012954456706
Madhya Pradesh,Balaghat,2025-09-01,0.7862443082739489,0.7862443082739489,0.7862443082739489
Madhya Pradesh,Balaghat,2025-10-01,-0.2957670642031658,-0.2957670642031658,-0.2957670642031658
Madhya Pradesh,Balaghat,2025-11-01,0.2162138475441987,0.2162138475441987,0.2162138475441987
Madhya Pradesh,Balaghat,2025-12-01,-0.04805159716048099,-0.04805159716048099,-0.04805159716048099
Madhya Pradesh,Barwani,2025-03-01,0.9456219679594511,0.9456219679594511,0.9456219679594511
Madhya Pradesh,Barwani,2025-04-01,0.9354986631836798,0.9354986631836798,0.9354986631836798
Madhya Pradesh,Barwani,2025-05-01,0.9370127684236553,0.9370127684236553,0.9370127684236553
Madhya Pradesh,Barwani,2025-06-01,-0.0947467391579957,-0.0947467391579957,-0.0947467391579957
Madhya Pradesh,Barwani,2025-07-01,0.9286200072579494,0.9286200072579494,0.9286200072579494
Madhya Pradesh,Barwani,2025-09-01,-0.22213494260340252,-0.22213494260340252,-0.22213494260340252
Madhya Pradesh,Barwani,2025-10-01,-0.36196654737403927,-0.36196654737403927,-0.36196654737403927
Madhya Pradesh,Barwani,2025-11-01,0.13045891761963638,0.13045891761963638,0.13045891761963638
Madhya Pradesh,Barwani,2025-12-01,-0.01602901546834893,-0.01602901546834893,-0.01602901546834893
Madhya Pradesh,Betul,2025-03-01,0.7550442623684648,0.7550442623684648,0.7550442623684648
Madhya Pradesh,Betul,2025-04-01,0.8784211365938432,0.8784211365938432,0.8784211365938432
Madhya Pradesh,Betul,2025-05-01,0.11170724280417994,0.11170724280417994,0.11170724280417994
Madhya Pradesh,Betul,2025-06-01,0.9529091129210495,0.9529091129210495,0.9529091129210495
Madhya Pradesh,Betul,2025-07-01,0.907811392644502,0.907811392644502,0.907811392644502
Madhya Pradesh,Betul,2025-09-01,0.5522150138705786,0.5522150138705786,0.5522150138705786
Madhya Pradesh,Betul,2025-10-01,-0.2945281294208923,-0.2945281294208923,-0.2945281294208923
Madhya Pradesh,Betul,2025-11-01,0.3072149244425244,0.3072149244425244,0.3072149244425244
Madhya Pradesh,Betul,2025-12-01,-0.06649933540829407,-0.06649933540829407,-0.06649933540829407
Madhya Pradesh,Bhind,2025-03-01,0.03493311111044564,0.03493311111044564,0.03493311111044564
Madhya Pradesh,Bhind,2025-04-01,0.7172986737787606,0.7172986737787606,0.7172986737787606
Madhya Pradesh,Bhind,2025-05-01,-0.09890855723795097,-0.09890855723795097,-0.09890855723795097
Madhya Pradesh,Bhind,2025-06-01,-0.04978137915941315,-0.04978137915941315,-0.04978137915941315
Madhya Pradesh,Bhind,2025-07-01,0.8569315218658382,0.8569315218658382,0.8569315218658382
Madhya Pradesh,Bhind,2025-09-01,-0.1920438476119516,-0.1920438476119516,-0.1920438476119516
Madhya Pradesh,Bhind,2025-10-01,-0.3923553861351116,-0.3923553861351116,-0.3923553861351116
Madhya Pradesh,Bhind,2025-11-01,0.43748425270570146,0.43748425270570146,0.43748425270570146
Madhya Pradesh,Bhind,2025-12-01,-0.10559363004005848,-0.10559363004005848,-0.10559363004005848
Madhya Pradesh,Bhopal,2025-03-01,0.9729845688775689,0.9729845688775689,0.9729845688775689
Madhya Pradesh,Bhopal,2025-04-01,0.9116910902289956,0.9116910902289956,0.9116910902289956
Madhya Pradesh,Bhopal,2025-05-01,0.7900853389507361,0.7900853389507361,0.7900853389507361
Madhya Pradesh,Bhopal,2025-06-01,0.8986313763653376,0.8986313763653376,0.8986313763653376
Madhya Pradesh,Bhopal,2025-07-01,0.26001051116950985,0.26001051116950985,0.26001051116950985
Madhya Pradesh,Bhopal,2025-09-01,0.8643707937380459,0.8643707937380459,0.8643707937380459
Madhya Pradesh,Bhopal,2025-10-01,-0.22922657106868716,-0.22922657106868716,-0.22922657106868716
Madhya Pradesh,Bhopal,2025-11-01,0.29862347826171776,0.29862347826171776,0.29862347826171776
Madhya Pradesh,Bhopal,2025-12-01,-0.006423940463458379,-0.006423940463458379,-0.006423940463458379
Madhya Pradesh,Burhanpur,2025-03-01,0.166654103578458,0.166654103578458,0.166654103578458
Madhya Pradesh,Burhanpur,2025-04-01,0.6995568384850666,0.6995568384850666,0.6995568384850666
Madhya Pradesh,Burhanpur,2025-05-01,-0.0022534544013359976,-0.0022534544013359976,-0.0022534544013359976
Madhya Pradesh,Burhanpur,2025-06-01,0.34836576300134986,0.34836576300134986,0.34836576300134986
Madhya Pradesh,Burhanpur,2025-07-01,0.2635052216448453,0.2635052216448453,0.2635052216448453
Madhya Pradesh,Burhanpur,2025-09-01,-0.4084887114985729,-0.4084887114985729,-0.4084887114985729
Madhya Pradesh,Burhanpur,2025-10-01,-0.43062332419431093,-0.43062332419431093,-0.43062332419431093
Madhya Pradesh,Burhanpur,2025-11-01,0.0366074740022741,0.0366074740022741,0.0366074740022741
Madhya Pradesh,Burhanpur,2025-12-01,-0.09551850458990861,-0.09551850458990861,-0.09551850458990861
Madhya Pradesh,Chhatarpur,2025-03-01,1.3085972475195147,1.2300814126683437,1.194094988361557
Madhya Pradesh,Chhatarpur,2025-04-01,0.8799702310533668,0.8799702310533668,0.8799702310533668
Madhya Pradesh,Chhatarpur,2025-05-01,-0.013173235088990709,-0.013173235088990709,-0.013173235088990709
Madhya Pradesh,Chhatarpur,2025-06-01,0.06413704848627316,0.06413704848627316,0.06413704848627316
Madhya Pradesh,Chhatarpur,2025-07-01,0.9029197201130534,0.9029197201130534,0.9029197201130534
Madhya Pradesh,Chhatarpur,2025-09-01,0.10342039652791017,0.10342039652791017,0.10342039652791017
Madhya Pradesh,Chhatarpur,2025-10-01,-0.35387354299883034,-0.35387354299883034,-0.35387354299883034
Madhya Pradesh,Chhatarpur,2025-11-01,0.4452837299493316,0.4452837299493316,0.4452837299493316
Madhya Pradesh,Chhatarpur,2025-12-01,0.057357461329107254,0.057357461329107254,0.057357461329107254
Madhya Pradesh,Chhindwara,2025-03-01,0.7885089652365618,0.7885089652365618,0.7885089652365618
Madhya Pradesh,Chhindwara,2025-04-01,0.8262419176541292,0.8262419176541292,0.8262419176541292
Madhya Pradesh,Chhindwara,2025-05-01,0.9756223329369814,0.9756223329369814,0.9756223329369814
Madhya Pradesh,Chhindwara,2025-06-01,0.8365438691968731,0.8365438691968731,0.8365438691968731
Madhya Pradesh,Chhindwara,2025-07-01,1.093108464830265,1.093108464830265,1.093108464830265
Madhya Pradesh,Chhindwara,2025-09-01,0.826767400900984,0.826767400900984,0.826767400900984
Madhya Pradesh,Chhindwara,2025-10-01,-0.23300131040024796,-0.23300131040024796,-0.23300131040024796
Madhya Pradesh,Chhindwara,2025-11-01,0.15067502361737803,0.15067502361737803,0.15067502361737803
Madhya Pradesh,Chhindwara,2025-12-01,-0.01933101921563196,-0.01933101921563196,-0.01933101921563196
Madhya Pradesh,Damoh,2025-03-01,0.955047364314835,0.955047364314835,0.955047364314835
Madhya Pradesh,Damoh,2025-04-01,1.0201845199831385,1.0201845199831385,1.0201845199831385
Madhya Pradesh,Damoh,2025-05-01,0.5025935807780348,0.5025935807780348,0.5025935807780348
Madhya Pradesh,Damoh,2025-06-01,0.9024431148985899,0.9024431148985899,0.9024431148985899
Madhya Pradesh,Damoh,2025-07-01,0.8442851624513257,0.8442851624513257,0.8442851624513257
Madhya Pradesh,Damoh,2025-09-01,0.8063401201487844,0.8063401201487844,0.8063401201487844
Madhya Pradesh,Damoh,2025-10-01,-0.3373031914092957,-0.3373031914092957,-0.3373031914092957
Madhya Pradesh,Damoh,2025-11-01,0.13386876351936353,0.13386876351936353,0.13386876351936353
Madhya Pradesh,Damoh,2025-12-01,-0.1471280570387338,-0.1471280570387338,-0.1471280570387338
Madhya Pradesh,Datia,2025-03-01,0.2723530695125243,0.2723530695125243,0.2723530695125243
Madhya Pradesh,Datia,2025-04-01,0.6820961189165353,0.6820961189165353,0.6820961189165353
Madhya Pradesh,Datia,2025-05-01,-0.18122988921290756,-0.18122988921290756,-0.18122988921290756
Madhya Pradesh,Datia,2025-06-01,0.09002911076577585,0.09002911076577585,0.09002911076577585
Madhya Pradesh,Datia,2025-07-01,0.7547872223208603,0.7547872223208603,0.7547872223208603
Madhya Pradesh,Datia,2025-09-01,0.5430433159611571,0.5430433159611571,0.5430433159611571
Madhya Pradesh,Datia,2025-10-01,-0.547112769612212,-0.547112769612212,-0.547112769612212
Madhya Pradesh,Datia,2025-11-01,0.41971780067169023,0.41971780067169023,0.41971780067169023
Madhya Pradesh,Datia,2025-12-01,-0.18573540959472765,-0.18573540959472765,-0.18573540959472765
Madhya Pradesh,Dewas,2025-03-01,0.6294723439988303,0.6294723439988303,0.6294723439988303
Madhya Pradesh,Dewas,2025-04-01,0.8163922243896491,0.8163922243896491,0.8163922243896491
Madhya Pradesh,Dewas,2025-05-01,0.08990569488739117,0.08990569488739117,0.08990569488739117
Madhya Pradesh,Dewas,2025-06-01,0.15282179479281693,0.15282179479281693,0.15282179479281693
Madhya Pradesh,Dewas,2025-07-01,0.9115085835876627,0.9115085835876627,0.9115085835876627
Madhya Pradesh,Dewas,2025-09-01,0.7750451358894646,0.7750451358894646,0.7750451358894646
Madhya Pradesh,Dewas,2025-10-01,-0.3140866900759314,-0.3140866900759314,-0.3140866900759314
Madhya Pradesh,Dewas,2025-11-01,0.423755777196816,0.423755777196816,0.423755777196816
Madhya Pradesh,Dewas,2025-12-01,-0.1553823415750925,-0.1553823415750925,-0.1553823415750925
Madhya Pradesh,Dhar,2025-03-01,0.9711508494422779,0.9711508494422779,0.9711508494422779
Madhya Pradesh,Dhar,2025-04-01,0.867046501475728,0.867046501475728,0.867046501475728
Madhya Pradesh,Dhar,2025-05-01,0.6927479058444561,0.6927479058444561,0.6927479058444561
Madhya Pradesh,Dhar,2025-06-01,0.8914435367267615,0.8914435367267615,0.8914435367267615
Madhya Pradesh,Dhar,2025-07-01,-0.05425248192235739,-0.05425248192235739,-0.05425248192235739
Madhya Pradesh,Dhar,2025-09-01,0.8386949483913222,0.8386949483913222,0.8386949483913222
Madhya Pradesh,Dhar,2025-10-01,-0.27974162786156376,-0.27974162786156376,-0.27974162786156376
Madhya Pradesh,Dhar,2025-11-01,0.20132821653435495,0.20132821653435495,0.20132821653435495
Madhya Pradesh,Dhar,2025-12-01,-0.005587949963218118,-0.005587949963218118,-0.005587949963218118
Madhya Pradesh,Dindori,2025-03-01,0.33946326119564296,0.33946326119564296,0.33946326119564296
Madhya Pradesh,Dindori,2025-04-01,0.5365099864006737,0.5365099864006737,0.5365099864006737
Madhya Pradesh,Dindori,2025-05-01,0.4069768773964455,0.4069768773964455,0.4069768773964455
Madhya Pradesh,Dindori,2025-06-01,0.5000750360285581,0.5000750360285581,0.5000750360285581
Madhya Pradesh,Dindori,2025-07-01,0.34808012331091415,0.34808012331091415,0.34808012331091415
Madhya Pradesh,Dindori,2025-09-01,0.6799883584608191,0.6799883584608191,0.6799883584608191
Madhya Pradesh,Dindori,2025-10-01,-0.41709230084735605,-0.41709230084735605,-0.41709230084735605
Madhya Pradesh,Dindori,2025-11-01,-0.20086422058249878,-0.20086422058249878,-0.20086422058249878
Madhya Pradesh,Dindori,2025-12-01,0.20874643744068833,0.20874643744068833,0.20874643744068833
Madhya Pradesh,East Nimar,2025-03-01,0.05684704789874127,0.05684704789874127,0.05684704789874127
Madhya Pradesh,East Nimar,2025-04-01,-0.021696974470278872,-0.021696974470278872,-0.021696974470278872
Madhya Pradesh,East Nimar,2025-05-01,-0.03759417691267225,-0.03759417691267225,-0.03759417691267225
Madhya Pradesh,East Nimar,2025-06-01,0.01219191591978043,0.01219191591978043,0.01219191591978043
Madhya Pradesh,East Nimar,2025-07-01,0.6853975673879252,0.6853975673879252,0.6853975673879252
Madhya Pradesh,East Nimar,2025-09-01,0.5326831329726852,0.5326831329726852,0.5326831329726852
Madhya Pradesh,East Nimar,2025-10-01,-0.4822797064794431,-0.4822797064794431,-0.4822797064794431
Madhya Pradesh,East Nimar,2025-11-01,-0.1159448682999054,-0.1159448682999054,-0.1159448682999054
Madhya Pradesh,East Nimar,2025-12-01,-0.20216156999004997,-0.20216156999004997,-0.20216156999004997
Madhya Pradesh,Guna,2025-03-01,0.7268113936957483,0.7268113936957483,0.7268113936957483
Madhya Pradesh,Guna,2025-04-01,0.8472337284170148,0.8472337284170148,0.8472337284170148
Madhya Pradesh,Guna,2025-05-01,0.2242969470969633,0.2242969470969633,0.2242969470969633
Madhya Pradesh,Guna,2025-06-01,0.9584730130039074,0.9584730130039074,0.9584730130039074
Madhya Pradesh,Guna,2025-07-01,0.927592678285195,0.927592678285195,0.927592678285195
Madhya Pradesh,Guna,2025-09-01,0.8176453988120843,0.8176453988120843,0.8176453988120843
Madhya Pradesh,Guna,2025-10-01,-0.4537380964852771,-0.4537380964852771,-0.4537380964852771
Madhya Pradesh,Guna,2025-11-01,0.2277709444689706,0.2277709444689706,0.2277709444689706
Madhya Pradesh,Guna,2025-12-01,-0.01769171101433787,-0.01769171101433787,-0.01769171101433787
Madhya Pradesh,Gwalior,2025-03-01,0.08222813362601719,0.08222813362601719,0.08222813362601719
Madhya Pradesh,Gwalior,2025-04-01,0.8282490960148867,0.8282490960148867,0.8282490960148867
Madhya Pradesh,Gwalior,2025-05-01,-0.22721457797167277,-0.22721457797167277,-0.22721457797167277
Madhya Pradesh,Gwalior,2025-06-01,0.8822230683666857,0.8822230683666857,0.8822230683666857
Madhya Pradesh,Gwalior,2025-07-01,0.5895949883335404,0.5895949883335404,0.5895949883335404
Madhya Pradesh,Gwalior,2025-09-01,-0.049958829044207786,-0.049958829044207786,-0.049958829044207786
Madhya Pradesh,Gwalior,2025-10-01,-0.36921617290066444,-0.36921617290066444,-0.36921617290066444
Madhya Pradesh,Gwalior,2025-11-01,0.5731782465755157,0.5731782465755157,0.5731782465755157
Madhya Pradesh,Gwalior,2025-12-01,-0.08901019669615115,-0.08901019669615115,-0.08901019669615115
Madhya Pradesh,Harda,2025-03-01,0.06729059033776623,0.06729059033776623,0.06729059033776623
Madhya Pradesh,Harda,2025-04-01,0.03072106723730121,0.03072106723730121,0.03072106723730121
Madhya Pradesh,Harda,2025-05-01,0.019616120687461554,0.019616120687461554,0.019616120687461554
Madhya Pradesh,Harda,2025-06-01,0.00595878361538997,0.00595878361538997,0.00595878361538997
Madhya Pradesh,Harda,2025-07-01,0.1099108152191908,0.1099108152191908,0.1099108152191908
Madhya Pradesh,Harda,2025-09-01,0.6132790170210798,0.6132790170210798,0.6132790170210798
Madhya Pradesh,Harda,2025-10-01,-0.6045632947577415,-0.6045632947577415,-0.6045632947577415
Madhya Pradesh,Harda,2025-11-01,0.04456447725745237,0.04456447725745237,0.04456447725745237
Madhya Pradesh,Harda,2025-12-01,-0.2358655089484359,-0.2358655089484359,-0.2358655089484359
Madhya Pradesh,Harda *,2025-03-01,-0.2864428143013466,-0.2864428143013466,-0.2864428143013466
Madhya Pradesh,Harda *,2025-04-01,-0.3340373462452722,-0.3340373462452722,-0.3340373462452722
Madhya Pradesh,Harda *,2025-05-01,-0.3804646230137454,-0.3804646230137454,-0.3804646230137454
Madhya Pradesh,Harda *,2025-06-01,-0.35568288769079603,-0.35568288769079603,-0.35568288769079603
Madhya Pradesh,Harda *,2025-07-01,-0.28485026851904677,-0.28485026851904677,-0.28485026851904677
Madhya Pradesh,Harda *,2025-09-01,0.4561815347569498,0.4561815347569498,0.4561815347569498
Madhya Pradesh,Harda *,2025-10-01,-0.7666085500408437,-0.7666085500408437,-0.7666085500408437
Madhya Pradesh,Harda *,2025-11-01,-0.19844483982293945,-0.19844483982293945,-0.19844483982293945
Madhya Pradesh,Harda *,2025-12-01,-0.5315960744859003,-0.5315960744859003,-0.5315960744859003
Madhya Pradesh,Hoshangabad,2025-03-01,0.3149160478090668,0.3149160478090668,0.3149160478090668
Madhya Pradesh,Hoshangabad,2025-04-01,0.4606455552671318,0.4606455552671318,0.4606455552671318
Madhya Pradesh,Hoshangabad,2025-05-01,0.3829269711404477,0.3829269711404477,0.3829269711404477
Madhya Pradesh,Hoshangabad,2025-06-01,0.44310202581838426,0.44310202581838426,0.44310202581838426
Madhya Pradesh,Hoshangabad,2025-07-01,0.7886528812895831,0.7886528812895831,0.7886528812895831
Madhya Pradesh,Hoshangabad,2025-09-01,0.7749311199269175,0.7749311199269175,0.7749311199269175
Madhya Pradesh,Hoshangabad,2025-10-01,-0.4662339559429921,-0.4662339559429921,-0.4662339559429921
Madhya Pradesh,Hoshangabad,2025-11-01,0.08689818897999271,0.08689818897999271,0.08689818897999271
Madhya Pradesh,Hoshangabad,2025-12-01,-0.1510573634464879,-0.1510573634464879,-0.1510573634464879
Madhya Pradesh,Indore,2025-03-01,1.3785696182750045,1.2958554411785042,1.2579447766759415
Madhya Pradesh,Indore,2025-04-01,0.9568356104171354,0.9568356104171354,0.9568356104171354
Madhya Pradesh,Indore,2025-05-01,-0.019137773577756145,-0.019137773577756145,-0.019137773577756145
Madhya Pradesh,Indore,2025-06-01,0.08956403166707673,0.08956403166707673,0.08956403166707673
Madhya Pradesh,Indore,2025-07-01,1.019886710787766,1.019886710787766,1.019886710787766
Madhya Pradesh,Indore,2025-09-01,0.06109004471483607,0.06109004471483607,0.06109004471483607
Madhya Pradesh,Indore,2025-10-01,-0.17341844457470207,-0.17341844457470207,-0.17341844457470207
Madhya Pradesh,Indore,2025-11-01,0.3471540723991995,0.3471540723991995,0.3471540723991995
Madhya Pradesh,Indore,2025-12-01,0.07248462523204663,0.07248462523204663,0.07248462523204663
Madhya Pradesh,Jabalpur,2025-03-01,0.9733786048012445,0.9733786048012445,0.9733786048012445
Madhya Pradesh,Jabalpur,2025-04-01,0.8563413323825457,0.8563413323825457,0.8563413323825457
Madhya Pradesh,Jabalpur,2025-05-01,0.4848160415184462,0.4848160415184462,0.4848160415184462
Madhya Pradesh,Jabalpur,2025-06-01,0.6366548416354034,0.6366548416354034,0.6366548416354034
Madhya Pradesh,Jabalpur,2025-07-01,0.9276382344321202,0.9276382344321202,0.9276382344321202
Madhya Pradesh,Jabalpur,2025-09-01,0.8919811903459159,0.8919811903459159,0.8919811903459159
Madhya Pradesh,Jabalpur,2025-10-01,-0.21140474797327602,-0.21140474797327602,-0.21140474797327602
Madhya Pradesh,Jabalpur,2025-11-01,0.2247545524353394,0.2247545524353394,0.2247545524353394
Madhya Pradesh,Jabalpur,2025-12-01,0.012196696359828327,0.012196696359828327,0.012196696359828327
Madhya Pradesh,Jhabua,2025-03-01,0.5709653976621223,0.5709653976621223,0.5709653976621223
Madhya Pradesh,Jhabua,2025-04-01,0.7844328905240557,0.7844328905240557,0.7844328905240557
Madhya Pradesh,Jhabua,2025-05-01,-0.1739672373143905,-0.1739672373143905,-0.1739672373143905
Madhya Pradesh,Jhabua,2025-06-01,0.09933968999517004,0.09933968999517004,0.09933968999517004
Madhya Pradesh,Jhabua,2025-07-01,0.8299775218073384,0.8299775218073384,0.8299775218073384
Madhya Pradesh,Jhabua,2025-09-01,0.05313792311438384,0.05313792311438384,0.05313792311438384
Madhya Pradesh,Jhabua,2025-10-01,-0.3682232223069726,-0.3682232223069726,-0.3682232223069726
Madhya Pradesh,Jhabua,2025-11-01,0.15474704903031716,0.15474704903031716,0.15474704903031716
Madhya Pradesh,Jhabua,2025-12-01,-0.1544106553062547,-0.1544106553062547,-0.1544106553062547
Madhya Pradesh,Katni,2025-03-01,0.043189104100503715,0.043189104100503715,0.043189104100503715
Madhya Pradesh,Katni,2025-04-01,0.8180633909304734,0.8180633909304734,0.8180633909304734
Madhya Pradesh,Katni,2025-05-01,0.0006007065750535667,0.0006007065750535667,0.0006007065750535667
Madhya Pradesh,Katni,2025-06-01,0.7703760713595535,0.7703760713595535,0.7703760713595535
Madhya Pradesh,Katni,2025-07-01,0.5981036714450436,0.5981036714450436,0.5981036714450436
Madhya Pradesh,Katni,2025-09-01,0.7914786170189189,0.7914786170189189,0.7914786170189189
Madhya Pradesh,Katni,2025-10-01,-0.23525661640971918,-0.23525661640971918,-0.23525661640971918
Madhya Pradesh,Katni,2025-11-01,0.042977896005510094,0.042977896005510094,0.042977896005510094
Madhya Pradesh,Katni,2025-12-01,0.03290596683499994,0.03290596683499994,0.03290596683499994
Madhya Pradesh,Khandwa,2025-03-01,0.23378674900255858,0.23378674900255858,0.23378674900255858
Madhya Pradesh,Khandwa,2025-04-01,0.7136394769756412,0.7136394769756412,0.7136394769756412
Madhya Pradesh,Khandwa,2025-05-01,-0.43652418650255703,-0.43652418650255703,-0.43652418650255703
Madhya Pradesh,Khandwa,2025-06-01,-0.23444408217902302,-0.23444408217902302,-0.23444408217902302
Madhya Pradesh,Khandwa,2025-07-01,0.7808615826177776,0.7808615826177776,0.7808615826177776
Madhya Pradesh,Khandwa,2025-09-01,-0.018282843506000502,-0.018282843506000502,-0.018282843506000502
Madhya Pradesh,Khandwa,2025-10-01,-0.4321167702277676,-0.4321167702277676,-0.4321167702277676
Madhya Pradesh,Khandwa,2025-11-01,0.024693239540496497,0.024693239540496497,0.024693239540496497
Madhya Pradesh,Khandwa,2025-12-01,-0.1904479270200459,-0.1904479270200459,-0.1904479270200459
Madhya Pradesh,Khargone,2025-03-01,0.9700180794501669,0.9700180794501669,0.9700180794501669
Madhya Pradesh,Khargone,2025-04-01,0.8847742184106107,0.8847742184106107,0.8847742184106107
Madhya Pradesh,Khargone,2025-05-01,-0.16643109892079214,-0.16643109892079214,-0.16643109892079214
Madhya Pradesh,Khargone,2025-06-01,0.11382585360890356,0.11382585360890356,0.11382585360890356
Madhya Pradesh,Khargone,2025-07-01,0.9239266156692042,0.9239266156692042,0.9239266156692042
Madhya Pradesh,Khargone,2025-09-01,-0.10456639671166496,-0.10456639671166496,-0.10456639671166496
Madhya Pradesh,Khargone,2025-10-01,-0.36655153277690444,-0.36655153277690444,-0.36655153277690444
Madhya Pradesh,Khargone,2025-11-01,0.14977216191781348,0.14977216191781348,0.14977216191781348
Madhya Pradesh,Khargone,2025-12-01,0.008434597703391937,0.008434597703391937,0.008434597703391937
Madhya Pradesh,Maihar,2025-03-01,-0.4108403381190099,-0.4108403381190099,-0.4108403381190099
Madhya Pradesh,Maihar,2025-04-01,-0.7815467492075421,-0.7815467492075421,-0.7815467492075421
Madhya Pradesh,Maihar,2025-06-01,-0.8080807508878589,-0.8080807508878589,-0.8080807508878589
Madhya Pradesh,Maihar,2025-07-01,-0.5958322401077426,-0.5958322401077426,-0.5958322401077426
Madhya Pradesh,Maihar,2025-09-01,0.3863941625392139,0.3863941625392139,0.3863941625392139
Madhya Pradesh,Maihar,2025-10-01,-0.6372173919952274,-0.6372173919952274,-0.6372173919952274
Madhya Pradesh,Maihar,2025-11-01,-0.402419047372273,-0.402419047372273,-0.402419047372273
Madhya Pradesh,Maihar,2025-12-01,-0.3741374234184021,-0.3741374234184021,-0.3741374234184021
Madhya Pradesh,Mandla,2025-03-01,0.42279224417011846,0.42279224417011846,0.42279224417011846
Madhya Pradesh,Mandla,2025-04-01,0.4683064873871491,0.4683064873871491,0.4683064873871491
Madhya Pradesh,Mandla,2025-05-01,0.4440077123706676,0.4440077123706676,0.4440077123706676
Madhya Pradesh,Mandla,2025-06-01,0.457935200405845,0.457935200405845,0.457935200405845
Madhya Pradesh,Mandla,2025-07-01,0.373847170965174,0.373847170965174,0.373847170965174
Madhya Pradesh,Mandla,2025-09-01,0.7228832345356996,0.7228832345356996,0.7228832345356996
Madhya Pradesh,Mandla,2025-10-01,-0.3246846556525386,-0.3246846556525386,-0.3246846556525386
Madhya Pradesh,Mandla,2025-11-01,0.0839528836877659,0.0839528836877659,0.0839528836877659
Madhya Pradesh,Mandla,2025-12-01,-0.10171346999308128,-0.10171346999308128,-0.10171346999308128
Madhya Pradesh,Mandsaur,2025-03-01,0.8280227092886014,0.8280227092886014,0.8280227092886014
Madhya Pradesh,Mandsaur,2025-04-01,0.3670832356940608,0.3670832356940608,0.3670832356940608
Madhya Pradesh,Mandsaur,2025-05-01,0.49101580096919784,0.49101580096919784,0.49101580096919784
Madhya Pradesh,Mandsaur,2025-06-01,0.4846206252828494,0.4846206252828494,0.4846206252828494
Madhya Pradesh,Mandsaur,2025-07-01,0.7177142633125624,0.7177142633125624,0.7177142633125624
Madhya Pradesh,Mandsaur,2025-09-01,0.7649821844306008,0.7649821844306008,0.7649821844306008
Madhya Pradesh,Mandsaur,2025-10-01,-0.2582922967027156,-0.2582922967027156,-0.2582922967027156
Madhya Pradesh,Mandsaur,2025-11-01,0.5274906162355462,0.5274906162355462,0.5274906162355462
Madhya Pradesh,Mandsaur,2025-12-01,-0.25924886824126764,-0.25924886824126764,-0.25924886824126764
Madhya Pradesh,Mauganj,2025-03-01,-0.4166694387746254,-0.4166694387746254,-0.4166694387746254
Madhya Pradesh,Mauganj,2025-05-01,-0.8160069961871719,-0.8160069961871719,-0.8160069961871719
Madhya Pradesh,Mauganj,2025-06-01,-0.8552175433546766,-0.8552175433546766,-0.8552175433546766
Madhya Pradesh,Mauganj,2025-07-01,-0.8201297291492549,-0.8201297291492549,-0.8201297291492549
Madhya Pradesh,Mauganj,2025-09-01,0.39301775927589344,0.39301775927589344,0.39301775927589344
Madhya Pradesh,Mauganj,2025-10-01,-0.5680212930076808,-0.5680212930076808,-0.5680212930076808
Madhya Pradesh,Mauganj,2025-11-01,-0.5491137019819815,-0.5491137019819815,-0.5491137019819815
Madhya Pradesh,Mauganj,2025-12-01,-0.4093217120391511,-0.4093217120391511,-0.4093217120391511
Madhya Pradesh,Morena,2025-03-01,1.4642543857239678,1.3763991225805297,1.3361321269731206
Madhya Pradesh,Morena,2025-04-01,0.8829598020858876,0.8829598020858876,0.8829598020858876
Madhya Pradesh,Morena,2025-05-01,-0.059154709965666574,-0.059154709965666574,-0.059154709965666574
Madhya Pradesh,Morena,2025-06-01,0.5311803776269239,0.5311803776269239,0.5311803776269239
Madhya Pradesh,Morena,2025-07-01,0.8127547287386202,0.8127547287386202,0.8127547287386202
Madhya Pradesh,Morena,2025-09-01,-0.15870623045141585,-0.15870623045141585,-0.15870623045141585
Madhya Pradesh,Morena,2025-10-01,-0.31071440663279926,-0.31071440663279926,-0.31071440663279926
Madhya Pradesh,Morena,2025-11-01,0.41672192119345186,0.41672192119345186,0.41672192119345186
Madhya Pradesh,Morena,2025-12-01,-0.0084895472104006,-0.0084895472104006,-0.0084895472104006
Madhya Pradesh,Narmadapuram,2025-03-01,-0.3046258808691322,-0.3046258808691322,-0.3046258808691322
Madhya Pradesh,Narmadapuram,2025-04-01,-0.4055314196494761,-0.4055314196494761,-0.4055314196494761
Madhya Pradesh,Narmadapuram,2025-05-01,-0.34456335056915655,-0.34456335056915655,-0.34456335056915655
Madhya Pradesh,Narmadapuram,2025-06-01,-0.36789902802304025,-0.36789902802304025,-0.36789902802304025
Madhya Pradesh,Narmadapuram,2025-07-01,-0.3023889047018684,-0.3023889047018684,-0.3023889047018684
Madhya Pradesh,Narmadapuram,2025-09-01,0.42849426248751554,0.42849426248751554,0.42849426248751554
Madhya Pradesh,Narmadapuram,2025-10-01,-0.7237359200983282,-0.7237359200983282,-0.7237359200983282
Madhya Pradesh,Narmadapuram,2025-11-01,-0.14315716717199967,-0.14315716717199967,-0.14315716717199967
Madhya Pradesh,Narmadapuram,2025-12-01,-0.3637415495165448,-0.3637415495165448,-0.3637415495165448
Madhya Pradesh,Narsimhapur,2025-03-01,-0.3699528788609504,-0.3699528788609504,-0.3699528788609504
Madhya Pradesh,Narsimhapur,2025-04-01,-0.4024401427692837,-0.4024401427692837,-0.4024401427692837
Madhya Pradesh,Narsimhapur,2025-05-01,-0.38659696281404315,-0.38659696281404315,-0.38659696281404315
Madhya Pradesh,Narsimhapur,2025-06-01,-0.33109375649778183,-0.33109375649778183,-0.33109375649778183
Madhya Pradesh,Narsimhapur,2025-07-01,-0.29050543880655566,-0.29050543880655566,-0.29050543880655566
Madhya Pradesh,Narsimhapur,2025-09-01,0.5197452053824834,0.5197452053824834,0.5197452053824834
Madhya Pradesh,Narsimhapur,2025-10-01,-0.6777910591656859,-0.6777910591656859,-0.6777910591656859
Madhya Pradesh,Narsimhapur,2025-11-01,0.09360848352369514,0.09360848352369514,0.09360848352369514
Madhya Pradesh,Narsimhapur,2025-12-01,-0.4324699424573041,-0.4324699424573041,-0.4324699424573041
Madhya Pradesh,Narsinghpur,2025-03-01,0.19432355782940508,0.19432355782940508,0.19432355782940508
Madhya Pradesh,Narsinghpur,2025-04-01,0.20880936550893425,0.20880936550893425,0.20880936550893425
Madhya Pradesh,Narsinghpur,2025-05-01,0.15793698521770305,0.15793698521770305,0.15793698521770305
Madhya Pradesh,Narsinghpur,2025-06-01,0.18865226231113325,0.18865226231113325,0.18865226231113325
Madhya Pradesh,Narsinghpur,2025-07-01,0.7849467571794763,0.7849467571794763,0.7849467571794763
Madhya Pradesh,Narsinghpur,2025-09-01,0.7278285973498042,0.7278285973498042,0.7278285973498042
Madhya Pradesh,Narsinghpur,2025-10-01,-0.4565729039821771,-0.4565729039821771,-0.4565729039821771
Madhya Pradesh,Narsinghpur,2025-11-01,0.2731512258455179,0.2731512258455179,0.2731512258455179
Madhya Pradesh,Narsinghpur,2025-12-01,-0.15140266804475072,-0.15140266804475072,-0.15140266804475072
Madhya Pradesh,Neemuch,2025-03-01,0.23760599213730202,0.23760599213730202,0.23760599213730202
Madhya Pradesh,Neemuch,2025-04-01,0.1826632656950596,0.1826632656950596,0.1826632656950596
Madhya Pradesh,Neemuch,2025-05-01,0.35353751601415073,0.35353751601415073,0.35353751601415073
Madhya Pradesh,Neemuch,2025-06-01,0.28543420011070697,0.28543420011070697,0.28543420011070697
Madhya Pradesh,Neemuch,2025-07-01,0.3934184083230493,0.3934184083230493,0.3934184083230493
Madhya Pradesh,Neemuch,2025-09-01,0.716705742568459,0.716705742568459,0.716705742568459
Madhya Pradesh,Neemuch,2025-10-01,-0.42794944771312876,-0.42794944771312876,-0.42794944771312876
Madhya Pradesh,Neemuch,2025-11-01,0.48595869375204787,0.48595869375204787,0.48595869375204787
Madhya Pradesh,Neemuch,2025-12-01,-0.3091372014316011,-0.3091372014316011,-0.3091372014316011
Madhya Pradesh,Niwari,2025-03-01,-0.4386054389587982,-0.4386054389587982,-0.4386054389587982
Madhya Pradesh,Niwari,2025-04-01,-0.5407433675692918,-0.5407433675692918,-0.5407433675692918
Madhya Pradesh,Niwari,2025-05-01,-0.5817129704459797,-0.5817129704459797,-0.5817129704459797
Madhya Pradesh,Niwari,2025-06-01,-0.5883823189165045,-0.5883823189165045,-0.5883823189165045
Madhya Pradesh,Niwari,2025-07-01,-0.5780161199532513,-0.5780161199532513,-0.5780161199532513
Madhya Pradesh,Niwari,2025-09-01,0.24887991522625422,0.24887991522625422,0.24887991522625422
Madhya Pradesh,Niwari,2025-10-01,-0.8576520412290498,-0.8576520412290498,-0.8576520412290498
Madhya Pradesh,Niwari,2025-11-01,0.2757617932353468,0.2757617932353468,0.2757617932353468
Madhya Pradesh,Niwari,2025-12-01,-0.6417141191513288,-0.6417141191513288,-0.6417141191513288
Madhya Pradesh,Pandhurna,2025-06-01,-0.7933617209027294,-0.7933617209027294,-0.7933617209027294
Madhya Pradesh,Pandhurna,2025-09-01,0.20625898387585023,0.20625898387585023,0.20625898387585023
Madhya Pradesh,Pandhurna,2025-10-01,-0.27461415032084846,-0.27461415032084846,-0.27461415032084846
Madhya Pradesh,Pandhurna,2025-11-01,-0.7201399723280842,-0.7201399723280842,-0.7201399723280842
Madhya Pradesh,Pandhurna,2025-12-01,-0.557140721349423,-0.557140721349423,-0.557140721349423
Madhya Pradesh,Panna,2025-03-01,0.7136058668474418,0.7136058668474418,0.7136058668474418
Madhya Pradesh,Panna,2025-04-01,0.8213056359147853,0.8213056359147853,0.8213056359147853
Madhya Pradesh,Panna,2025-05-01,0.16094825537756668,0.16094825537756668,0.16094825537756668
Madhya Pradesh,Panna,2025-06-01,0.04253187921338244,0.04253187921338244,0.04253187921338244
Madhya Pradesh,Panna,2025-07-01,0.8461061323417004,0.8461061323417004,0.8461061323417004
Madhya Pradesh,Panna,2025-09-01,0.7721769410192012,0.7721769410192012,0.7721769410192012
Madhya Pradesh,Panna,2025-10-01,-0.3848356381163897,-0.3848356381163897,-0.3848356381163897
Madhya Pradesh,Panna,2025-11-01,0.02097818011008791,0.02097818011008791,0.02097818011008791
Madhya Pradesh,Panna,2025-12-01,-0.1782398520205034,-0.1782398520205034,-0.1782398520205034
Madhya Pradesh,Raisen,2025-03-01,0.47133825368133964,0.47133825368133964,0.47133825368133964
Madhya Pradesh,Raisen,2025-04-01,0.8548994715088107,0.8548994715088107,0.8548994715088107
Madhya Pradesh,Raisen,2025-05-01,0.3224769877658855,0.3224769877658855,0.3224769877658855
Madhya Pradesh,Raisen,2025-06-01,0.5757401362430346,0.5757401362430346,0.5757401362430346
Madhya Pradesh,Raisen,2025-07-01,0.6668997234974787,0.6668997234974787,0.6668997234974787
Madhya Pradesh,Raisen,2025-09-01,0.805293472965219,0.805293472965219,0.805293472965219
Madhya Pradesh,Raisen,2025-10-01,-0.36539389960694346,-0.36539389960694346,-0.36539389960694346
Madhya Pradesh,Raisen,2025-11-01,0.05402606856887181,0.05402606856887181,0.05402606856887181
Madhya Pradesh,Raisen,2025-12-01,0.08705205188617428,0.08705205188617428,0.08705205188617428
Madhya Pradesh,Rajgarh,2025-03-01,1.1199674273042923,1.0527693816660346,1.0219702774151667
Madhya Pradesh,Rajgarh,2025-04-01,0.8638123597409774,0.8638123597409774,0.8638123597409774
Madhya Pradesh,Rajgarh,2025-05-01,0.8476906409047189,0.8476906409047189,0.8476906409047189
Madhya Pradesh,Rajgarh,2025-06-01,0.8824126837186466,0.8824126837186466,0.8824126837186466
Madhya Pradesh,Rajgarh,2025-07-01,1.060506402923877,1.060506402923877,1.060506402923877
Madhya Pradesh,Rajgarh,2025-09-01,0.7905520278057927,0.7905520278057927,0.7905520278057927
Madhya Pradesh,Rajgarh,2025-10-01,-0.37963852802455733,-0.37963852802455733,-0.37963852802455733
Madhya Pradesh,Rajgarh,2025-11-01,0.43443315659212184,0.43443315659212184,0.43443315659212184
Madhya Pradesh,Rajgarh,2025-12-01,0.30208370182662403,0.30208370182662403,0.30208370182662403
Madhya Pradesh,Ratlam,2025-03-01,0.7588548565201471,0.7588548565201471,0.7588548565201471
Madhya Pradesh,Ratlam,2025-04-01,0.5737477821979494,0.5737477821979494,0.5737477821979494
Madhya Pradesh,Ratlam,2025-05-01,0.7288134244672018,0.7288134244672018,0.7288134244672018
Madhya Pradesh,Ratlam,2025-06-01,0.8257624926965769,0.8257624926965769,0.8257624926965769
Madhya Pradesh,Ratlam,2025-07-01,1.2106247252303546,1.1379872417165333,1.1046950617726985
Madhya Pradesh,Ratlam,2025-09-01,0.7775006601460068,0.7775006601460068,0.7775006601460068
Madhya Pradesh,Ratlam,2025-10-01,-0.3403963626455093,-0.3403963626455093,-0.3403963626455093
Madhya Pradesh,Ratlam,2025-11-01,0.7064691636312297,0.7064691636312297,0.7064691636312297
Madhya Pradesh,Ratlam,2025-12-01,-0.1670576399811748,-0.1670576399811748,-0.1670576399811748
Madhya Pradesh,Rewa,2025-03-01,1.3139325896753087,1.23509663429479,1.1989634880787192
Madhya Pradesh,Rewa,2025-04-01,1.0401423609419385,1.0401423609419385,1.0401423609419385
Madhya Pradesh,Rewa,2025-05-01,1.124744855646376,1.0572601643075934,1.0263296807773181
Madhya Pradesh,Rewa,2025-06-01,1.0234329034194907,1.0234329034194907,1.0234329034194907
Madhya Pradesh,Rewa,2025-07-01,1.036690611214305,1.036690611214305,1.036690611214305
Madhya Pradesh,Rewa,2025-09-01,0.9042740005670256,0.9042740005670256,0.9042740005670256
Madhya Pradesh,Rewa,2025-10-01,-0.12694924030942573,-0.12694924030942573,-0.12694924030942573
Madhya Pradesh,Rewa,2025-11-01,0.08894947250069041,0.08894947250069041,0.08894947250069041
Madhya Pradesh,Rewa,2025-12-01,-0.044479896913246886,-0.044479896913246886,-0.044479896913246886
Madhya Pradesh,Sagar,2025-03-01,1.233096956559119,1.1591111391655717,1.1252009728601962
Madhya Pradesh,Sagar,2025-04-01,0.9114831669936346,0.9114831669936346,0.9114831669936346
Madhya Pradesh,Sagar,2025-05-01,0.5798054596965602,0.5798054596965602,0.5798054596965602
Madhya Pradesh,Sagar,2025-06-01,0.9372910550881328,0.9372910550881328,0.9372910550881328
Madhya Pradesh,Sagar,2025-07-01,0.96518870925028,0.96518870925028,0.96518870925028
Madhya Pradesh,Sagar,2025-09-01,0.5999357537115584,0.5999357537115584,0.5999357537115584
Madhya Pradesh,Sagar,2025-10-01,-0.25824696110599993,-0.25824696110599993,-0.25824696110599993
Madhya Pradesh,Sagar,2025-11-01,0.3713338125243397,0.3713338125243397,0.3713338125243397
Madhya Pradesh,Sagar,2025-12-01,-0.008733248049119787,-0.008733248049119787,-0.008733248049119787
Madhya Pradesh,Satna,2025-03-01,1.1453704132543814,1.0766481884591184,1.045150502094623
Madhya Pradesh,Satna,2025-04-01,0.8989622076570761,0.8989622076570761,0.8989622076570761
Madhya Pradesh,Satna,2025-05-01,0.39137663682911517,0.39137663682911517,0.39137663682911517
Madhya Pradesh,Satna,2025-06-01,0.8690217113370908,0.8690217113370908,0.8690217113370908
Madhya Pradesh,Satna,2025-07-01,0.931223420445081,0.931223420445081,0.931223420445081
Madhya Pradesh,Satna,2025-09-01,0.8922927024062398,0.8922927024062398,0.8922927024062398
Madhya Pradesh,Satna,2025-10-01,-0.21369298617421031,-0.21369298617421031,-0.21369298617421031
Madhya Pradesh,Satna,2025-11-01,0.1032705737320498,0.1032705737320498,0.1032705737320498
Madhya Pradesh,Satna,2025-12-01,-0.014651641616751837,-0.014651641616751837,-0.014651641616751837
Madhya Pradesh,Sehore,2025-03-01,0.511430378473006,0.511430378473006,0.511430378473006
Madhya Pradesh,Sehore,2025-04-01,0.5490281472183481,0.5490281472183481,0.5490281472183481
Madhya Pradesh,Sehore,2025-05-01,0.5388482596409808,0.5388482596409808,0.5388482596409808
Madhya Pradesh,Sehore,2025-06-01,0.7377059108186529,0.7377059108186529,0.7377059108186529
Madhya Pradesh,Sehore,2025-07-01,0.8630795029179043,0.8630795029179043,0.8630795029179043
Madhya Pradesh,Sehore,2025-09-01,-0.18295258827431968,-0.18295258827431968,-0.18295258827431968
Madhya Pradesh,Sehore,2025-10-01,-0.38371480476792413,-0.38371480476792413,-0.38371480476792413
Madhya Pradesh,Sehore,2025-11-01,0.24004413351297738,0.24004413351297738,0.24004413351297738
Madhya Pradesh,Sehore,2025-12-01,0.24171209905657823,0.24171209905657823,0.24171209905657823
Madhya Pradesh,Seoni,2025-03-01,0.8643082840424976,0.8643082840424976,0.8643082840424976
Madhya Pradesh,Seoni,2025-04-01,0.5470936717177308,0.5470936717177308,0.5470936717177308
Madhya Pradesh,Seoni,2025-05-01,0.4538872014514471,0.4538872014514471,0.4538872014514471
Madhya Pradesh,Seoni,2025-06-01,0.48505157924612025,0.48505157924612025,0.48505157924612025
Madhya Pradesh,Seoni,2025-07-01,0.6963182036370333,0.6963182036370333,0.6963182036370333
Madhya Pradesh,Seoni,2025-09-01,0.7941942683322081,0.7941942683322081,0.7941942683322081
Madhya Pradesh,Seoni,2025-10-01,-0.3922379584501028,-0.3922379584501028,-0.3922379584501028
Madhya Pradesh,Seoni,2025-11-01,0.1567931748767356,0.1567931748767356,0.1567931748767356
Madhya Pradesh,Seoni,2025-12-01,-0.010307378261221498,-0.010307378261221498,-0.010307378261221498
Madhya Pradesh,Shahdol,2025-03-01,0.6907925678605029,0.6907925678605029,0.6907925678605029
Madhya Pradesh,Shahdol,2025-04-01,0.3713786352869706,0.3713786352869706,0.3713786352869706
Madhya Pradesh,Shahdol,2025-05-01,0.4998171392178454,0.4998171392178454,0.4998171392178454
Madhya Pradesh,Shahdol,2025-06-01,0.7013933722759882,0.7013933722759882,0.7013933722759882
Madhya Pradesh,Shahdol,2025-07-01,0.49844834485455575,0.49844834485455575,0.49844834485455575
Madhya Pradesh,Shahdol,2025-09-01,0.7824833228003791,0.7824833228003791,0.7824833228003791
Madhya Pradesh,Shahdol,2025-10-01,-0.30968598641207573,-0.30968598641207573,-0.30968598641207573
Madhya Pradesh,Shahdol,2025-11-01,-0.019651884021064065,-0.019651884021064065,-0.019651884021064065
Madhya Pradesh,Shahdol,2025-12-01,0.21532569985263045,0.21532569985263045,0.21532569985263045
Madhya Pradesh,Shajapur,2025-03-01,0.6577336268340416,0.6577336268340416,0.6577336268340416
Madhya Pradesh,Shajapur,2025-04-01,0.5512716755167758,0.5512716755167758,0.5512716755167758
Madhya Pradesh,Shajapur,2025-05-01,0.6112031109450866,0.6112031109450866,0.6112031109450866
Madhya Pradesh,Shajapur,2025-06-01,0.8590184375118411,0.8590184375118411,0.8590184375118411
Madhya Pradesh,Shajapur,2025-07-01,0.7286959570588635,0.7286959570588635,0.7286959570588635
Madhya Pradesh,Shajapur,2025-09-01,0.7753628718645167,0.7753628718645167,0.7753628718645167
Madhya Pradesh,Shajapur,2025-10-01,-0.3403000420225825,-0.3403000420225825,-0.3403000420225825
Madhya Pradesh,Shajapur,2025-11-01,0.4065593542430747,0.4065593542430747,0.4065593542430747
Madhya Pradesh,Shajapur,2025-12-01,-0.1292543188884123,-0.1292543188884123,-0.1292543188884123
Madhya Pradesh,Sheopur,2025-03-01,0.3613922267716044,0.3613922267716044,0.3613922267716044
Madhya Pradesh,Sheopur,2025-04-01,0.6889766910796168,0.6889766910796168,0.6889766910796168
Madhya Pradesh,Sheopur,2025-05-01,-0.14847573614783774,-0.14847573614783774,-0.14847573614783774
Madhya Pradesh,Sheopur,2025-06-01,0.8236540058837805,0.8236540058837805,0.8236540058837805
Madhya Pradesh,Sheopur,2025-07-01,0.44743901888314774,0.44743901888314774,0.44743901888314774
Madhya Pradesh,Sheopur,2025-09-01,-0.2057649404484101,-0.2057649404484101,-0.2057649404484101
Madhya Pradesh,Sheopur,2025-10-01,-0.5442140200191143,-0.5442140200191143,-0.5442140200191143
Madhya Pradesh,Sheopur,2025-11-01,0.42679619613694114,0.42679619613694114,0.42679619613694114
Madhya Pradesh,Sheopur,2025-12-01,0.08801666422122972,0.08801666422122972,0.08801666422122972
Madhya Pradesh,Shivpuri,2025-03-01,1.1906506781273896,1.119211637439746,1.086468743791243
Madhya Pradesh,Shivpuri,2025-04-01,0.8018255632691377,0.8018255632691377,0.8018255632691377
Madhya Pradesh,Shivpuri,2025-05-01,0.1915265528656156,0.1915265528656156,0.1915265528656156
Madhya Pradesh,Shivpuri,2025-06-01,0.9241625334251381,0.9241625334251381,0.9241625334251381
Madhya Pradesh,Shivpuri,2025-07-01,0.45414853468672844,0.45414853468672844,0.45414853468672844
Madhya Pradesh,Shivpuri,2025-09-01,0.854022480199672,0.854022480199672,0.854022480199672
Madhya Pradesh,Shivpuri,2025-10-01,-0.4134580212858876,-0.4134580212858876,-0.4134580212858876
Madhya Pradesh,Shivpuri,2025-11-01,0.2667937588928122,0.2667937588928122,0.2667937588928122
Madhya Pradesh,Shivpuri,2025-12-01,0.08644860505915031,0.08644860505915031,0.08644860505915031
Madhya Pradesh,Sidhi,2025-03-01,1.0417556913987576,1.0417556913987576,1.0417556913987576
Madhya Pradesh,Sidhi,2025-04-01,0.7223543825310794,0.7223543825310794,0.7223543825310794
Madhya Pradesh,Sidhi,2025-05-01,0.6550901566622784,0.6550901566622784,0.6550901566622784
Madhya Pradesh,Sidhi,2025-06-01,0.7904700743512052,0.7904700743512052,0.7904700743512052
Madhya Pradesh,Sidhi,2025-07-01,0.5043470970520416,0.5043470970520416,0.5043470970520416
Madhya Pradesh,Sidhi,2025-09-01,0.8239890990244128,0.8239890990244128,0.8239890990244128
Madhya Pradesh,Sidhi,2025-10-01,-0.1874879115977236,-0.1874879115977236,-0.1874879115977236
Madhya Pradesh,Sidhi,2025-11-01,-0.08738254476143077,-0.08738254476143077,-0.08738254476143077
Madhya Pradesh,Sidhi,2025-12-01,-0.08320748156618878,-0.08320748156618878,-0.08320748156618878
Madhya Pradesh,Singrauli,2025-03-01,0.6919885758488173,0.6919885758488173,0.6919885758488173
Madhya Pradesh,Singrauli,2025-04-01,0.9754692627052891,0.9754692627052891,0.9754692627052891
Madhya Pradesh,Singrauli,2025-05-01,0.3964030898000644,0.3964030898000644,0.3964030898000644
Madhya Pradesh,Singrauli,2025-06-01,0.6402755123442749,0.6402755123442749,0.6402755123442749
Madhya Pradesh,Singrauli,2025-07-01,0.6985322994985633,0.6985322994985633,0.6985322994985633
Madhya Pradesh,Singrauli,2025-09-01,0.7974098479820595,0.7974098479820595,0.7974098479820595
Madhya Pradesh,Singrauli,2025-10-01,-0.1904362761998559,-0.1904362761998559,-0.1904362761998559
Madhya Pradesh,Singrauli,2025-11-01,-0.0912594490357502,-0.0912594490357502,-0.0912594490357502
Madhya Pradesh,Singrauli,2025-12-01,-0.009095392484079107,-0.009095392484079107,-0.009095392484079107
Madhya Pradesh,Tikamgarh,2025-03-01,1.133459293334137,1.0654517357340887,1.0342816051674
Madhya Pradesh,Tikamgarh,2025-04-01,0.9516327992182239,0.9516327992182239,0.9516327992182239
Madhya Pradesh,Tikamgarh,2025-05-01,0.7189998062279807,0.7189998062279807,0.7189998062279807
Madhya Pradesh,Tikamgarh,2025-06-01,0.7621610657490085,0.7621610657490085,0.7621610657490085
Madhya Pradesh,Tikamgarh,2025-07-01,1.2040639431789577,1.13182010658822,1.0987083481507989
Madhya Pradesh,Tikamgarh,2025-09-01,0.8147677565470232,0.8147677565470232,0.8147677565470232
Madhya Pradesh,Tikamgarh,2025-10-01,-0.34964416529472747,-0.34964416529472747,-0.34964416529472747
Madhya Pradesh,Tikamgarh,2025-11-01,0.3079691062856591,0.3079691062856591,0.3079691062856591
Madhya Pradesh,Tikamgarh,2025-12-01,-0.012835063539451286,-0.012835063539451286,-0.012835063539451286
Madhya Pradesh,Ujjain,2025-03-01,0.8218341104260245,0.8218341104260245,0.8218341104260245
Madhya Pradesh,Ujjain,2025-04-01,0.6489606712301371,0.6489606712301371,0.6489606712301371
Madhya Pradesh,Ujjain,2025-05-01,0.6186910962930448,0.6186910962930448,0.6186910962930448
Madhya Pradesh,Ujjain,2025-06-01,0.8033323157080541,0.8033323157080541,0.8033323157080541
Madhya Pradesh,Ujjain,2025-07-01,1.0755814286363008,1.0755814286363008,1.0755814286363008
Madhya Pradesh,Ujjain,2025-09-01,0.8483869968483732,0.8483869968483732,0.8483869968483732
Madhya Pradesh,Ujjain,2025-10-01,-0.2333482594297677,-0.2333482594297677,-0.2333482594297677
Madhya Pradesh,Ujjain,2025-11-01,0.44614951227731414,0.44614951227731414,0.44614951227731414
Madhya Pradesh,Ujjain,2025-12-01,-0.06833921546018028,-0.06833921546018028,-0.06833921546018028
Madhya Pradesh,Umaria,2025-03-01,0.2875228896972603,0.2875228896972603,0.2875228896972603
Madhya Pradesh,Umaria,2025-04-01,0.016784064390426352,0.016784064390426352,0.016784064390426352
Madhya Pradesh,Umaria,2025-05-01,-0.06115220270217161,-0.06115220270217161,-0.06115220270217161
Madhya Pradesh,Umaria,2025-06-01,0.06823247004993588,0.06823247004993588,0.06823247004993588
Madhya Pradesh,Umaria,2025-07-01,0.13702296001137512,0.13702296001137512,0.13702296001137512
Madhya Pradesh,Umaria,2025-09-01,0.7106171258459778,0.7106171258459778,0.7106171258459778
Madhya Pradesh,Umaria,2025-10-01,-0.41502024532833276,-0.41502024532833276,-0.41502024532833276
Madhya Pradesh,Umaria,2025-11-01,-0.0970626726897164,-0.0970626726897164,-0.0970626726897164
Madhya Pradesh,Umaria,2025-12-01,-0.047148299000877525,-0.047148299000877525,-0.047148299000877525
Madhya Pradesh,Vidisha,2025-03-01,0.4896970841301462,0.4896970841301462,0.4896970841301462
Madhya Pradesh,Vidisha,2025-04-01,0.8347021249574017,0.8347021249574017,0.8347021249574017
Madhya Pradesh,Vidisha,2025-05-01,-0.2790742452994535,-0.2790742452994535,-0.2790742452994535
Madhya Pradesh,Vidisha,2025-06-01,0.24129803069766445,0.24129803069766445,0.24129803069766445
Madhya Pradesh,Vidisha,2025-07-01,0.918397166229642,0.918397166229642,0.918397166229642
Madhya Pradesh,Vidisha,2025-09-01,0.22788086879827474,0.22788086879827474,0.22788086879827474
Madhya Pradesh,Vidisha,2025-10-01,-0.39305839831886696,-0.39305839831886696,-0.39305839831886696
Madhya Pradesh,Vidisha,2025-11-01,0.2530198071483602,0.2530198071483602,0.2530198071483602
Madhya Pradesh,Vidisha,2025-12-01,0.0689886589009032,0.0689886589009032,0.0689886589009032
Madhya Pradesh,West Nimar,2025-03-01,-0.3865874490019265,-0.3865874490019265,-0.3865874490019265
Madhya Pradesh,West Nimar,2025-04-01,-0.3819409979108953,-0.3819409979108953,-0.3819409979108953
Madhya Pradesh,West Nimar,2025-05-01,-0.36743507325368846,-0.36743507325368846,-0.36743507325368846
Madhya Pradesh,West Nimar,2025-06-01,-0.373381509996989,-0.373381509996989,-0.373381509996989
Madhya Pradesh,West Nimar,2025-07-01,-0.29803166028693,-0.29803166028693,-0.29803166028693
Madhya Pradesh,West Nimar,2025-09-01,0.46683038809235483,0.46683038809235483,0.46683038809235483
Madhya Pradesh,West Nimar,2025-10-01,-0.6758434820931213,-0.6758434820931213,-0.6758434820931213
Madhya Pradesh,West Nimar,2025-11-01,-0.33882002649060833,-0.33882002649060833,-0.33882002649060833
Madhya Pradesh,West Nimar,2025-12-01,-0.35111127430299754,-0.35111127430299754,-0.35111127430299754
Maharashtra,Ahilyanagar,2025-12-01,-0.29688993978904465,-0.29688993978904465,-0.29688993978904465
Maharashtra,Ahmadnagar,2025-03-01,1.7566830874983468,1.6512821022484458,1.6029733173422414
Maharashtra,Ahmadnagar,2025-04-01,0.9058281587046104,0.9058281587046104,0.9058281587046104
Maharashtra,Ahmadnagar,2025-05-01,0.6402340547291465,0.6402340547291465,0.6402340547291465
Maharashtra,Ahmadnagar,2025-06-01,1.066687041721871,1.066687041721871,1.066687041721871
Maharashtra,Ahmadnagar,2025-07-01,1.0995434157730053,1.0335708108266248,1.0033333668928672
Maharashtra,Ahmadnagar,2025-09-01,1.039343839919812,1.039343839919812,1.039343839919812
Maharashtra,Ahmadnagar,2025-10-01,-0.024592396436954406,-0.024592396436954406,-0.024592396436954406
Maharashtra,Ahmadnagar,2025-11-01,0.433714522194525,0.433714522194525,0.433714522194525
Maharashtra,Ahmadnagar,2025-12-01,0.678981261163173,0.678981261163173,0.678981261163173
Maharashtra,Ahmed Nagar,2025-03-01,-0.675920630778645,-0.675920630778645,-0.675920630778645
Maharashtra,Ahmed Nagar,2025-04-01,-0.7009740551120749,-0.7009740551120749,-0.7009740551120749
Maharashtra,Ahmed Nagar,2025-05-01,-0.6726423809569179,-0.6726423809569179,-0.6726423809569179
Maharashtra,Ahmed Nagar,2025-06-01,-0.5748457536143101,-0.5748457536143101,-0.5748457536143101
Maharashtra,Ahmed Nagar,2025-07-01,-0.5156626243131558,-0.5156626243131558,-0.5156626243131558
Maharashtra,Ahmed Nagar,2025-09-01,0.47381816414817235,0.47381816414817235,0.47381816414817235
Maharashtra,Ahmed Nagar,2025-10-01,-0.5160201197766824,-0.5160201197766824,-0.5160201197766824
Maharashtra,Ahmed Nagar,2025-11-01,-0.0652693025262935,-0.0652693025262935,-0.0652693025262935
Maharashtra,Ahmed Nagar,2025-12-01,0.10685111338687074,0.10685111338687074,0.10685111338687074
Maharashtra,Ahmednagar,2025-07-01,-1.4561400619248968,-1.4561400619248968,-1.4561400619248968
Maharashtra,Akola,2025-03-01,1.1179301533177521,1.050854344118687,1.0201112649024489
Maharashtra,Akola,2025-04-01,0.5314678015597791,0.5314678015597791,0.5314678015597791
Maharashtra,Akola,2025-05-01,0.6072016227533159,0.6072016227533159,0.6072016227533159
Maharashtra,Akola,2025-06-01,0.6104753723935925,0.6104753723935925,0.6104753723935925
Maharashtra,Akola,2025-07-01,0.8664353346825399,0.8664353346825399,0.8664353346825399
Maharashtra,Akola,2025-09-01,0.604348835056578,0.604348835056578,0.604348835056578
Maharashtra,Akola,2025-10-01,-0.167153651955127,-0.167153651955127,-0.167153651955127
Maharashtra,Akola,2025-11-01,0.3204651557594173,0.3204651557594173,0.3204651557594173
Maharashtra,Akola,2025-12-01,-0.05675151089160657,-0.05675151089160657,-0.05675151089160657
Maharashtra,Amravati,2025-03-01,1.436850937583219,1.3506398813282259,1.3111264805446874
Maharashtra,Amravati,2025-04-01,1.030734773229392,1.030734773229392,1.030734773229392
Maharashtra,Amravati,2025-05-01,1.0741779333199983,1.0741779333199983,1.0741779333199983
Maharashtra,Amravati,2025-06-01,0.9499030922465483,0.9499030922465483,0.9499030922465483
Maharashtra,Amravati,2025-07-01,0.5005951441919188,0.5005951441919188,0.5005951441919188
Maharashtra,Amravati,2025-09-01,0.9616801327372991,0.9616801327372991,0.9616801327372991
Maharashtra,Amravati,2025-10-01,-0.1027165657826625,-0.1027165657826625,-0.1027165657826625
Maharashtra,Amravati,2025-11-01,0.30383413777045026,0.30383413777045026,0.30383413777045026
Maharashtra,Amravati,2025-12-01,0.1447359566729627,0.1447359566729627,0.1447359566729627
Maharashtra,Aurangabad,2025-03-01,0.16560336470260276,0.16560336470260276,0.16560336470260276
Maharashtra,Aurangabad,2025-04-01,0.6003475364903268,0.6003475364903268,0.6003475364903268
Maharashtra,Aurangabad,2025-05-01,0.6799066704323069,0.6799066704323069,0.6799066704323069
Maharashtra,Aurangabad,2025-06-01,1.199896554946667,1.127902761649867,1.0949056063888336
Maharashtra,Aurangabad,2025-07-01,0.9706730100015922,0.9706730100015922,0.9706730100015922
Maharashtra,Aurangabad,2025-09-01,0.2604564112575162,0.2604564112575162,0.2604564112575162
Maharashtra,Aurangabad,2025-10-01,-0.0806312624947601,-0.0806312624947601,-0.0806312624947601
Maharashtra,Aurangabad,2025-11-01,0.42609071590569375,0.42609071590569375,0.42609071590569375
Maharashtra,Aurangabad,2025-12-01,0.0728411484004122,0.0728411484004122,0.0728411484004122
Maharashtra,Beed,2025-03-01,1.532377695662276,1.4404350339225394,1.398294647291827
Maharashtra,Beed,2025-04-01,0.9108526639161524,0.9108526639161524,0.9108526639161524
Maharashtra,Beed,2025-05-01,0.08493266841036023,0.08493266841036023,0.08493266841036023
Maharashtra,Beed,2025-06-01,0.5920092062424257,0.5920092062424257,0.5920092062424257
Maharashtra,Beed,2025-07-01,0.6496817901668401,0.6496817901668401,0.6496817901668401
Maharashtra,Beed,2025-09-01,0.14489915249649624,0.14489915249649624,0.14489915249649624
Maharashtra,Beed,2025-10-01,-0.06740569746938174,-0.06740569746938174,-0.06740569746938174
Maharashtra,Beed,2025-11-01,0.3987746475109415,0.3987746475109415,0.3987746475109415
Maharashtra,Beed,2025-12-01,0.002149644932442449,0.002149644932442449,0.002149644932442449
Maharashtra,Bhandara,2025-03-01,0.45697474342205024,0.45697474342205024,0.45697474342205024
Maharashtra,Bhandara,2025-04-01,0.275604212389183,0.275604212389183,0.275604212389183
Maharashtra,Bhandara,2025-05-01,0.2523091283411335,0.2523091283411335,0.2523091283411335
Maharashtra,Bhandara,2025-06-01,0.27724330066823766,0.27724330066823766,0.27724330066823766
Maharashtra,Bhandara,2025-07-01,0.21537621905565574,0.21537621905565574,0.21537621905565574
Maharashtra,Bhandara,2025-09-01,0.8007218171477145,0.8007218171477145,0.8007218171477145
Maharashtra,Bhandara,2025-10-01,-0.2422005214718642,-0.2422005214718642,-0.2422005214718642
Maharashtra,Bhandara,2025-11-01,0.39405368103526195,0.39405368103526195,0.39405368103526195
Maharashtra,Bhandara,2025-12-01,0.06276433401706143,0.06276433401706143,0.06276433401706143
Maharashtra,Bid,2025-03-01,-0.5448482296080441,-0.5448482296080441,-0.5448482296080441
Maharashtra,Bid,2025-05-01,-0.6209917287894853,-0.6209917287894853,-0.6209917287894853
Maharashtra,Bid,2025-06-01,-0.37737901531899937,-0.37737901531899937,-0.37737901531899937
Maharashtra,Bid,2025-07-01,-0.34350058146351614,-0.34350058146351614,-0.34350058146351614
Maharashtra,Bid,2025-09-01,0.5075448806120634,0.5075448806120634,0.5075448806120634
Maharashtra,Bid,2025-10-01,-0.3346228511976144,-0.3346228511976144,-0.3346228511976144
Maharashtra,Bid,2025-11-01,-0.11782568799330494,-0.11782568799330494,-0.11782568799330494
Maharashtra,Bid,2025-12-01,-0.34818587239772736,-0.34818587239772736,-0.34818587239772736
Maharashtra,Buldana,2025-03-01,-0.15474898214770383,-0.15474898214770383,-0.15474898214770383
Maharashtra,Buldana,2025-04-01,-0.2582155054177546,-0.2582155054177546,-0.2582155054177546
Maharashtra,Buldana,2025-05-01,-0.20032294264872974,-0.20032294264872974,-0.20032294264872974
Maharashtra,Buldana,2025-06-01,-0.15017306670609054,-0.15017306670609054,-0.15017306670609054
Maharashtra,Buldana,2025-07-01,-0.13051700680643374,-0.13051700680643374,-0.13051700680643374
Maharashtra,Buldana,2025-09-01,0.6569616989531376,0.6569616989531376,0.6569616989531376
Maharashtra,Buldana,2025-10-01,-0.31595314191798507,-0.31595314191798507,-0.31595314191798507
Maharashtra,Buldana,2025-11-01,0.00678494327091525,0.00678494327091525,0.00678494327091525
Maharashtra,Buldana,2025-12-01,-0.15956916230549412,-0.15956916230549412,-0.15956916230549412
Maharashtra,Buldhana,2025-03-01,0.9985672277969504,0.9985672277969504,0.9985672277969504
Maharashtra,Buldhana,2025-04-01,0.49407043898265424,0.49407043898265424,0.49407043898265424
Maharashtra,Buldhana,2025-05-01,0.537883367778414,0.537883367778414,0.537883367778414
Maharashtra,Buldhana,2025-06-01,0.857150681833844,0.857150681833844,0.857150681833844
Maharashtra,Buldhana,2025-07-01,0.8985942627058708,0.8985942627058708,0.8985942627058708
Maharashtra,Buldhana,2025-09-01,0.33813740083191635,0.33813740083191635,0.33813740083191635
Maharashtra,Buldhana,2025-10-01,-0.13507704227941336,-0.13507704227941336,-0.13507704227941336
Maharashtra,Buldhana,2025-11-01,0.29180058404199744,0.29180058404199744,0.29180058404199744
Maharashtra,Buldhana,2025-12-01,0.12457070332886779,0.12457070332886779,0.12457070332886779
Maharashtra,Chandrapur,2025-03-01,1.0555793054956997,1.0555793054956997,1.0555793054956997
Maharashtra,Chandrapur,2025-04-01,0.8395146445498436,0.8395146445498436,0.8395146445498436
Maharashtra,Chandrapur,2025-05-01,0.4305891803700739,0.4305891803700739,0.4305891803700739
Maharashtra,Chandrapur,2025-06-01,0.8869134815557902,0.8869134815557902,0.8869134815557902
Maharashtra,Chandrapur,2025-07-01,0.3431484550701693,0.3431484550701693,0.3431484550701693
Maharashtra,Chandrapur,2025-09-01,0.8674929682016935,0.8674929682016935,0.8674929682016935
Maharashtra,Chandrapur,2025-10-01,-0.11394688811358236,-0.11394688811358236,-0.11394688811358236
Maharashtra,Chandrapur,2025-11-01,0.4663531578662952,0.4663531578662952,0.4663531578662952
Maharashtra,Chandrapur,2025-12-01,0.11105417350039573,0.11105417350039573,0.11105417350039573
Maharashtra,Chatrapati Sambhaji Nagar,2025-03-01,-0.23426227487460344,-0.23426227487460344,-0.23426227487460344
Maharashtra,Chatrapati Sambhaji Nagar,2025-04-01,-0.5933122112669814,-0.5933122112669814,-0.5933122112669814
Maharashtra,Chatrapati Sambhaji Nagar,2025-05-01,-0.5835919255754372,-0.5835919255754372,-0.5835919255754372
Maharashtra,Chatrapati Sambhaji Nagar,2025-06-01,-0.5721742481711324,-0.5721742481711324,-0.5721742481711324
Maharashtra,Chatrapati Sambhaji Nagar,2025-07-01,-0.23034491625477888,-0.23034491625477888,-0.23034491625477888
Maharashtra,Chatrapati Sambhaji Nagar,2025-09-01,0.3364493420291135,0.3364493420291135,0.3364493420291135
Maharashtra,Chatrapati Sambhaji Nagar,2025-10-01,-0.7031664652239127,-0.7031664652239127,-0.7031664652239127
Maharashtra,Chatrapati Sambhaji Nagar,2025-11-01,-0.20663487240125183,-0.20663487240125183,-0.20663487240125183
Maharashtra,Chatrapati Sambhaji Nagar,2025-12-01,-0.5269313116277563,-0.5269313116277563,-0.5269313116277563
Maharashtra,Chhatrapati Sambhajinagar,2025-03-01,-0.28991349554984636,-0.28991349554984636,-0.28991349554984636
Maharashtra,Chhatrapati Sambhajinagar,2025-04-01,-0.5486647540393752,-0.5486647540393752,-0.5486647540393752
Maharashtra,Chhatrapati Sambhajinagar,2025-05-01,-0.49562835705258446,-0.49562835705258446,-0.49562835705258446
Maharashtra,Chhatrapati Sambhajinagar,2025-06-01,-0.4042531842488848,-0.4042531842488848,-0.4042531842488848
Maharashtra,Chhatrapati Sambhajinagar,2025-07-01,-0.40663311288626336,-0.40663311288626336,-0.40663311288626336
Maharashtra,Chhatrapati Sambhajinagar,2025-09-01,0.5684162760892144,0.5684162760892144,0.5684162760892144
Maharashtra,Chhatrapati Sambhajinagar,2025-10-01,-0.39413461115468595,-0.39413461115468595,-0.39413461115468595
Maharashtra,Chhatrapati Sambhajinagar,2025-11-01,-0.2598558391548611,-0.2598558391548611,-0.2598558391548611
Maharashtra,Chhatrapati Sambhajinagar,2025-12-01,-0.33239034073773654,-0.33239034073773654,-0.33239034073773654
Maharashtra,Dharashiv,2025-03-01,-0.6969220998451905,-0.6969220998451905,-0.6969220998451905
Maharashtra,Dharashiv,2025-04-01,-0.8873342074464171,-0.8873342074464171,-0.8873342074464171
Maharashtra,Dharashiv,2025-05-01,-0.8552175433546766,-0.8552175433546766,-0.8552175433546766
Maharashtra,Dharashiv,2025-06-01,-0.7783311370909287,-0.7783311370909287,-0.7783311370909287
Maharashtra,Dharashiv,2025-07-01,-0.8119925454416658,-0.8119925454416658,-0.8119925454416658
Maharashtra,Dharashiv,2025-09-01,0.3411451882346773,0.3411451882346773,0.3411451882346773
Maharashtra,Dharashiv,2025-10-01,-0.6013238910766614,-0.6013238910766614,-0.6013238910766614
Maharashtra,Dharashiv,2025-11-01,-0.4489542479850569,-0.4489542479850569,-0.4489542479850569
Maharashtra,Dharashiv,2025-12-01,-0.5233182661160496,-0.5233182661160496,-0.5233182661160496
Maharashtra,Dhule,2025-03-01,0.7945852630577597,0.7945852630577597,0.7945852630577597
Maharashtra,Dhule,2025-04-01,0.6448408443384228,0.6448408443384228,0.6448408443384228
Maharashtra,Dhule,2025-05-01,0.8580763652902595,0.8580763652902595,0.8580763652902595
Maharashtra,Dhule,2025-06-01,0.8391169511366192,0.8391169511366192,0.8391169511366192
Maharashtra,Dhule,2025-07-01,0.4195734172791775,0.4195734172791775,0.4195734172791775
Maharashtra,Dhule,2025-09-01,0.31079532290515216,0.31079532290515216,0.31079532290515216
Maharashtra,Dhule,2025-10-01,-0.23685139332773425,-0.23685139332773425,-0.23685139332773425
Maharashtra,Dhule,2025-11-01,0.26722151081607753,0.26722151081607753,0.26722151081607753
Maharashtra,Dhule,2025-12-01,-0.011502201553167887,-0.011502201553167887,-0.011502201553167887
Maharashtra,Dist : Thane,2025-12-01,-1.3533531380983113,-1.3533531380983113,-1.3533531380983113
Maharashtra,Gadchiroli,2025-03-01,0.45706741962373293,0.45706741962373293,0.45706741962373293
Maharashtra,Gadchiroli,2025-04-01,0.266732638283631,0.266732638283631,0.266732638283631
Maharashtra,Gadchiroli,2025-05-01,0.3329249581233552,0.3329249581233552,0.3329249581233552
Maharashtra,Gadchiroli,2025-06-01,0.4708920423032766,0.4708920423032766,0.4708920423032766
Maharashtra,Gadchiroli,2025-07-01,0.5539206901607792,0.5539206901607792,0.5539206901607792
Maharashtra,Gadchiroli,2025-09-01,0.8057084977318174,0.8057084977318174,0.8057084977318174
Maharashtra,Gadchiroli,2025-10-01,-0.20791672139693398,-0.20791672139693398,-0.20791672139693398
Maharashtra,Gadchiroli,2025-11-01,0.3584605164281172,0.3584605164281172,0.3584605164281172
Maharashtra,Gadchiroli,2025-12-01,0.22180977963128756,0.22180977963128756,0.22180977963128756
Maharashtra,Gondia,2025-09-01,-0.6661869950636068,-0.6661869950636068,-0.6661869950636068
Maharashtra,Gondia,2025-10-01,-0.699776474746018,-0.699776474746018,-0.699776474746018
Maharashtra,Gondia,2025-11-01,-0.4130630591895577,-0.4130630591895577,-0.4130630591895577
Maharashtra,Gondia,2025-12-01,-0.7027229076758834,-0.7027229076758834,-0.7027229076758834
Maharashtra,Gondiya,2025-03-01,0.4449978737271163,0.4449978737271163,0.4449978737271163
Maharashtra,Gondiya,2025-04-01,0.16276818346220945,0.16276818346220945,0.16276818346220945
Maharashtra,Gondiya,2025-05-01,0.2698110983553702,0.2698110983553702,0.2698110983553702
Maharashtra,Gondiya,2025-06-01,0.3425463073453334,0.3425463073453334,0.3425463073453334
Maharashtra,Gondiya,2025-07-01,0.22742233289699737,0.22742233289699737,0.22742233289699737
Maharashtra,Gondiya,2025-09-01,0.8055413862503462,0.8055413862503462,0.8055413862503462
Maharashtra,Gondiya,2025-10-01,-0.17642164906020358,-0.17642164906020358,-0.17642164906020358
Maharashtra,Gondiya,2025-11-01,0.30369233516846916,0.30369233516846916,0.30369233516846916
Maharashtra,Gondiya,2025-12-01,-0.06260013503915682,-0.06260013503915682,-0.06260013503915682
Maharashtra,Gondiya *,2025-09-01,-0.5615676177842276,-0.5615676177842276,-0.5615676177842276
Maharashtra,Gondiya *,2025-10-01,-0.5395145375184772,-0.5395145375184772,-0.5395145375184772
Maharashtra,Gondiya *,2025-11-01,-0.3978684237040564,-0.3978684237040564,-0.3978684237040564
Maharashtra,Gondiya *,2025-12-01,-0.590681536643997,-0.590681536643997,-0.590681536643997
Maharashtra,Hingoli,2025-03-01,0.4750309735530316,0.4750309735530316,0.4750309735530316
Maharashtra,Hingoli,2025-04-01,0.734802468860682,0.734802468860682,0.734802468860682
Maharashtra,Hingoli,2025-05-01,-0.3631820928387239,-0.3631820928387239,-0.3631820928387239
Maharashtra,Hingoli,2025-06-01,-0.008747132052128764,-0.008747132052128764,-0.008747132052128764
Maharashtra,Hingoli,2025-07-01,0.8212751900687877,0.8212751900687877,0.8212751900687877
Maharashtra,Hingoli,2025-09-01,-0.20957998641703207,-0.20957998641703207,-0.20957998641703207
Maharashtra,Hingoli,2025-10-01,-0.17187745142465474,-0.17187745142465474,-0.17187745142465474
Maharashtra,Hingoli,2025-11-01,0.26565272590794375,0.26565272590794375,0.26565272590794375
Maharashtra,Hingoli,2025-12-01,0.0023174300991012156,0.0023174300991012156,0.0023174300991012156
Maharashtra,Hingoli *,2025-09-01,-1.2175682338789036,-1.2175682338789036,-1.2175682338789036
Maharashtra,Hingoli *,2025-10-01,-1.707263505845294,-1.707263505845294,-1.707263505845294
Maharashtra,Hingoli *,2025-11-01,-1.2174793662473757,-1.2174793662473757,-1.2174793662473757
Maharashtra,Hingoli *,2025-12-01,-1.293228115966791,-1.293228115966791,-1.293228115966791
Maharashtra,Jalgaon,2025-03-01,1.5194503902913368,1.4282833668738564,1.3864984811408447
Maharashtra,Jalgaon,2025-04-01,0.9458057329644585,0.9458057329644585,0.9458057329644585
Maharashtra,Jalgaon,2025-05-01,0.3411272454020164,0.3411272454020164,0.3411272454020164
Maharashtra,Jalgaon,2025-06-01,0.7613170223069191,0.7613170223069191,0.7613170223069191
Maharashtra,Jalgaon,2025-07-01,1.0149274346732111,1.0149274346732111,1.0149274346732111
Maharashtra,Jalgaon,2025-09-01,1.0061896325890345,1.0061896325890345,1.0061896325890345
Maharashtra,Jalgaon,2025-10-01,-0.0831103005151157,-0.0831103005151157,-0.0831103005151157
Maharashtra,Jalgaon,2025-11-01,0.43079356415698966,0.43079356415698966,0.43079356415698966
Maharashtra,Jalgaon,2025-12-01,0.13811349138293522,0.13811349138293522,0.13811349138293522
Maharashtra,Jalna,2025-03-01,0.8585435085761866,0.8585435085761866,0.8585435085761866
Maharashtra,Jalna,2025-04-01,0.4417033701384449,0.4417033701384449,0.4417033701384449
Maharashtra,Jalna,2025-05-01,0.5790315068166378,0.5790315068166378,0.5790315068166378
Maharashtra,Jalna,2025-06-01,0.6688576189876633,0.6688576189876633,0.6688576189876633
Maharashtra,Jalna,2025-07-01,1.0540652509986013,1.0540652509986013,1.0540652509986013
Maharashtra,Jalna,2025-09-01,0.9094461325653208,0.9094461325653208,0.9094461325653208
Maharashtra,Jalna,2025-10-01,-0.14032344368534422,-0.14032344368534422,-0.14032344368534422
Maharashtra,Jalna,2025-11-01,0.25105100903901045,0.25105100903901045,0.25105100903901045
Maharashtra,Jalna,2025-12-01,0.0516037362684125,0.0516037362684125,0.0516037362684125
Maharashtra,Kolhapur,2025-03-01,1.3336650407793778,1.253645138332615,1.2169693497111822
Maharashtra,Kolhapur,2025-04-01,1.0525951343744804,1.0525951343744804,1.0525951343744804
Maharashtra,Kolhapur,2025-05-01,1.0503836708571594,1.0503836708571594,1.0503836708571594
Maharashtra,Kolhapur,2025-06-01,0.999314083987205,0.999314083987205,0.999314083987205
Maharashtra,Kolhapur,2025-07-01,1.0850930769961704,1.0850930769961704,1.0850930769961704
Maharashtra,Kolhapur,2025-09-01,0.9716004036762045,0.9716004036762045,0.9716004036762045
Maharashtra,Kolhapur,2025-10-01,-0.05210555053721644,-0.05210555053721644,-0.05210555053721644
Maharashtra,Kolhapur,2025-11-01,0.344744848418401,0.344744848418401,0.344744848418401
Maharashtra,Kolhapur,2025-12-01,0.055988852437394696,0.055988852437394696,0.055988852437394696
Maharashtra,Latur,2025-03-01,1.4500052925678408,1.3630049750137703,1.3231298294681548
Maharashtra,Latur,2025-04-01,0.9006773650162575,0.9006773650162575,0.9006773650162575
Maharashtra,Latur,2025-05-01,0.766964247460274,0.766964247460274,0.766964247460274
Maharashtra,Latur,2025-06-01,0.9160431842542545,0.9160431842542545,0.9160431842542545
Maharashtra,Latur,2025-07-01,0.3118121002561735,0.3118121002561735,0.3118121002561735
Maharashtra,Latur,2025-09-01,0.8949744013825245,0.8949744013825245,0.8949744013825245
Maharashtra,Latur,2025-10-01,-0.1414728790803279,-0.1414728790803279,-0.1414728790803279
Maharashtra,Latur,2025-11-01,0.3421389131540176,0.3421389131540176,0.3421389131540176
Maharashtra,Latur,2025-12-01,-0.0244669032113807,-0.0244669032113807,-0.0244669032113807
Maharashtra,Mumbai,2025-03-01,1.673520159110621,1.5731089495639836,1.5270871451884416
Maharashtra,Mumbai,2025-04-01,1.087775710073136,1.087775710073136,1.087775710073136
Maharashtra,Mumbai,2025-05-01,1.1061225915547797,1.0397552360614928,1.0093368647937364
Maharashtra,Mumbai,2025-06-01,1.105023650013125,1.0387222310123374,1.0083340806369765
Maharashtra,Mumbai,2025-07-01,0.9856097995246988,0.9856097995246988,0.9856097995246988
Maharashtra,Mumbai,2025-09-01,0.9882493582947255,0.9882493582947255,0.9882493582947255
Maharashtra,Mumbai,2025-10-01,-0.01615142077747244,-0.01615142077747244,-0.01615142077747244
Maharashtra,Mumbai,2025-11-01,0.47603056739885363,0.47603056739885363,0.47603056739885363
Maharashtra,Mumbai,2025-12-01,0.09052260188684025,0.09052260188684025,0.09052260188684025
Maharashtra,Mumbai City,2025-03-01,0.37345500520864094,0.37345500520864094,0.37345500520864094
Maharashtra,Mumbai City,2025-04-01,0.11690135127520593,0.11690135127520593,0.11690135127520593
Maharashtra,Mumbai City,2025-05-01,0.13360265384824233,0.13360265384824233,0.13360265384824233
Maharashtra,Mumbai City,2025-06-01,0.02615048978834942,0.02615048978834942,0.02615048978834942
Maharashtra,Mumbai City,2025-07-01,0.061413630856315723,0.061413630856315723,0.061413630856315723
Maharashtra,Mumbai City,2025-09-01,0.7317597529095227,0.7317597529095227,0.7317597529095227
Maharashtra,Mumbai City,2025-10-01,-0.24717814439261412,-0.24717814439261412,-0.24717814439261412
Maharashtra,Mumbai City,2025-11-01,0.2645454545019374,0.2645454545019374,0.2645454545019374
Maharashtra,Mumbai City,2025-12-01,-0.1636142435541931,-0.1636142435541931,-0.1636142435541931
Maharashtra,Mumbai Suburban,2025-03-01,1.3558357260059497,1.2744855824455927,1.2372000999804291
Maharashtra,Mumbai Suburban,2025-04-01,0.8699118182541064,0.8699118182541064,0.8699118182541064
Maharashtra,Mumbai Suburban,2025-05-01,0.8415706278978924,0.8415706278978924,0.8415706278978924
Maharashtra,Mumbai Suburban,2025-06-01,0.2872066970870559,0.2872066970870559,0.2872066970870559
Maharashtra,Mumbai Suburban,2025-07-01,0.9677814659657819,0.9677814659657819,0.9677814659657819
Maharashtra,Mumbai Suburban,2025-09-01,-0.07918119787523131,-0.07918119787523131,-0.07918119787523131
Maharashtra,Mumbai Suburban,2025-10-01,-0.10084854594670484,-0.10084854594670484,-0.10084854594670484
Maharashtra,Mumbai Suburban,2025-11-01,0.44954435807619125,0.44954435807619125,0.44954435807619125
Maharashtra,Mumbai Suburban,2025-12-01,0.05699100119821667,0.05699100119821667,0.05699100119821667
Maharashtra,Mumbai( Sub Urban ),2025-05-01,-0.6492751386207791,-0.6492751386207791,-0.6492751386207791
Maharashtra,Mumbai( Sub Urban ),2025-06-01,-0.7783311370909287,-0.7783311370909287,-0.7783311370909287
Maharashtra,Mumbai( Sub Urban ),2025-09-01,0.43596940060424805,0.43596940060424805,0.43596940060424805
Maharashtra,Mumbai( Sub Urban ),2025-10-01,-0.5553900328951951,-0.5553900328951951,-0.5553900328951951
Maharashtra,Mumbai( Sub Urban ),2025-11-01,0.04921847427688657,0.04921847427688657,0.04921847427688657
Maharashtra,Mumbai( Sub Urban ),2025-12-01,-0.4371389115786614,-0.4371389115786614,-0.4371389115786614
Maharashtra,Nagpur,2025-03-01,1.7607893772138659,1.6551420145810338,1.6067203067076525
Maharashtra,Nagpur,2025-04-01,0.9584943532228221,0.9584943532228221,0.9584943532228221
Maharashtra,Nagpur,2025-05-01,-0.07046892936966187,-0.07046892936966187,-0.07046892936966187
Maharashtra,Nagpur,2025-06-01,0.8593490697782542,0.8593490697782542,0.8593490697782542
Maharashtra,Nagpur,2025-07-01,0.9654548958940221,0.9654548958940221,0.9654548958940221
Maharashtra,Nagpur,2025-09-01,0.9768464638245568,0.9768464638245568,0.9768464638245568
Maharashtra,Nagpur,2025-10-01,-0.08000181148048635,-0.08000181148048635,-0.08000181148048635
Maharashtra,Nagpur,2025-11-01,0.5003903157700424,0.5003903157700424,0.5003903157700424
Maharashtra,Nagpur,2025-12-01,0.054123079217683584,0.054123079217683584,0.054123079217683584
Maharashtra,Nanded,2025-03-01,1.6509679733796503,1.5519098949768713,1.5065082757089308
Maharashtra,Nanded,2025-04-01,0.9029699191101476,0.9029699191101476,0.9029699191101476
Maharashtra,Nanded,2025-05-01,0.021114184697944363,0.021114184697944363,0.021114184697944363
Maharashtra,Nanded,2025-06-01,0.18684532065251402,0.18684532065251402,0.18684532065251402
Maharashtra,Nanded,2025-07-01,0.9687546161091802,0.9687546161091802,0.9687546161091802
Maharashtra,Nanded,2025-09-01,0.5907516653560934,0.5907516653560934,0.5907516653560934
Maharashtra,Nanded,2025-10-01,-0.04370720688020667,-0.04370720688020667,-0.04370720688020667
Maharashtra,Nanded,2025-11-01,0.3585514763671034,0.3585514763671034,0.3585514763671034
Maharashtra,Nanded,2025-12-01,0.2095976161205595,0.2095976161205595,0.2095976161205595
Maharashtra,Nandurbar,2025-03-01,0.6763237840887861,0.6763237840887861,0.6763237840887861
Maharashtra,Nandurbar,2025-04-01,0.8404956561904164,0.8404956561904164,0.8404956561904164
Maharashtra,Nandurbar,2025-05-01,0.2402877232567771,0.2402877232567771,0.2402877232567771
Maharashtra,Nandurbar,2025-06-01,0.4947964996974692,0.4947964996974692,0.4947964996974692
Maharashtra,Nandurbar,2025-07-01,0.9385757641475989,0.9385757641475989,0.9385757641475989
Maharashtra,Nandurbar,2025-09-01,0.019428676872176472,0.019428676872176472,0.019428676872176472
Maharashtra,Nandurbar,2025-10-01,-0.16889990652121548,-0.16889990652121548,-0.16889990652121548
Maharashtra,Nandurbar,2025-11-01,0.14251387690835654,0.14251387690835654,0.14251387690835654
Maharashtra,Nandurbar,2025-12-01,-0.15578828007020043,-0.15578828007020043,-0.15578828007020043
Maharashtra,Nandurbar *,2025-09-01,-0.5655471009477562,-0.5655471009477562,-0.5655471009477562
Maharashtra,Nandurbar *,2025-10-01,-0.7393890022059558,-0.7393890022059558,-0.7393890022059558
Maharashtra,Nandurbar *,2025-11-01,-0.4864231177419526,-0.4864231177419526,-0.4864231177419526
Maharashtra,Nandurbar *,2025-12-01,-0.653665272875331,-0.653665272875331,-0.653665272875331
Maharashtra,Nashik,2025-03-01,1.8700614201546433,1.7578577349453646,1.706431045891112
Maharashtra,Nashik,2025-04-01,1.103304852244098,1.037106561109452,1.0067656776727394
Maharashtra,Nashik,2025-05-01,0.9943542330909919,0.9943542330909919,0.9943542330909919
Maharashtra,Nashik,2025-06-01,0.9198990193248574,0.9198990193248574,0.9198990193248574
Maharashtra,Nashik,2025-07-01,1.065362835303099,1.065362835303099,1.065362835303099
Maharashtra,Nashik,2025-09-01,0.46187705016732156,0.46187705016732156,0.46187705016732156
Maharashtra,Nashik,2025-10-01,-0.043794797017781786,-0.043794797017781786,-0.043794797017781786
Maharashtra,Nashik,2025-11-01,0.5921327126142407,0.5921327126142407,0.5921327126142407
Maharashtra,Nashik,2025-12-01,0.1649421904074032,0.1649421904074032,0.1649421904074032
Maharashtra,Osmanabad,2025-03-01,0.9900074893462967,0.9900074893462967,0.9900074893462967
Maharashtra,Osmanabad,2025-04-01,0.47259026847964414,0.47259026847964414,0.47259026847964414
Maharashtra,Osmanabad,2025-05-01,0.6869091453546672,0.6869091453546672,0.6869091453546672
Maharashtra,Osmanabad,2025-06-01,0.6925120476334269,0.6925120476334269,0.6925120476334269
Maharashtra,Osmanabad,2025-07-01,0.8593787714097916,0.8593787714097916,0.8593787714097916
Maharashtra,Osmanabad,2025-09-01,0.83630494507162,0.83630494507162,0.83630494507162
Maharashtra,Osmanabad,2025-10-01,-0.14074227462008665,-0.14074227462008665,-0.14074227462008665
Maharashtra,Osmanabad,2025-11-01,0.2890624763587706,0.2890624763587706,0.2890624763587706
Maharashtra,Osmanabad,2025-12-01,0.05666928108768999,0.05666928108768999,0.05666928108768999
Maharashtra,Palghar,2025-03-01,1.1138832872481244,1.0470502900132368,1.0164184996139134
Maharashtra,Palghar,2025-04-01,0.7740386004892587,0.7740386004892587,0.7740386004892587
Maharashtra,Palghar,2025-05-01,0.1329400585925246,0.1329400585925246,0.1329400585925246
Maharashtra,Palghar,2025-06-01,0.22505835861712842,0.22505835861712842,0.22505835861712842
Maharashtra,Palghar,2025-07-01,0.5986452276730972,0.5986452276730972,0.5986452276730972
Maharashtra,Palghar,2025-09-01,0.6908684596435936,0.6908684596435936,0.6908684596435936
Maharashtra,Palghar,2025-10-01,-0.16099534196853998,-0.16099534196853998,-0.16099534196853998
Maharashtra,Palghar,2025-11-01,0.36860378832170737,0.36860378832170737,0.36860378832170737
Maharashtra,Palghar,2025-12-01,0.004879580426415019,0.004879580426415019,0.004879580426415019
Maharashtra,Parbhani,2025-03-01,0.10905065595294361,0.10905065595294361,0.10905065595294361
Maharashtra,Parbhani,2025-04-01,0.5492243890303593,0.5492243890303593,0.5492243890303593
Maharashtra,Parbhani,2025-05-01,0.8444764704132547,0.8444764704132547,0.8444764704132547
Maharashtra,Parbhani,2025-06-01,0.23293127378721712,0.23293127378721712,0.23293127378721712
Maharashtra,Parbhani,2025-07-01,0.9819373944036112,0.9819373944036112,0.9819373944036112
Maharashtra,Parbhani,2025-09-01,0.8962079578751637,0.8962079578751637,0.8962079578751637
Maharashtra,Parbhani,2025-10-01,-0.052127268894933465,-0.052127268894933465,-0.052127268894933465
Maharashtra,Parbhani,2025-11-01,0.3295264908311902,0.3295264908311902,0.3295264908311902
Maharashtra,Parbhani,2025-12-01,-0.05779997935221605,-0.05779997935221605,-0.05779997935221605
Maharashtra,Pune,2025-03-01,1.9326748618667862,1.816714370154779,1.7635658114534423
Maharashtra,Pune,2025-04-01,1.070239239220923,1.070239239220923,1.070239239220923
Maharashtra,Pune,2025-05-01,1.0301787941805824,1.0301787941805824,1.0301787941805824
Maharashtra,Pune,2025-06-01,0.025291544654787945,0.025291544654787945,0.025291544654787945
Maharashtra,Pune,2025-07-01,1.0926545325891925,1.0926545325891925,1.0926545325891925
Maharashtra,Pune,2025-09-01,0.43276076351806486,0.43276076351806486,0.43276076351806486
Maharashtra,Pune,2025-10-01,0.06768946747545859,0.06768946747545859,0.06768946747545859
Maharashtra,Pune,2025-11-01,0.5453371095016933,0.5453371095016933,0.5453371095016933
Maharashtra,Pune,2025-12-01,0.23504324969115226,0.23504324969115226,0.23504324969115226
Maharashtra,Raigad,2025-03-01,-0.02404947897813063,-0.02404947897813063,-0.02404947897813063
Maharashtra,Raigad,2025-04-01,0.6919679365925552,0.6919679365925552,0.6919679365925552
Maharashtra,Raigad,2025-05-01,-0.44446498673425855,-0.44446498673425855,-0.44446498673425855
Maharashtra,Raigad,2025-06-01,-0.11791932267998764,-0.11791932267998764,-0.11791932267998764
Maharashtra,Raigad,2025-07-01,0.6030902999034737,0.6030902999034737,0.6030902999034737
Maharashtra,Raigad,2025-09-01,-0.3696873197077838,-0.3696873197077838,-0.3696873197077838
Maharashtra,Raigad,2025-10-01,-0.39803686377287106,-0.39803686377287106,-0.39803686377287106
Maharashtra,Raigad,2025-11-01,0.04812230161006113,0.04812230161006113,0.04812230161006113
Maharashtra,Raigad,2025-12-01,-0.1764850397791817,-0.1764850397791817,-0.1764850397791817
Maharashtra,Raigarh,2025-03-01,0.7434610138378974,0.7434610138378974,0.7434610138378974
Maharashtra,Raigarh,2025-04-01,0.3295434743854069,0.3295434743854069,0.3295434743854069
Maharashtra,Raigarh,2025-05-01,0.4246111814833617,0.4246111814833617,0.4246111814833617
Maharashtra,Raigarh,2025-06-01,0.5094930607518985,0.5094930607518985,0.5094930607518985
Maharashtra,Raigarh,2025-07-01,0.746306618783686,0.746306618783686,0.746306618783686
Maharashtra,Raigarh,2025-09-01,0.8887572782085709,0.8887572782085709,0.8887572782085709
Maharashtra,Raigarh,2025-10-01,-0.143880284777742,-0.143880284777742,-0.143880284777742
Maharashtra,Raigarh,2025-11-01,0.3259061635353028,0.3259061635353028,0.3259061635353028
Maharashtra,Raigarh,2025-12-01,0.010771886214361329,0.010771886214361329,0.010771886214361329
Maharashtra,Raigarh(MH),2025-09-01,-0.6856471101402736,-0.6856471101402736,-0.6856471101402736
Maharashtra,Raigarh(MH),2025-10-01,-0.8037683089670122,-0.8037683089670122,-0.8037683089670122
Maharashtra,Raigarh(MH),2025-11-01,-0.596594971959958,-0.596594971959958,-0.596594971959958
Maharashtra,Raigarh(MH),2025-12-01,-0.03811765808883899,-0.03811765808883899,-0.03811765808883899
Maharashtra,Ratnagiri,2025-03-01,0.43830631633822575,0.43830631633822575,0.43830631633822575
Maharashtra,Ratnagiri,2025-04-01,0.2042111991613091,0.2042111991613091,0.2042111991613091
Maharashtra,Ratnagiri,2025-05-01,0.29448506990081574,0.29448506990081574,0.29448506990081574
Maharashtra,Ratnagiri,2025-06-01,0.3790685996495028,0.3790685996495028,0.3790685996495028
Maharashtra,Ratnagiri,2025-07-01,0.4818499116628322,0.4818499116628322,0.4818499116628322
Maharashtra,Ratnagiri,2025-09-01,0.8819148321724269,0.8819148321724269,0.8819148321724269
Maharashtra,Ratnagiri,2025-10-01,-0.06982164444803506,-0.06982164444803506,-0.06982164444803506
Maharashtra,Ratnagiri,2025-11-01,0.23559549218529935,0.23559549218529935,0.23559549218529935
Maharashtra,Ratnagiri,2025-12-01,-0.024718045682676066,-0.024718045682676066,-0.024718045682676066
Maharashtra,Sangli,2025-03-01,1.0466264925895468,1.0466264925895468,1.0466264925895468
Maharashtra,Sangli,2025-04-01,0.6285705803479772,0.6285705803479772,0.6285705803479772
Maharashtra,Sangli,2025-05-01,0.8471525943998096,0.8471525943998096,0.8471525943998096
Maharashtra,Sangli,2025-06-01,0.289620102942283,0.289620102942283,0.289620102942283
Maharashtra,Sangli,2025-07-01,0.8790084242235855,0.8790084242235855,0.8790084242235855
Maharashtra,Sangli,2025-09-01,0.25095176191561785,0.25095176191561785,0.25095176191561785
Maharashtra,Sangli,2025-10-01,-0.18792353867259332,-0.18792353867259332,-0.18792353867259332
Maharashtra,Sangli,2025-11-01,0.3799205686151558,0.3799205686151558,0.3799205686151558
Maharashtra,Sangli,2025-12-01,0.05250397373939207,0.05250397373939207,0.05250397373939207
Maharashtra,Satara,2025-03-01,1.0137901223011507,1.0137901223011507,1.0137901223011507
Maharashtra,Satara,2025-04-01,0.8355425413669425,0.8355425413669425,0.8355425413669425
Maharashtra,Satara,2025-05-01,-0.06866317415758537,-0.06866317415758537,-0.06866317415758537
Maharashtra,Satara,2025-06-01,0.04176933336793971,0.04176933336793971,0.04176933336793971
Maharashtra,Satara,2025-07-01,0.583283589792578,0.583283589792578,0.583283589792578
Maharashtra,Satara,2025-09-01,0.9172859465874149,0.9172859465874149,0.9172859465874149
Maharashtra,Satara,2025-10-01,-0.06598455924511826,-0.06598455924511826,-0.06598455924511826
Maharashtra,Satara,2025-11-01,0.38098942057582275,0.38098942057582275,0.38098942057582275
Maharashtra,Satara,2025-12-01,0.16082648803775318,0.16082648803775318,0.16082648803775318
Maharashtra,Sindhudurg,2025-03-01,0.08712575868721541,0.08712575868721541,0.08712575868721541
Maharashtra,Sindhudurg,2025-04-01,-0.08115806398987405,-0.08115806398987405,-0.08115806398987405
Maharashtra,Sindhudurg,2025-05-01,-0.10861076047308625,-0.10861076047308625,-0.10861076047308625
Maharashtra,Sindhudurg,2025-06-01,-0.05855831147950511,-0.05855831147950511,-0.05855831147950511
Maharashtra,Sindhudurg,2025-07-01,-0.12153310328910694,-0.12153310328910694,-0.12153310328910694
Maharashtra,Sindhudurg,2025-09-01,0.7223275676172451,0.7223275676172451,0.7223275676172451
Maharashtra,Sindhudurg,2025-10-01,-0.239803559146888,-0.239803559146888,-0.239803559146888
Maharashtra,Sindhudurg,2025-11-01,0.35780417811903525,0.35780417811903525,0.35780417811903525
Maharashtra,Sindhudurg,2025-12-01,-0.2598323011001454,-0.2598323011001454,-0.2598323011001454
Maharashtra,Solapur,2025-03-01,1.8209174641342718,1.7116624162862153,1.661587186022523
Maharashtra,Solapur,2025-04-01,0.9147917059812967,0.9147917059812967,0.9147917059812967
Maharashtra,Solapur,2025-05-01,0.08222053721613597,0.08222053721613597,0.08222053721613597
Maharashtra,Solapur,2025-06-01,0.6623335419448944,0.6623335419448944,0.6623335419448944
Maharashtra,Solapur,2025-07-01,0.9715057989227249,0.9715057989227249,0.9715057989227249
Maharashtra,Solapur,2025-09-01,0.9996545663301665,0.9996545663301665,0.9996545663301665
Maharashtra,Solapur,2025-10-01,-0.01834811266611354,-0.01834811266611354,-0.01834811266611354
Maharashtra,Solapur,2025-11-01,0.5241145224701338,0.5241145224701338,0.5241145224701338
Maharashtra,Solapur,2025-12-01,0.1861020074372927,0.1861020074372927,0.1861020074372927
Maharashtra,Thane,2025-03-01,0.3521058214519167,0.3521058214519167,0.3521058214519167
Maharashtra,Thane,2025-04-01,1.0188205998984745,1.0188205998984745,1.0188205998984745
Maharashtra,Thane,2025-05-01,0.09678791115807091,0.09678791115807091,0.09678791115807091
Maharashtra,Thane,2025-06-01,0.6233037831614714,0.6233037831614714,0.6233037831614714
Maharashtra,Thane,2025-07-01,0.5269910899636503,0.5269910899636503,0.5269910899636503
Maharashtra,Thane,2025-09-01,0.3267178065421827,0.3267178065421827,0.3267178065421827
Maharashtra,Thane,2025-10-01,0.05702079504134611,0.05702079504134611,0.05702079504134611
Maharashtra,Thane,2025-11-01,0.5673452766163979,0.5673452766163979,0.5673452766163979
Maharashtra,Thane,2025-12-01,0.16518993852400377,0.16518993852400377,0.16518993852400377
Maharashtra,Wardha,2025-03-01,0.5936638067124498,0.5936638067124498,0.5936638067124498
Maharashtra,Wardha,2025-04-01,0.25407140777037496,0.25407140777037496,0.25407140777037496
Maharashtra,Wardha,2025-05-01,0.30958524149372013,0.30958524149372013,0.30958524149372013
Maharashtra,Wardha,2025-06-01,0.3257332306236324,0.3257332306236324,0.3257332306236324
Maharashtra,Wardha,2025-07-01,0.38140481112811553,0.38140481112811553,0.38140481112811553
Maharashtra,Wardha,2025-09-01,0.8061471168404702,0.8061471168404702,0.8061471168404702
Maharashtra,Wardha,2025-10-01,-0.24374118732254912,-0.24374118732254912,-0.24374118732254912
Maharashtra,Wardha,2025-11-01,0.12932339281650165,0.12932339281650165,0.12932339281650165
Maharashtra,Wardha,2025-12-01,0.2645179470138831,0.2645179470138831,0.2645179470138831
Maharashtra,Washim,2025-03-01,0.5306352487425685,0.5306352487425685,0.5306352487425685
Maharashtra,Washim,2025-04-01,0.2495940554816108,0.2495940554816108,0.2495940554816108
Maharashtra,Washim,2025-05-01,0.7894408059843284,0.7894408059843284,0.7894408059843284
Maharashtra,Washim,2025-06-01,0.005387575266738862,0.005387575266738862,0.005387575266738862
Maharashtra,Washim,2025-07-01,0.8228142578989458,0.8228142578989458,0.8228142578989458
Maharashtra,Washim,2025-09-01,0.33599800566763716,0.33599800566763716,0.33599800566763716
Maharashtra,Washim,2025-10-01,-0.16469068536761217,-0.16469068536761217,-0.16469068536761217
Maharashtra,Washim,2025-11-01,0.1812286771596112,0.1812286771596112,0.1812286771596112
Maharashtra,Washim,2025-12-01,0.27914340871592136,0.27914340871592136,0.27914340871592136
Maharashtra,Washim *,2025-09-01,-0.6690573001249244,-0.6690573001249244,-0.6690573001249244
Maharashtra,Washim *,2025-10-01,-0.7619672042335349,-0.7619672042335349,-0.7619672042335349
Maharashtra,Washim *,2025-11-01,-0.611318553669181,-0.611318553669181,-0.611318553669181
Maharashtra,Washim *,2025-12-01,0.045688454007017404,0.045688454007017404,0.045688454007017404
Maharashtra,Yavatmal,2025-03-01,1.6237972018021032,1.5263693696939769,1.481714946644419
Maharashtra,Yavatmal,2025-04-01,0.9219716453775864,0.9219716453775864,0.9219716453775864
Maharashtra,Yavatmal,2025-05-01,0.9052209398214193,0.9052209398214193,0.9052209398214193
Maharashtra,Yavatmal,2025-06-01,0.6956260971733969,0.6956260971733969,0.6956260971733969
Maharashtra,Yavatmal,2025-07-01,0.9361516857265473,0.9361516857265473,0.9361516857265473
Maharashtra,Yavatmal,2025-09-01,0.42853232132231306,0.42853232132231306,0.42853232132231306
Maharashtra,Yavatmal,2025-10-01,-0.025985943762943903,-0.025985943762943903,-0.025985943762943903
Maharashtra,Yavatmal,2025-11-01,0.28477126446924156,0.28477126446924156,0.28477126446924156
Maharashtra,Yavatmal,2025-12-01,0.327291372313884,0.327291372313884,0.327291372313884
Manipur,Bishnupur,2025-03-01,-0.03735959098901444,-0.03735959098901444,-0.03735959098901444
Manipur,Bishnupur,2025-04-01,-0.34308154059237866,-0.34308154059237866,-0.34308154059237866
Manipur,Bishnupur,2025-05-01,0.44848170694137324,0.44848170694137324,0.44848170694137324
Manipur,Bishnupur,2025-06-01,-0.8188354628974653,-0.8188354628974653,-0.8188354628974653
Manipur,Bishnupur,2025-07-01,0.2140314498971952,0.2140314498971952,0.2140314498971952
Manipur,Bishnupur,2025-09-01,0.6728455265101695,0.6728455265101695,0.6728455265101695
Manipur,Bishnupur,2025-10-01,-0.11604194357088896,-0.11604194357088896,-0.11604194357088896
Manipur,Bishnupur,2025-11-01,0.10428130057862925,0.10428130057862925,0.10428130057862925
Manipur,Bishnupur,2025-12-01,-0.43832044626696987,-0.43832044626696987,-0.43832044626696987
Manipur,Chandel,2025-03-01,-0.21227945215565666,-0.21227945215565666,-0.21227945215565666
Manipur,Chandel,2025-04-01,-0.4238811228744473,-0.4238811228744473,-0.4238811228744473
Manipur,Chandel,2025-05-01,-0.47964179407525764,-0.47964179407525764,-0.47964179407525764
Manipur,Chandel,2025-06-01,-0.514702934776251,-0.514702934776251,-0.514702934776251
Manipur,Chandel,2025-07-01,-0.3147319499732134,-0.3147319499732134,-0.3147319499732134
Manipur,Chandel,2025-09-01,0.43723410986771,0.43723410986771,0.43723410986771
Manipur,Chandel,2025-10-01,-0.5260449460964703,-0.5260449460964703,-0.5260449460964703
Manipur,Chandel,2025-11-01,-0.0943308768361479,-0.0943308768361479,-0.0943308768361479
Manipur,Chandel,2025-12-01,-0.506964626043379,-0.506964626043379,-0.506964626043379
Manipur,Churachandpur,2025-03-01,-0.006216350206663501,-0.006216350206663501,-0.006216350206663501
Manipur,Churachandpur,2025-04-01,0.48454185492091884,0.48454185492091884,0.48454185492091884
Manipur,Churachandpur,2025-05-01,-0.7502353459273008,-0.7502353459273008,-0.7502353459273008
Manipur,Churachandpur,2025-06-01,0.4458006656601543,0.4458006656601543,0.4458006656601543
Manipur,Churachandpur,2025-07-01,0.4623132858090927,0.4623132858090927,0.4623132858090927
Manipur,Churachandpur,2025-09-01,-0.5168989083936124,-0.5168989083936124,-0.5168989083936124
Manipur,Churachandpur,2025-10-01,-0.2697684380326647,-0.2697684380326647,-0.2697684380326647
Manipur,Churachandpur,2025-11-01,-0.13496081011206376,-0.13496081011206376,-0.13496081011206376
Manipur,Churachandpur,2025-12-01,-0.41148419969583067,-0.41148419969583067,-0.41148419969583067
Manipur,Imphal East,2025-03-01,-0.035747297368705855,-0.035747297368705855,-0.035747297368705855
Manipur,Imphal East,2025-04-01,-0.20153034044298174,-0.20153034044298174,-0.20153034044298174
Manipur,Imphal East,2025-05-01,-0.20326216243260087,-0.20326216243260087,-0.20326216243260087
Manipur,Imphal East,2025-06-01,-0.3149818071685396,-0.3149818071685396,-0.3149818071685396
Manipur,Imphal East,2025-07-01,0.7217464670229207,0.7217464670229207,0.7217464670229207
Manipur,Imphal East,2025-09-01,0.6791541761112649,0.6791541761112649,0.6791541761112649
Manipur,Imphal East,2025-10-01,-0.04700481691539704,-0.04700481691539704,-0.04700481691539704
Manipur,Imphal East,2025-11-01,0.18568124615404352,0.18568124615404352,0.18568124615404352
Manipur,Imphal East,2025-12-01,-0.14749821193886303,-0.14749821193886303,-0.14749821193886303
Manipur,Imphal West,2025-03-01,0.0765890552256772,0.0765890552256772,0.0765890552256772
Manipur,Imphal West,2025-04-01,-0.20692618328522344,-0.20692618328522344,-0.20692618328522344
Manipur,Imphal West,2025-05-01,0.5518947331545346,0.5518947331545346,0.5518947331545346
Manipur,Imphal West,2025-06-01,-0.6595156100058115,-0.6595156100058115,-0.6595156100058115
Manipur,Imphal West,2025-07-01,0.5977441313862225,0.5977441313862225,0.5977441313862225
Manipur,Imphal West,2025-09-01,0.708467316204455,0.708467316204455,0.708467316204455
Manipur,Imphal West,2025-10-01,-0.15492753901737039,-0.15492753901737039,-0.15492753901737039
Manipur,Imphal West,2025-11-01,0.3714190359405381,0.3714190359405381,0.3714190359405381
Manipur,Imphal West,2025-12-01,-0.1985647660882039,-0.1985647660882039,-0.1985647660882039
Manipur,Jiribam,2025-03-01,-0.5275826311093762,-0.5275826311093762,-0.5275826311093762
Manipur,Jiribam,2025-04-01,-0.5933122112669814,-0.5933122112669814,-0.5933122112669814
Manipur,Jiribam,2025-05-01,-0.6251778876951617,-0.6251778876951617,-0.6251778876951617
Manipur,Jiribam,2025-06-01,-0.7194610610922132,-0.7194610610922132,-0.7194610610922132
Manipur,Jiribam,2025-07-01,-0.5218613351221663,-0.5218613351221663,-0.5218613351221663
Manipur,Jiribam,2025-09-01,0.2714202336511664,0.2714202336511664,0.2714202336511664
Manipur,Jiribam,2025-10-01,-0.3843483771693547,-0.3843483771693547,-0.3843483771693547
Manipur,Jiribam,2025-11-01,-0.6130846308707835,-0.6130846308707835,-0.6130846308707835
Manipur,Jiribam,2025-12-01,-0.8273153111386786,-0.8273153111386786,-0.8273153111386786
Manipur,Kakching,2025-03-01,-0.8042664138888913,-0.8042664138888913,-0.8042664138888913
Manipur,Kakching,2025-04-01,-0.7442014956521548,-0.7442014956521548,-0.7442014956521548
Manipur,Kakching,2025-05-01,-0.7216558824433987,-0.7216558824433987,-0.7216558824433987
Manipur,Kakching,2025-06-01,-0.7848309095880317,-0.7848309095880317,-0.7848309095880317
Manipur,Kakching,2025-07-01,-0.44334501243292984,-0.44334501243292984,-0.44334501243292984
Manipur,Kakching,2025-09-01,0.4311449124200604,0.4311449124200604,0.4311449124200604
Manipur,Kakching,2025-10-01,-0.5765881188855476,-0.5765881188855476,-0.5765881188855476
Manipur,Kakching,2025-11-01,-0.32556824224066483,-0.32556824224066483,-0.32556824224066483
Manipur,Kakching,2025-12-01,-0.6646131449761324,-0.6646131449761324,-0.6646131449761324
Manipur,Kangpokpi,2025-12-01,-1.2505973909566597,-1.2505973909566597,-1.2505973909566597
Manipur,Pherzawl,2025-09-01,-1.1149031174101287,-1.1149031174101287,-1.1149031174101287
Manipur,Pherzawl,2025-10-01,-1.1987805155263,-1.1987805155263,-1.1987805155263
Manipur,Pherzawl,2025-11-01,-0.9206524294864575,-0.9206524294864575,-0.9206524294864575
Manipur,Pherzawl,2025-12-01,-0.405794829296932,-0.405794829296932,-0.405794829296932
Manipur,Senapati,2025-03-01,-0.040376433239769534,-0.040376433239769534,-0.040376433239769534
Manipur,Senapati,2025-04-01,-0.2638975352765707,-0.2638975352765707,-0.2638975352765707
Manipur,Senapati,2025-05-01,-0.2713941323721243,-0.2713941323721243,-0.2713941323721243
Manipur,Senapati,2025-06-01,-0.36103443025194437,-0.36103443025194437,-0.36103443025194437
Manipur,Senapati,2025-07-01,-0.016246714378767083,-0.016246714378767083,-0.016246714378767083
Manipur,Senapati,2025-09-01,0.5928940674300087,0.5928940674300087,0.5928940674300087
Manipur,Senapati,2025-10-01,-0.2576913602606666,-0.2576913602606666,-0.2576913602606666
Manipur,Senapati,2025-11-01,-0.05743898924525473,-0.05743898924525473,-0.05743898924525473
Manipur,Senapati,2025-12-01,-0.36206101997738743,-0.36206101997738743,-0.36206101997738743
Manipur,Tamenglong,2025-03-01,-0.25653451215330486,-0.25653451215330486,-0.25653451215330486
Manipur,Tamenglong,2025-04-01,-0.402801539057031,-0.402801539057031,-0.402801539057031
Manipur,Tamenglong,2025-05-01,-0.4586283671169232,-0.4586283671169232,-0.4586283671169232
Manipur,Tamenglong,2025-06-01,-0.5182468329192053,-0.5182468329192053,-0.5182468329192053
Manipur,Tamenglong,2025-07-01,-0.35864108637163883,-0.35864108637163883,-0.35864108637163883
Manipur,Tamenglong,2025-09-01,0.41867110913007477,0.41867110913007477,0.41867110913007477
Manipur,Tamenglong,2025-10-01,-0.2953272379980529,-0.2953272379980529,-0.2953272379980529
Manipur,Tamenglong,2025-11-01,-0.14284729831475698,-0.14284729831475698,-0.14284729831475698
Manipur,Tamenglong,2025-12-01,-0.5833812712564697,-0.5833812712564697,-0.5833812712564697
Manipur,Thoubal,2025-03-01,0.012279259982585125,0.012279259982585125,0.012279259982585125
Manipur,Thoubal,2025-04-01,-0.19493819135394136,-0.19493819135394136,-0.19493819135394136
Manipur,Thoubal,2025-05-01,-0.20230864008377203,-0.20230864008377203,-0.20230864008377203
Manipur,Thoubal,2025-06-01,-0.2830640925324594,-0.2830640925324594,-0.2830640925324594
Manipur,Thoubal,2025-07-01,0.617608871069112,0.617608871069112,0.617608871069112
Manipur,Thoubal,2025-09-01,0.7624473995978747,0.7624473995978747,0.7624473995978747
Manipur,Thoubal,2025-10-01,-0.12449260780653452,-0.12449260780653452,-0.12449260780653452
Manipur,Thoubal,2025-11-01,0.29889060023018466,0.29889060023018466,0.29889060023018466
Manipur,Thoubal,2025-12-01,-0.1409062247641361,-0.1409062247641361,-0.1409062247641361
Manipur,Ukhrul,2025-03-01,-0.1449440409427402,-0.1449440409427402,-0.1449440409427402
Manipur,Ukhrul,2025-04-01,-0.35834360835304513,-0.35834360835304513,-0.35834360835304513
Manipur,Ukhrul,2025-05-01,-0.3930749640768026,-0.3930749640768026,-0.3930749640768026
Manipur,Ukhrul,2025-06-01,-0.4437847093918472,-0.4437847093918472,-0.4437847093918472
Manipur,Ukhrul,2025-07-01,-0.16342589765746707,-0.16342589765746707,-0.16342589765746707
Manipur,Ukhrul,2025-09-01,0.480015170937695,0.480015170937695,0.480015170937695
Manipur,Ukhrul,2025-10-01,-0.3371445563258356,-0.3371445563258356,-0.3371445563258356
Manipur,Ukhrul,2025-11-01,0.06252407401354099,0.06252407401354099,0.06252407401354099
Manipur,Ukhrul,2025-12-01,-0.5938028750187572,-0.5938028750187572,-0.5938028750187572
Meghalaya,East Garo Hills,2025-03-01,-0.16267017576086704,-0.16267017576086704,-0.16267017576086704
Meghalaya,East Garo Hills,2025-04-01,0.25411354433705274,0.25411354433705274,0.25411354433705274
Meghalaya,East Garo Hills,2025-05-01,-0.7654732933975643,-0.7654732933975643,-0.7654732933975643
Meghalaya,East Garo Hills,2025-06-01,-0.5904277782961119,-0.5904277782961119,-0.5904277782961119
Meghalaya,East Garo Hills,2025-07-01,-0.4915306487743029,-0.4915306487743029,-0.4915306487743029
Meghalaya,East Garo Hills,2025-09-01,-0.4514106804811847,-0.4514106804811847,-0.4514106804811847
Meghalaya,East Garo Hills,2025-10-01,-0.754604082607435,-0.754604082607435,-0.754604082607435
Meghalaya,East Garo Hills,2025-11-01,-0.4780611346167434,-0.4780611346167434,-0.4780611346167434
Meghalaya,East Garo Hills,2025-12-01,-0.8677730758413061,-0.8677730758413061,-0.8677730758413061
Meghalaya,East Jaintia Hills,2025-03-01,-0.33027035652973363,-0.33027035652973363,-0.33027035652973363
Meghalaya,East Jaintia Hills,2025-04-01,0.21665261365831623,0.21665261365831623,0.21665261365831623
Meghalaya,East Jaintia Hills,2025-05-01,-0.8653867487389204,-0.8653867487389204,-0.8653867487389204
Meghalaya,East Jaintia Hills,2025-06-01,-0.578742056246756,-0.578742056246756,-0.578742056246756
Meghalaya,East Jaintia Hills,2025-07-01,-0.3377264231438924,-0.3377264231438924,-0.3377264231438924
Meghalaya,East Jaintia Hills,2025-09-01,-0.7222232002804756,-0.7222232002804756,-0.7222232002804756
Meghalaya,East Jaintia Hills,2025-10-01,-0.6240805401942037,-0.6240805401942037,-0.6240805401942037
Meghalaya,East Jaintia Hills,2025-11-01,-0.4398184965757573,-0.4398184965757573,-0.4398184965757573
Meghalaya,East Jaintia Hills,2025-12-01,-0.8103296441200771,-0.8103296441200771,-0.8103296441200771
Meghalaya,East Khasi Hills,2025-03-01,-0.11534294241747205,-0.11534294241747205,-0.11534294241747205
Meghalaya,East Khasi Hills,2025-04-01,0.5687555185198035,0.5687555185198035,0.5687555185198035
Meghalaya,East Khasi Hills,2025-05-01,-0.4467620144752277,-0.4467620144752277,-0.4467620144752277
Meghalaya,East Khasi Hills,2025-06-01,-0.4919090846016885,-0.4919090846016885,-0.4919090846016885
Meghalaya,East Khasi Hills,2025-07-01,0.1942398924713721,0.1942398924713721,0.1942398924713721
Meghalaya,East Khasi Hills,2025-09-01,-0.4567620294634095,-0.4567620294634095,-0.4567620294634095
Meghalaya,East Khasi Hills,2025-10-01,-0.3815951577247102,-0.3815951577247102,-0.3815951577247102
Meghalaya,East Khasi Hills,2025-11-01,-0.0773419095840873,-0.0773419095840873,-0.0773419095840873
Meghalaya,East Khasi Hills,2025-12-01,-0.5185498768585867,-0.5185498768585867,-0.5185498768585867
Meghalaya,Eastern West Khasi Hills,2025-09-01,-0.744235144543152,-0.744235144543152,-0.744235144543152
Meghalaya,Eastern West Khasi Hills,2025-10-01,-1.0272737549990818,-1.0272737549990818,-1.0272737549990818
Meghalaya,Eastern West Khasi Hills,2025-11-01,-0.9629968703100107,-0.9629968703100107,-0.9629968703100107
Meghalaya,Eastern West Khasi Hills,2025-12-01,0.02128061193668125,0.02128061193668125,0.02128061193668125
Meghalaya,Jaintia Hills,2025-09-01,-1.0544607878245875,-1.0544607878245875,-1.0544607878245875
Meghalaya,Jaintia Hills,2025-10-01,-0.2868100618480624,-0.2868100618480624,-0.2868100618480624
Meghalaya,Jaintia Hills,2025-11-01,-1.5816227804865113,-1.5816227804865113,-1.5816227804865113
Meghalaya,Jaintia Hills,2025-12-01,-1.2175098998042315,-1.2175098998042315,-1.2175098998042315
Meghalaya,Kamrup,2025-07-01,-1.4561398397879861,-1.4561398397879861,-1.4561398397879861
Meghalaya,North Garo Hills,2025-03-01,-0.32350202483025847,-0.32350202483025847,-0.32350202483025847
Meghalaya,North Garo Hills,2025-04-01,0.16287379084953296,0.16287379084953296,0.16287379084953296
Meghalaya,North Garo Hills,2025-05-01,-1.0399225831384231,-1.0399225831384231,-1.0399225831384231
Meghalaya,North Garo Hills,2025-06-01,-1.198866299466535,-1.198866299466535,-1.198866299466535
Meghalaya,North Garo Hills,2025-07-01,0.11543159746392417,0.11543159746392417,0.11543159746392417
Meghalaya,North Garo Hills,2025-09-01,-0.01898771022559105,-0.01898771022559105,-0.01898771022559105
Meghalaya,North Garo Hills,2025-10-01,-0.7846843176158049,-0.7846843176158049,-0.7846843176158049
Meghalaya,North Garo Hills,2025-11-01,-0.3907391533646114,-0.3907391533646114,-0.3907391533646114
Meghalaya,North Garo Hills,2025-12-01,-0.5520277867589551,-0.5520277867589551,-0.5520277867589551
Meghalaya,Ri Bhoi,2025-03-01,-0.23223465786320024,-0.23223465786320024,-0.23223465786320024
Meghalaya,Ri Bhoi,2025-04-01,0.27723063020693867,0.27723063020693867,0.27723063020693867
Meghalaya,Ri Bhoi,2025-05-01,-0.6806482120374705,-0.6806482120374705,-0.6806482120374705
Meghalaya,Ri Bhoi,2025-06-01,-0.8057934130220968,-0.8057934130220968,-0.8057934130220968
Meghalaya,Ri Bhoi,2025-07-01,0.30830902987920855,0.30830902987920855,0.30830902987920855
Meghalaya,Ri Bhoi,2025-09-01,-0.5780747076905917,-0.5780747076905917,-0.5780747076905917
Meghalaya,Ri Bhoi,2025-10-01,-0.5063248654650022,-0.5063248654650022,-0.5063248654650022
Meghalaya,Ri Bhoi,2025-11-01,-0.20367853077242593,-0.20367853077242593,-0.20367853077242593
Meghalaya,Ri Bhoi,2025-12-01,-0.7006176445009812,-0.7006176445009812,-0.7006176445009812
Meghalaya,South Garo Hills,2025-03-01,-0.2546439097072137,-0.2546439097072137,-0.2546439097072137
Meghalaya,South Garo Hills,2025-04-01,0.20692359824662349,0.20692359824662349,0.20692359824662349
Meghalaya,South Garo Hills,2025-05-01,-0.8990056072366116,-0.8990056072366116,-0.8990056072366116
Meghalaya,South Garo Hills,2025-06-01,-0.8532402466130268,-0.8532402466130268,-0.8532402466130268
Meghalaya,South Garo Hills,2025-07-01,-0.8031456694350383,-0.8031456694350383,-0.8031456694350383
Meghalaya,South Garo Hills,2025-09-01,-0.27303305527956917,-0.27303305527956917,-0.27303305527956917
Meghalaya,South Garo Hills,2025-10-01,-0.7830380631739974,-0.7830380631739974,-0.7830380631739974
Meghalaya,South Garo Hills,2025-11-01,-0.43953307723359875,-0.43953307723359875,-0.43953307723359875
Meghalaya,South Garo Hills,2025-12-01,-0.9449518085547715,-0.9449518085547715,-0.9449518085547715
Meghalaya,South West Garo Hills,2025-03-01,-0.11837022418579245,-0.11837022418579245,-0.11837022418579245
Meghalaya,South West Garo Hills,2025-04-01,0.31937030741693023,0.31937030741693023,0.31937030741693023
Meghalaya,South West Garo Hills,2025-05-01,-0.7564933838286225,-0.7564933838286225,-0.7564933838286225
Meghalaya,South West Garo Hills,2025-06-01,-0.6513539602995534,-0.6513539602995534,-0.6513539602995534
Meghalaya,South West Garo Hills,2025-07-01,-0.38485676389010576,-0.38485676389010576,-0.38485676389010576
Meghalaya,South West Garo Hills,2025-09-01,-0.5106648865553076,-0.5106648865553076,-0.5106648865553076
Meghalaya,South West Garo Hills,2025-10-01,-0.5956341873729173,-0.5956341873729173,-0.5956341873729173
Meghalaya,South West Garo Hills,2025-11-01,-0.4223882797668858,-0.4223882797668858,-0.4223882797668858
Meghalaya,South West Garo Hills,2025-12-01,-0.7482418511252259,-0.7482418511252259,-0.7482418511252259
Meghalaya,South West Khasi Hills,2025-03-01,-0.14562323827663554,-0.14562323827663554,-0.14562323827663554
Meghalaya,South West Khasi Hills,2025-04-01,0.26271837530627945,0.26271837530627945,0.26271837530627945
Meghalaya,South West Khasi Hills,2025-05-01,-0.7329067753698267,-0.7329067753698267,-0.7329067753698267
Meghalaya,South West Khasi Hills,2025-06-01,-0.788624241704894,-0.788624241704894,-0.788624241704894
Meghalaya,South West Khasi Hills,2025-07-01,-0.20075172700353658,-0.20075172700353658,-0.20075172700353658
Meghalaya,South West Khasi Hills,2025-09-01,-0.7447350971989872,-0.7447350971989872,-0.7447350971989872
Meghalaya,South West Khasi Hills,2025-10-01,-0.6238451117466587,-0.6238451117466587,-0.6238451117466587
Meghalaya,South West Khasi Hills,2025-11-01,-0.06366263783194312,-0.06366263783194312,-0.06366263783194312
Meghalaya,South West Khasi Hills,2025-12-01,-0.8739231754020582,-0.8739231754020582,-0.8739231754020582
Meghalaya,West Garo Hills,2025-03-01,0.18461056879763277,0.18461056879763277,0.18461056879763277
Meghalaya,West Garo Hills,2025-04-01,0.6108666248442769,0.6108666248442769,0.6108666248442769
Meghalaya,West Garo Hills,2025-05-01,-0.3469785208413121,-0.3469785208413121,-0.3469785208413121
Meghalaya,West Garo Hills,2025-06-01,-0.16682848771130337,-0.16682848771130337,-0.16682848771130337
Meghalaya,West Garo Hills,2025-07-01,0.18992196354606036,0.18992196354606036,0.18992196354606036
Meghalaya,West Garo Hills,2025-09-01,-0.4933808528172364,-0.4933808528172364,-0.4933808528172364
Meghalaya,West Garo Hills,2025-10-01,-0.35369238656606106,-0.35369238656606106,-0.35369238656606106
Meghalaya,West Garo Hills,2025-11-01,-0.16608015987107455,-0.16608015987107455,-0.16608015987107455
Meghalaya,West Garo Hills,2025-12-01,-0.5737109011718055,-0.5737109011718055,-0.5737109011718055
Meghalaya,West Jaintia Hills,2025-03-01,-0.1979848401768461,-0.1979848401768461,-0.1979848401768461
Meghalaya,West Jaintia Hills,2025-04-01,0.3713027562936013,0.3713027562936013,0.3713027562936013
Meghalaya,West Jaintia Hills,2025-05-01,-0.6028409283220275,-0.6028409283220275,-0.6028409283220275
Meghalaya,West Jaintia Hills,2025-06-01,-0.5919896693775076,-0.5919896693775076,-0.5919896693775076
Meghalaya,West Jaintia Hills,2025-07-01,-0.3968279877467217,-0.3968279877467217,-0.3968279877467217
Meghalaya,West Jaintia Hills,2025-09-01,-0.5755217451274389,-0.5755217451274389,-0.5755217451274389
Meghalaya,West Jaintia Hills,2025-10-01,-0.6139620580618156,-0.6139620580618156,-0.6139620580618156
Meghalaya,West Jaintia Hills,2025-11-01,-0.27582058202023896,-0.27582058202023896,-0.27582058202023896
Meghalaya,West Jaintia Hills,2025-12-01,-0.5646455051570564,-0.5646455051570564,-0.5646455051570564
Meghalaya,West Khasi Hills,2025-03-01,-0.16688461372408722,-0.16688461372408722,-0.16688461372408722
Meghalaya,West Khasi Hills,2025-04-01,0.38092871109622567,0.38092871109622567,0.38092871109622567
Meghalaya,West Khasi Hills,2025-05-01,-0.6836656663607535,-0.6836656663607535,-0.6836656663607535
Meghalaya,West Khasi Hills,2025-06-01,-0.5324193370017716,-0.5324193370017716,-0.5324193370017716
Meghalaya,West Khasi Hills,2025-07-01,-0.14293089833474432,-0.14293089833474432,-0.14293089833474432
Meghalaya,West Khasi Hills,2025-09-01,-0.5847565187639917,-0.5847565187639917,-0.5847565187639917
Meghalaya,West Khasi Hills,2025-10-01,-0.5143784970951832,-0.5143784970951832,-0.5143784970951832
Meghalaya,West Khasi Hills,2025-11-01,-0.47346799524733335,-0.47346799524733335,-0.47346799524733335
Meghalaya,West Khasi Hills,2025-12-01,-0.653225634872233,-0.653225634872233,-0.653225634872233
Mizoram,Aizawl,2025-03-01,0.6458243355724533,0.6458243355724533,0.6458243355724533
Mizoram,Aizawl,2025-04-01,0.008214222754623697,0.008214222754623697,0.008214222754623697
Mizoram,Aizawl,2025-05-01,-0.27505207248339314,-0.27505207248339314,-0.27505207248339314
Mizoram,Aizawl,2025-06-01,-0.22124173573748246,-0.22124173573748246,-0.22124173573748246
Mizoram,Aizawl,2025-07-01,-0.21436893719823752,-0.21436893719823752,-0.21436893719823752
Mizoram,Aizawl,2025-09-01,0.6259817142131687,0.6259817142131687,0.6259817142131687
Mizoram,Aizawl,2025-10-01,-0.2540346214245001,-0.2540346214245001,-0.2540346214245001
Mizoram,Aizawl,2025-11-01,-0.3040243591215145,-0.3040243591215145,-0.3040243591215145
Mizoram,Aizawl,2025-12-01,-0.5467919682710256,-0.5467919682710256,-0.5467919682710256
Mizoram,Champhai,2025-03-01,0.19329394733526395,0.19329394733526395,0.19329394733526395
Mizoram,Champhai,2025-04-01,0.5906594140419621,0.5906594140419621,0.5906594140419621
Mizoram,Champhai,2025-05-01,-0.8146775200076593,-0.8146775200076593,-0.8146775200076593
Mizoram,Champhai,2025-06-01,0.5302157189594555,0.5302157189594555,0.5302157189594555
Mizoram,Champhai,2025-07-01,-0.3166190568136217,-0.3166190568136217,-0.3166190568136217
Mizoram,Champhai,2025-09-01,-0.4170095030641812,-0.4170095030641812,-0.4170095030641812
Mizoram,Champhai,2025-10-01,-0.3703797114104582,-0.3703797114104582,-0.3703797114104582
Mizoram,Champhai,2025-11-01,-0.5726613939084061,-0.5726613939084061,-0.5726613939084061
Mizoram,Champhai,2025-12-01,-0.738982783742416,-0.738982783742416,-0.738982783742416
Mizoram,Hnahthial,2025-09-01,-1.004737154891692,-1.004737154891692,-1.004737154891692
Mizoram,Hnahthial,2025-10-01,-1.604486617703371,-1.604486617703371,-1.604486617703371
Mizoram,Hnahthial,2025-11-01,-0.2170053317119148,-0.2170053317119148,-0.2170053317119148
Mizoram,Hnahthial,2025-12-01,-1.3925579442769325,-1.3925579442769325,-1.3925579442769325
Mizoram,Khawzawl,2025-09-01,-1.0650275864927408,-1.0650275864927408,-1.0650275864927408
Mizoram,Khawzawl,2025-10-01,-0.2727258333932716,-0.2727258333932716,-0.2727258333932716
Mizoram,Khawzawl,2025-11-01,-1.3212637399233087,-1.3212637399233087,-1.3212637399233087
Mizoram,Khawzawl,2025-12-01,-1.5454330540691061,-1.5454330540691061,-1.5454330540691061
Mizoram,Kolasib,2025-03-01,-0.0018537925679745354,-0.0018537925679745354,-0.0018537925679745354
Mizoram,Kolasib,2025-04-01,-0.1532511146839877,-0.1532511146839877,-0.1532511146839877
Mizoram,Kolasib,2025-05-01,-0.38301229725712577,-0.38301229725712577,-0.38301229725712577
Mizoram,Kolasib,2025-06-01,-0.4491375348086579,-0.4491375348086579,-0.4491375348086579
Mizoram,Kolasib,2025-07-01,0.32179462992576485,0.32179462992576485,0.32179462992576485
Mizoram,Kolasib,2025-09-01,-0.5382977083195708,-0.5382977083195708,-0.5382977083195708
Mizoram,Kolasib,2025-10-01,-0.5445695861553655,-0.5445695861553655,-0.5445695861553655
Mizoram,Kolasib,2025-11-01,-0.5394107445317929,-0.5394107445317929,-0.5394107445317929
Mizoram,Kolasib,2025-12-01,-0.767833849671022,-0.767833849671022,-0.767833849671022
Mizoram,Lawngtlai,2025-03-01,-0.07544534855585472,-0.07544534855585472,-0.07544534855585472
Mizoram,Lawngtlai,2025-04-01,-0.14869922990653606,-0.14869922990653606,-0.14869922990653606
Mizoram,Lawngtlai,2025-05-01,0.4134940537194632,0.4134940537194632,0.4134940537194632
Mizoram,Lawngtlai,2025-06-01,-0.535168679472523,-0.535168679472523,-0.535168679472523
Mizoram,Lawngtlai,2025-07-01,-0.04040786460926302,-0.04040786460926302,-0.04040786460926302
Mizoram,Lawngtlai,2025-09-01,-0.4435739257184884,-0.4435739257184884,-0.4435739257184884
Mizoram,Lawngtlai,2025-10-01,-0.7513029391337164,-0.7513029391337164,-0.7513029391337164
Mizoram,Lawngtlai,2025-11-01,-0.08325127089897462,-0.08325127089897462,-0.08325127089897462
Mizoram,Lawngtlai,2025-12-01,-0.1622751503178022,-0.1622751503178022,-0.1622751503178022
Mizoram,Lunglei,2025-03-01,0.1879664674982387,0.1879664674982387,0.1879664674982387
Mizoram,Lunglei,2025-04-01,-0.13982861651832484,-0.13982861651832484,-0.13982861651832484
Mizoram,Lunglei,2025-05-01,0.4691362437814709,0.4691362437814709,0.4691362437814709
Mizoram,Lunglei,2025-06-01,-0.818106584995667,-0.818106584995667,-0.818106584995667
Mizoram,Lunglei,2025-07-01,0.4848714106419063,0.4848714106419063,0.4848714106419063
Mizoram,Lunglei,2025-09-01,-0.529750552142174,-0.529750552142174,-0.529750552142174
Mizoram,Lunglei,2025-10-01,-0.4267553585418828,-0.4267553585418828,-0.4267553585418828
Mizoram,Lunglei,2025-11-01,-0.10789235714388558,-0.10789235714388558,-0.10789235714388558
Mizoram,Lunglei,2025-12-01,-0.7468688631594312,-0.7468688631594312,-0.7468688631594312
Mizoram,Mamit,2025-03-01,-0.013898784912168682,-0.013898784912168682,-0.013898784912168682
Mizoram,Mamit,2025-04-01,-0.18242017722235632,-0.18242017722235632,-0.18242017722235632
Mizoram,Mamit,2025-05-01,-0.4711123002241765,-0.4711123002241765,-0.4711123002241765
Mizoram,Mamit,2025-06-01,-0.501473027059704,-0.501473027059704,-0.501473027059704
Mizoram,Mamit,2025-07-01,-0.4791138994517045,-0.4791138994517045,-0.4791138994517045
Mizoram,Mamit,2025-09-01,0.3125295692052598,0.3125295692052598,0.3125295692052598
Mizoram,Mamit,2025-10-01,-0.539345272699689,-0.539345272699689,-0.539345272699689
Mizoram,Mamit,2025-11-01,-0.5750637085861048,-0.5750637085861048,-0.5750637085861048
Mizoram,Mamit,2025-12-01,-0.7654395021946634,-0.7654395021946634,-0.7654395021946634
Mizoram,Mammit,2025-03-01,-0.3277391073644811,-0.3277391073644811,-0.3277391073644811
Mizoram,Mammit,2025-04-01,-0.4409436565434467,-0.4409436565434467,-0.4409436565434467
Mizoram,Mammit,2025-05-01,-0.7183750459239622,-0.7183750459239622,-0.7183750459239622
Mizoram,Mammit,2025-06-01,-0.8100241505509356,-0.8100241505509356,-0.8100241505509356
Mizoram,Mammit,2025-07-01,-0.7391771225919515,-0.7391771225919515,-0.7391771225919515
Mizoram,Mammit,2025-09-01,0.16097403309358607,0.16097403309358607,0.16097403309358607
Mizoram,Mammit,2025-10-01,-0.4963017780568388,-0.4963017780568388,-0.4963017780568388
Mizoram,Mammit,2025-11-01,-0.7039202444076441,-0.7039202444076441,-0.7039202444076441
Mizoram,Mammit,2025-12-01,-0.884466531407819,-0.884466531407819,-0.884466531407819
Mizoram,Saiha,2025-03-01,-0.15062927642949328,-0.15062927642949328,-0.15062927642949328
Mizoram,Saiha,2025-04-01,-0.32831550083418576,-0.32831550083418576,-0.32831550083418576
Mizoram,Saiha,2025-05-01,0.2191556498908861,0.2191556498908861,0.2191556498908861
Mizoram,Saiha,2025-06-01,-1.0719592492433723,-1.0719592492433723,-1.0719592492433723
Mizoram,Saiha,2025-07-01,0.17716906950694122,0.17716906950694122,0.17716906950694122
Mizoram,Saiha,2025-09-01,-0.5404966802506012,-0.5404966802506012,-0.5404966802506012
Mizoram,Saiha,2025-10-01,-0.7191386494126655,-0.7191386494126655,-0.7191386494126655
Mizoram,Saiha,2025-11-01,-0.6350592832129969,-0.6350592832129969,-0.6350592832129969
Mizoram,Saiha,2025-12-01,-0.657816911016085,-0.657816911016085,-0.657816911016085
Mizoram,Saitual,2025-03-01,-0.9614620530129557,-0.9614620530129557,-0.9614620530129557
Mizoram,Saitual,2025-04-01,-0.9725063217886026,-0.9725063217886026,-0.9725063217886026
Mizoram,Saitual,2025-09-01,-0.09662687085584265,-0.09662687085584265,-0.09662687085584265
Mizoram,Saitual,2025-10-01,-0.14518797536125788,-0.14518797536125788,-0.14518797536125788
Mizoram,Saitual,2025-11-01,-1.1541032008328262,-1.1541032008328262,-1.1541032008328262
Mizoram,Saitual,2025-12-01,-0.9797097556252677,-0.9797097556252677,-0.9797097556252677
Mizoram,Serchhip,2025-03-01,-0.022210474436407574,-0.022210474436407574,-0.022210474436407574
Mizoram,Serchhip,2025-04-01,-0.3566838529605473,-0.3566838529605473,-0.3566838529605473
Mizoram,Serchhip,2025-05-01,-0.5289695174738698,-0.5289695174738698,-0.5289695174738698
Mizoram,Serchhip,2025-06-01,-0.5933122112669814,-0.5933122112669814,-0.5933122112669814
Mizoram,Serchhip,2025-07-01,-0.5467461389351393,-0.5467461389351393,-0.5467461389351393
Mizoram,Serchhip,2025-09-01,0.3898233870823175,0.3898233870823175,0.3898233870823175
Mizoram,Serchhip,2025-10-01,-0.7279047197767943,-0.7279047197767943,-0.7279047197767943
Mizoram,Serchhip,2025-11-01,-0.6242922126961523,-0.6242922126961523,-0.6242922126961523
Mizoram,Serchhip,2025-12-01,-0.8525095624631615,-0.8525095624631615,-0.8525095624631615
Nagaland,Chumukedima,2025-03-01,-0.5214857668978435,-0.5214857668978435,-0.5214857668978435
Nagaland,Chumukedima,2025-04-01,0.04040171538583254,0.04040171538583254,0.04040171538583254
Nagaland,Chumukedima,2025-05-01,-1.1345900267505553,-1.1345900267505553,-1.1345900267505553
Nagaland,Chumukedima,2025-06-01,-0.7194610610922132,-0.7194610610922132,-0.7194610610922132
Nagaland,Chumukedima,2025-07-01,-0.7589187250305295,-0.7589187250305295,-0.7589187250305295
Nagaland,Chumukedima,2025-09-01,0.1651116176180713,0.1651116176180713,0.1651116176180713
Nagaland,Chumukedima,2025-10-01,-0.7716242503898897,-0.7716242503898897,-0.7716242503898897
Nagaland,Chumukedima,2025-11-01,-0.2567920458571944,-0.2567920458571944,-0.2567920458571944
Nagaland,Chumukedima,2025-12-01,-0.8556979006726961,-0.8556979006726961,-0.8556979006726961
Nagaland,Dimapur,2025-03-01,-0.015402488169792467,-0.015402488169792467,-0.015402488169792467
Nagaland,Dimapur,2025-04-01,0.5582698019033823,0.5582698019033823,0.5582698019033823
Nagaland,Dimapur,2025-05-01,-0.4992660623806003,-0.4992660623806003,-0.4992660623806003
Nagaland,Dimapur,2025-06-01,-0.2983173930678249,-0.2983173930678249,-0.2983173930678249
Nagaland,Dimapur,2025-07-01,0.16757070882278002,0.16757070882278002,0.16757070882278002
Nagaland,Dimapur,2025-09-01,-0.48840905571517723,-0.48840905571517723,-0.48840905571517723
Nagaland,Dimapur,2025-10-01,-0.38221993976076063,-0.38221993976076063,-0.38221993976076063
Nagaland,Dimapur,2025-11-01,-0.25907038021219,-0.25907038021219,-0.25907038021219
Nagaland,Dimapur,2025-12-01,-0.48683793788227114,-0.48683793788227114,-0.48683793788227114
Nagaland,Kiphire,2025-03-01,-0.35987751722935224,-0.35987751722935224,-0.35987751722935224
Nagaland,Kiphire,2025-04-01,-0.461014095815514,-0.461014095815514,-0.461014095815514
Nagaland,Kiphire,2025-05-01,-0.4539418948088167,-0.4539418948088167,-0.4539418948088167
Nagaland,Kiphire,2025-06-01,-0.5557511006363203,-0.5557511006363203,-0.5557511006363203
Nagaland,Kiphire,2025-07-01,0.2871458673845865,0.2871458673845865,0.2871458673845865
Nagaland,Kiphire,2025-09-01,-0.6148509982868114,-0.6148509982868114,-0.6148509982868114
Nagaland,Kiphire,2025-10-01,-0.41193411466550195,-0.41193411466550195,-0.41193411466550195
Nagaland,Kiphire,2025-11-01,-0.6610621046509008,-0.6610621046509008,-0.6610621046509008
Nagaland,Kiphire,2025-12-01,-0.8753639525583014,-0.8753639525583014,-0.8753639525583014
Nagaland,Kohima,2025-03-01,-0.18197758790276883,-0.18197758790276883,-0.18197758790276883
Nagaland,Kohima,2025-04-01,0.47957501082497894,0.47957501082497894,0.47957501082497894
Nagaland,Kohima,2025-05-01,-0.7022651946896433,-0.7022651946896433,-0.7022651946896433
Nagaland,Kohima,2025-06-01,-0.32950246857799864,-0.32950246857799864,-0.32950246857799864
Nagaland,Kohima,2025-07-01,0.5034169318742988,0.5034169318742988,0.5034169318742988
Nagaland,Kohima,2025-09-01,-0.05961614951944149,-0.05961614951944149,-0.05961614951944149
Nagaland,Kohima,2025-10-01,-0.5411343492619464,-0.5411343492619464,-0.5411343492619464
Nagaland,Kohima,2025-11-01,-0.529946494544203,-0.529946494544203,-0.529946494544203
Nagaland,Kohima,2025-12-01,-0.6661823189988433,-0.6661823189988433,-0.6661823189988433
Nagaland,Longleng,2025-03-01,-0.5205386050601256,-0.5205386050601256,-0.5205386050601256
Nagaland,Longleng,2025-04-01,0.24085796270952142,0.24085796270952142,0.24085796270952142
Nagaland,Longleng,2025-05-01,-1.0356186809356758,-1.0356186809356758,-1.0356186809356758
Nagaland,Longleng,2025-06-01,-0.5275937350071362,-0.5275937350071362,-0.5275937350071362
Nagaland,Longleng,2025-07-01,0.2880610473665309,0.2880610473665309,0.2880610473665309
Nagaland,Longleng,2025-09-01,-0.8765751161982932,-0.8765751161982932,-0.8765751161982932
Nagaland,Longleng,2025-10-01,-0.9123493423411614,-0.9123493423411614,-0.9123493423411614
Nagaland,Longleng,2025-11-01,-0.4897106850525967,-0.4897106850525967,-0.4897106850525967
Nagaland,Longleng,2025-12-01,-0.8291747008128834,-0.8291747008128834,-0.8291747008128834
Nagaland,Meluri,2025-09-01,-0.7117655096481446,-0.7117655096481446,-0.7117655096481446
Nagaland,Meluri,2025-10-01,-0.6974023764432526,-0.6974023764432526,-0.6974023764432526
Nagaland,Meluri,2025-11-01,-0.3115844147606113,-0.3115844147606113,-0.3115844147606113
Nagaland,Meluri,2025-12-01,-1.009604867440685,-1.009604867440685,-1.009604867440685
Nagaland,Mokokchung,2025-03-01,-0.3318385963046125,-0.3318385963046125,-0.3318385963046125
Nagaland,Mokokchung,2025-04-01,-0.370389209284616,-0.370389209284616,-0.370389209284616
Nagaland,Mokokchung,2025-05-01,-0.33851838293049774,-0.33851838293049774,-0.33851838293049774
Nagaland,Mokokchung,2025-06-01,-0.4187520940969306,-0.4187520940969306,-0.4187520940969306
Nagaland,Mokokchung,2025-07-01,0.4000770214083532,0.4000770214083532,0.4000770214083532
Nagaland,Mokokchung,2025-09-01,-0.5278715061309381,-0.5278715061309381,-0.5278715061309381
Nagaland,Mokokchung,2025-10-01,-0.596045312122524,-0.596045312122524,-0.596045312122524
Nagaland,Mokokchung,2025-11-01,-0.5245978357077746,-0.5245978357077746,-0.5245978357077746
Nagaland,Mokokchung,2025-12-01,-0.6338287107091851,-0.6338287107091851,-0.6338287107091851
Nagaland,Mon,2025-03-01,-0.17400935158223524,-0.17400935158223524,-0.17400935158223524
Nagaland,Mon,2025-04-01,-0.29651002068884325,-0.29651002068884325,-0.29651002068884325
Nagaland,Mon,2025-05-01,-0.34085859873017865,-0.34085859873017865,-0.34085859873017865
Nagaland,Mon,2025-06-01,0.46295761214743086,0.46295761214743086,0.46295761214743086
Nagaland,Mon,2025-07-01,0.5075233447794849,0.5075233447794849,0.5075233447794849
Nagaland,Mon,2025-09-01,-0.5933233101755254,-0.5933233101755254,-0.5933233101755254
Nagaland,Mon,2025-10-01,-0.29877732832491394,-0.29877732832491394,-0.29877732832491394
Nagaland,Mon,2025-11-01,-0.46540456943970554,-0.46540456943970554,-0.46540456943970554
Nagaland,Mon,2025-12-01,-0.6533775902688598,-0.6533775902688598,-0.6533775902688598
Nagaland,Niuland,2025-03-01,-0.6551091628815622,-0.6551091628815622,-0.6551091628815622
Nagaland,Niuland,2025-04-01,-0.7881866651900089,-0.7881866651900089,-0.7881866651900089
Nagaland,Niuland,2025-05-01,-0.8906224531572423,-0.8906224531572423,-0.8906224531572423
Nagaland,Niuland,2025-09-01,-0.016401771767192305,-0.016401771767192305,-0.016401771767192305
Nagaland,Niuland,2025-10-01,-0.9455859188236563,-0.9455859188236563,-0.9455859188236563
Nagaland,Niuland,2025-11-01,-1.1112082523335698,-1.1112082523335698,-1.1112082523335698
Nagaland,Niuland,2025-12-01,-1.0470246098064,-1.0470246098064,-1.0470246098064
Nagaland,Noklak,2025-03-01,-0.8119925454416658,-0.8119925454416658,-0.8119925454416658
Nagaland,Noklak,2025-04-01,0.0483183628746048,0.0483183628746048,0.0483183628746048
Nagaland,Noklak,2025-05-01,-1.1519813149423523,-1.1519813149423523,-1.1519813149423523
Nagaland,Noklak,2025-06-01,-0.7660995824640536,-0.7660995824640536,-0.7660995824640536
Nagaland,Noklak,2025-07-01,-0.7736300465496004,-0.7736300465496004,-0.7736300465496004
Nagaland,Noklak,2025-09-01,0.10219851430959116,0.10219851430959116,0.10219851430959116
Nagaland,Noklak,2025-10-01,0.06646964478680167,0.06646964478680167,0.06646964478680167
Nagaland,Noklak,2025-11-01,-0.5739671939638107,-0.5739671939638107,-0.5739671939638107
Nagaland,Noklak,2025-12-01,-0.9669574787469829,-0.9669574787469829,-0.9669574787469829
Nagaland,Peren,2025-03-01,-0.36528408494959635,-0.36528408494959635,-0.36528408494959635
Nagaland,Peren,2025-04-01,0.33266231749884845,0.33266231749884845,0.33266231749884845
Nagaland,Peren,2025-05-01,-0.6823910499240282,-0.6823910499240282,-0.6823910499240282
Nagaland,Peren,2025-06-01,-0.6713936431077965,-0.6713936431077965,-0.6713936431077965
Nagaland,Peren,2025-07-01,-0.6182945828137358,-0.6182945828137358,-0.6182945828137358
Nagaland,Peren,2025-09-01,-0.4973458809674905,-0.4973458809674905,-0.4973458809674905
Nagaland,Peren,2025-10-01,-0.6250035466016669,-0.6250035466016669,-0.6250035466016669
Nagaland,Peren,2025-11-01,-0.7552022170252155,-0.7552022170252155,-0.7552022170252155
Nagaland,Peren,2025-12-01,-0.822942047824858,-0.822942047824858,-0.822942047824858
Nagaland,Phek,2025-03-01,-0.2749923436854408,-0.2749923436854408,-0.2749923436854408
Nagaland,Phek,2025-04-01,0.4700528451189351,0.4700528451189351,0.4700528451189351
Nagaland,Phek,2025-05-01,-0.7744692140583069,-0.7744692140583069,-0.7744692140583069
Nagaland,Phek,2025-06-01,-0.4683510954355366,-0.4683510954355366,-0.4683510954355366
Nagaland,Phek,2025-07-01,-0.3948116429608746,-0.3948116429608746,-0.3948116429608746
Nagaland,Phek,2025-09-01,0.41484430493554414,0.41484430493554414,0.41484430493554414
Nagaland,Phek,2025-10-01,-0.5063018905105809,-0.5063018905105809,-0.5063018905105809
Nagaland,Phek,2025-11-01,-0.5557798390650921,-0.5557798390650921,-0.5557798390650921
Nagaland,Phek,2025-12-01,-0.8399290232901468,-0.8399290232901468,-0.8399290232901468
Nagaland,Shamator,2025-07-01,-0.8287249787758211,-0.8287249787758211,-0.8287249787758211
Nagaland,Shamator,2025-09-01,0.09883605824419364,0.09883605824419364,0.09883605824419364
Nagaland,Shamator,2025-10-01,-1.099320764190459,-1.099320764190459,-1.099320764190459
Nagaland,Shamator,2025-11-01,-0.7689585095723621,-0.7689585095723621,-0.7689585095723621
Nagaland,Shamator,2025-12-01,-0.8580604783229195,-0.8580604783229195,-0.8580604783229195
Nagaland,Tseminyu,2025-03-01,-0.847522730654459,-0.847522730654459,-0.847522730654459
Nagaland,Tseminyu,2025-05-01,-0.8139865977139493,-0.8139865977139493,-0.8139865977139493
Nagaland,Tseminyu,2025-09-01,-0.16338083815115506,-0.16338083815115506,-0.16338083815115506
Nagaland,Tseminyu,2025-10-01,-0.821162930023182,-0.821162930023182,-0.821162930023182
Nagaland,Tseminyu,2025-11-01,-0.9295920872304184,-0.9295920872304184,-0.9295920872304184
Nagaland,Tseminyu,2025-12-01,-1.2367221364272212,-1.2367221364272212,-1.2367221364272212
Nagaland,Tuensang,2025-03-01,-0.24212756190459378,-0.24212756190459378,-0.24212756190459378
Nagaland,Tuensang,2025-04-01,0.4179993648707115,0.4179993648707115,0.4179993648707115
Nagaland,Tuensang,2025-05-01,-0.7206511207053287,-0.7206511207053287,-0.7206511207053287
Nagaland,Tuensang,2025-06-01,-0.36976415530016293,-0.36976415530016293,-0.36976415530016293
Nagaland,Tuensang,2025-07-01,0.4338227373340372,0.4338227373340372,0.4338227373340372
Nagaland,Tuensang,2025-09-01,-0.629508775638199,-0.629508775638199,-0.629508775638199
Nagaland,Tuensang,2025-10-01,-0.40990637319029133,-0.40990637319029133,-0.40990637319029133
Nagaland,Tuensang,2025-11-01,-0.46816363679104317,-0.46816363679104317,-0.46816363679104317
Nagaland,Tuensang,2025-12-01,-0.6946693304892597,-0.6946693304892597,-0.6946693304892597
Nagaland,Wokha,2025-03-01,-0.23089766043823073,-0.23089766043823073,-0.23089766043823073
Nagaland,Wokha,2025-04-01,-0.38981237773114835,-0.38981237773114835,-0.38981237773114835
Nagaland,Wokha,2025-05-01,-0.4127957037418307,-0.4127957037418307,-0.4127957037418307
Nagaland,Wokha,2025-06-01,-0.45533619890306387,-0.45533619890306387,-0.45533619890306387
Nagaland,Wokha,2025-07-01,0.38298803415824434,0.38298803415824434,0.38298803415824434
Nagaland,Wokha,2025-09-01,-0.5752996313776302,-0.5752996313776302,-0.5752996313776302
Nagaland,Wokha,2025-10-01,-0.7716028303941481,-0.7716028303941481,-0.7716028303941481
Nagaland,Wokha,2025-11-01,-0.6553056587702047,-0.6553056587702047,-0.6553056587702047
Nagaland,Wokha,2025-12-01,-0.6763775793329765,-0.6763775793329765,-0.6763775793329765
Nagaland,Zunheboto,2025-03-01,-0.2504990825995339,-0.2504990825995339,-0.2504990825995339
Nagaland,Zunheboto,2025-04-01,-0.3481579068762945,-0.3481579068762945,-0.3481579068762945
Nagaland,Zunheboto,2025-05-01,-0.39921434009388135,-0.39921434009388135,-0.39921434009388135
Nagaland,Zunheboto,2025-06-01,-0.4997002410101906,-0.4997002410101906,-0.4997002410101906
Nagaland,Zunheboto,2025-07-01,0.38311611217931624,0.38311611217931624,0.38311611217931624
Nagaland,Zunheboto,2025-09-01,-0.6539792575299537,-0.6539792575299537,-0.6539792575299537
Nagaland,Zunheboto,2025-10-01,-0.33262543993557286,-0.33262543993557286,-0.33262543993557286
Nagaland,Zunheboto,2025-11-01,-0.562819366664131,-0.562819366664131,-0.562819366664131
Nagaland,Zunheboto,2025-12-01,-0.770848494607841,-0.770848494607841,-0.770848494607841
Nagpur,Near Uday nagar NIT garden,2025-12-01,-1.3533531380983113,-1.3533531380983113,-1.3533531380983113
ODISHA,NUAPADA,2025-09-01,-1.0275759401256888,-1.0275759401256888,-1.0275759401256888
ODISHA,NUAPADA,2025-10-01,-1.4184483930966403,-1.4184483930966403,-1.4184483930966403
ODISHA,NUAPADA,2025-11-01,-0.978553087955285,-0.978553087955285,-0.978553087955285
ODISHA,NUAPADA,2025-12-01,-0.9845623367194799,-0.9845623367194799,-0.9845623367194799
Odisha,ANGUL,2025-09-01,-1.2505973909566597,-1.2505973909566597,-1.2505973909566597
Odisha,ANGUL,2025-10-01,-1.1302737458405188,-1.1302737458405188,-1.1302737458405188
Odisha,ANGUL,2025-11-01,-0.46522506284104076,-0.46522506284104076,-0.46522506284104076
Odisha,ANGUL,2025-12-01,-1.7673885279768147,-1.7673885279768147,-1.7673885279768147
Odisha,ANUGUL,2025-03-01,-0.8552175433546766,-0.8552175433546766,-0.8552175433546766
Odisha,ANUGUL,2025-04-01,-0.847522730654459,-0.847522730654459,-0.847522730654459
Odisha,ANUGUL,2025-05-01,-0.9369583414211342,-0.9369583414211342,-0.9369583414211342
Odisha,ANUGUL,2025-06-01,-0.9198792588728846,-0.9198792588728846,-0.9198792588728846
Odisha,ANUGUL,2025-09-01,-0.013745868324041514,-0.013745868324041514,-0.013745868324041514
Odisha,ANUGUL,2025-10-01,-0.9248703046977196,-0.9248703046977196,-0.9248703046977196
Odisha,ANUGUL,2025-11-01,-0.8885170753542576,-0.8885170753542576,-0.8885170753542576
Odisha,ANUGUL,2025-12-01,-0.6969678131166399,-0.6969678131166399,-0.6969678131166399
Odisha,Angul,2025-03-01,0.41692912321485176,0.41692912321485176,0.41692912321485176
Odisha,Angul,2025-04-01,0.06436768141966506,0.06436768141966506,0.06436768141966506
Odisha,Angul,2025-05-01,0.12907934271530036,0.12907934271530036,0.12907934271530036
Odisha,Angul,2025-06-01,0.119141394575714,0.119141394575714,0.119141394575714
Odisha,Angul,2025-07-01,0.1267405102228118,0.1267405102228118,0.1267405102228118
Odisha,Angul,2025-09-01,0.7729468367168826,0.7729468367168826,0.7729468367168826
Odisha,Angul,2025-10-01,-0.36431214732926914,-0.36431214732926914,-0.36431214732926914
Odisha,Angul,2025-11-01,-0.026286390385929864,-0.026286390385929864,-0.026286390385929864
Odisha,Angul,2025-12-01,0.035599690786779645,0.035599690786779645,0.035599690786779645
Odisha,Anugal,2025-09-01,-1.2505973909566597,-1.2505973909566597,-1.2505973909566597
Odisha,Anugal,2025-10-01,-0.42259708120055833,-0.42259708120055833,-0.42259708120055833
Odisha,Anugal,2025-11-01,-1.604486617703371,-1.604486617703371,-1.604486617703371
Odisha,Anugal,2025-12-01,-0.38950763197418226,-0.38950763197418226,-0.38950763197418226
Odisha,Anugul,2025-03-01,-0.7130547164197371,-0.7130547164197371,-0.7130547164197371
Odisha,Anugul,2025-04-01,-0.8778781354659955,-0.8778781354659955,-0.8778781354659955
Odisha,Anugul,2025-05-01,-0.8287249787758211,-0.8287249787758211,-0.8287249787758211
Odisha,Anugul,2025-06-01,-0.8160069961871719,-0.8160069961871719,-0.8160069961871719
Odisha,Anugul,2025-07-01,-0.7183750459239622,-0.7183750459239622,-0.7183750459239622
Odisha,Anugul,2025-09-01,0.34896325914504667,0.34896325914504667,0.34896325914504667
Odisha,Anugul,2025-10-01,-0.8832684234902161,-0.8832684234902161,-0.8832684234902161
Odisha,Anugul,2025-11-01,0.10556472502405174,0.10556472502405174,0.10556472502405174
Odisha,Anugul,2025-12-01,-0.5808160605296895,-0.5808160605296895,-0.5808160605296895
Odisha,BALANGIR,2025-09-01,-1.3533429602460259,-1.3533429602460259,-1.3533429602460259
Odisha,Balangir,2025-03-01,0.6806970087702281,0.6806970087702281,0.6806970087702281
Odisha,Balangir,2025-04-01,0.2587162139239729,0.2587162139239729,0.2587162139239729
Odisha,Balangir,2025-05-01,0.2500468955176489,0.2500468955176489,0.2500468955176489
Odisha,Balangir,2025-06-01,0.25731969006279876,0.25731969006279876,0.25731969006279876
Odisha,Balangir,2025-07-01,0.3970394968065938,0.3970394968065938,0.3970394968065938
Odisha,Balangir,2025-09-01,0.7853121438757514,0.7853121438757514,0.7853121438757514
Odisha,Balangir,2025-10-01,-0.2536003292487935,-0.2536003292487935,-0.2536003292487935
Odisha,Balangir,2025-11-01,-0.114577063167388,-0.114577063167388,-0.114577063167388
Odisha,Balangir,2025-12-01,0.02640562335134149,0.02640562335134149,0.02640562335134149
Odisha,Baleshwar,2025-03-01,-0.1620404484297204,-0.1620404484297204,-0.1620404484297204
Odisha,Baleshwar,2025-04-01,-0.2113375322080931,-0.2113375322080931,-0.2113375322080931
Odisha,Baleshwar,2025-05-01,-0.19792001460875558,-0.19792001460875558,-0.19792001460875558
Odisha,Baleshwar,2025-06-01,-0.3052866071564409,-0.3052866071564409,-0.3052866071564409
Odisha,Baleshwar,2025-07-01,-0.2811783822061317,-0.2811783822061317,-0.2811783822061317
Odisha,Baleshwar,2025-09-01,0.6437044765804644,0.6437044765804644,0.6437044765804644
Odisha,Baleshwar,2025-10-01,-0.40960081988089814,-0.40960081988089814,-0.40960081988089814
Odisha,Baleshwar,2025-11-01,-0.23492583434012265,-0.23492583434012265,-0.23492583434012265
Odisha,Baleshwar,2025-12-01,-0.33094296487937264,-0.33094296487937264,-0.33094296487937264
Odisha,Baleswar,2025-03-01,0.8305220988227174,0.8305220988227174,0.8305220988227174
Odisha,Baleswar,2025-04-01,0.3453119008225464,0.3453119008225464,0.3453119008225464
Odisha,Baleswar,2025-05-01,0.3556281201281385,0.3556281201281385,0.3556281201281385
Odisha,Baleswar,2025-06-01,0.24859734334727895,0.24859734334727895,0.24859734334727895
Odisha,Baleswar,2025-07-01,0.276138935112751,0.276138935112751,0.276138935112751
Odisha,Baleswar,2025-09-01,0.8070323135317171,0.8070323135317171,0.8070323135317171
Odisha,Baleswar,2025-10-01,-0.22249671341943036,-0.22249671341943036,-0.22249671341943036
Odisha,Baleswar,2025-11-01,-0.040479348156035946,-0.040479348156035946,-0.040479348156035946
Odisha,Baleswar,2025-12-01,-0.0955729859520086,-0.0955729859520086,-0.0955729859520086
Odisha,Balianta,2025-12-01,-1.3533531380983113,-1.3533531380983113,-1.3533531380983113
Odisha,Bargarh,2025-03-01,0.5463418462174088,0.5463418462174088,0.5463418462174088
Odisha,Bargarh,2025-04-01,0.12669069262398625,0.12669069262398625,0.12669069262398625
Odisha,Bargarh,2025-05-01,0.15511774163453612,0.15511774163453612,0.15511774163453612
Odisha,Bargarh,2025-06-01,0.1761111121853342,0.1761111121853342,0.1761111121853342
Odisha,Bargarh,2025-07-01,0.24255803416084332,0.24255803416084332,0.24255803416084332
Odisha,Bargarh,2025-09-01,0.7899208099152708,0.7899208099152708,0.7899208099152708
Odisha,Bargarh,2025-10-01,-0.25422119957383277,-0.25422119957383277,-0.25422119957383277
Odisha,Bargarh,2025-11-01,-0.06018184678118131,-0.06018184678118131,-0.06018184678118131
Odisha,Bargarh,2025-12-01,-0.057333036645547404,-0.057333036645547404,-0.057333036645547404
Odisha,Baudh,2025-03-01,-0.4154649398003251,-0.4154649398003251,-0.4154649398003251
Odisha,Baudh,2025-04-01,-0.4593410477751162,-0.4593410477751162,-0.4593410477751162
Odisha,Baudh,2025-05-01,-0.5342249973444234,-0.5342249973444234,-0.5342249973444234
Odisha,Baudh,2025-06-01,-0.5577716717628324,-0.5577716717628324,-0.5577716717628324
Odisha,Baudh,2025-07-01,-0.5252111915269051,-0.5252111915269051,-0.5252111915269051
Odisha,Baudh,2025-09-01,0.3551651548993711,0.3551651548993711,0.3551651548993711
Odisha,Baudh,2025-10-01,-0.6862537613593022,-0.6862537613593022,-0.6862537613593022
Odisha,Baudh,2025-11-01,-0.545240504236959,-0.545240504236959,-0.545240504236959
Odisha,Baudh,2025-12-01,-0.5253757803700547,-0.5253757803700547,-0.5253757803700547
Odisha,Bhadrak,2025-03-01,0.6875503983891593,0.6875503983891593,0.6875503983891593
Odisha,Bhadrak,2025-04-01,0.2833411806684203,0.2833411806684203,0.2833411806684203
Odisha,Bhadrak,2025-05-01,0.21263895210808287,0.21263895210808287,0.21263895210808287
Odisha,Bhadrak,2025-06-01,0.14898135507326155,0.14898135507326155,0.14898135507326155
Odisha,Bhadrak,2025-07-01,0.5388386399307546,0.5388386399307546,0.5388386399307546
Odisha,Bhadrak,2025-09-01,0.8124944716248721,0.8124944716248721,0.8124944716248721
Odisha,Bhadrak,2025-10-01,-0.2762794215354951,-0.2762794215354951,-0.2762794215354951
Odisha,Bhadrak,2025-11-01,-0.05921002128990566,-0.05921002128990566,-0.05921002128990566
Odisha,Bhadrak,2025-12-01,-0.1602179289040964,-0.1602179289040964,-0.1602179289040964
Odisha,Bhadrak(R),2025-12-01,-1.3533531380983113,-1.3533531380983113,-1.3533531380983113
Odisha,Boudh,2025-03-01,-0.034517927981739305,-0.034517927981739305,-0.034517927981739305
Odisha,Boudh,2025-04-01,-0.16649050260077597,-0.16649050260077597,-0.16649050260077597
Odisha,Boudh,2025-05-01,-0.2168852171470773,-0.2168852171470773,-0.2168852171470773
Odisha,Boudh,2025-06-01,-0.2520339179664581,-0.2520339179664581,-0.2520339179664581
Odisha,Boudh,2025-07-01,-0.22105911081383606,-0.22105911081383606,-0.22105911081383606
Odisha,Boudh,2025-09-01,0.6186528406220403,0.6186528406220403,0.6186528406220403
Odisha,Boudh,2025-10-01,-0.4047136369673544,-0.4047136369673544,-0.4047136369673544
Odisha,Boudh,2025-11-01,-0.3296733963282754,-0.3296733963282754,-0.3296733963282754
Odisha,Boudh,2025-12-01,-0.26759687981138897,-0.26759687981138897,-0.26759687981138897
Odisha,Cuttack,2025-03-01,1.028902436659187,1.028902436659187,1.028902436659187
Odisha,Cuttack,2025-04-01,0.460522985275177,0.460522985275177,0.460522985275177
Odisha,Cuttack,2025-05-01,0.5268774040328005,0.5268774040328005,0.5268774040328005
Odisha,Cuttack,2025-06-01,0.41967663534465155,0.41967663534465155,0.41967663534465155
Odisha,Cuttack,2025-07-01,0.7856275032405766,0.7856275032405766,0.7856275032405766
Odisha,Cuttack,2025-09-01,0.8375148846223148,0.8375148846223148,0.8375148846223148
Odisha,Cuttack,2025-10-01,-0.25100216044243095,-0.25100216044243095,-0.25100216044243095
Odisha,Cuttack,2025-11-01,-0.014691277795521693,-0.014691277795521693,-0.014691277795521693
Odisha,Cuttack,2025-12-01,0.06049617646383758,0.06049617646383758,0.06049617646383758
Odisha,Debagarh,2025-03-01,-0.10758814056989535,-0.10758814056989535,-0.10758814056989535
Odisha,Debagarh,2025-04-01,-0.28062610224284223,-0.28062610224284223,-0.28062610224284223
Odisha,Debagarh,2025-05-01,-0.2515326289523165,-0.2515326289523165,-0.2515326289523165
Odisha,Debagarh,2025-06-01,-0.25944624290501894,-0.25944624290501894,-0.25944624290501894
Odisha,Debagarh,2025-07-01,-0.30868281719390167,-0.30868281719390167,-0.30868281719390167
Odisha,Debagarh,2025-09-01,0.5617566341074465,0.5617566341074465,0.5617566341074465
Odisha,Debagarh,2025-10-01,-0.4895760673925313,-0.4895760673925313,-0.4895760673925313
Odisha,Debagarh,2025-11-01,-0.36310519328222834,-0.36310519328222834,-0.36310519328222834
Odisha,Debagarh,2025-12-01,0.16504937241242854,0.16504937241242854,0.16504937241242854
Odisha,Dhenkanal,2025-03-01,0.5670803133543655,0.5670803133543655,0.5670803133543655
Odisha,Dhenkanal,2025-04-01,0.23118634249170023,0.23118634249170023,0.23118634249170023
Odisha,Dhenkanal,2025-05-01,0.1745824990895659,0.1745824990895659,0.1745824990895659
Odisha,Dhenkanal,2025-06-01,0.11557294222779459,0.11557294222779459,0.11557294222779459
Odisha,Dhenkanal,2025-07-01,0.23585505971294546,0.23585505971294546,0.23585505971294546
Odisha,Dhenkanal,2025-09-01,0.770283903697399,0.770283903697399,0.770283903697399
Odisha,Dhenkanal,2025-10-01,-0.3423640917087163,-0.3423640917087163,-0.3423640917087163
Odisha,Dhenkanal,2025-11-01,-0.10102917841059499,-0.10102917841059499,-0.10102917841059499
Odisha,Dhenkanal,2025-12-01,0.2099663012764858,0.2099663012764858,0.2099663012764858
Odisha,Gajapati,2025-03-01,0.4749310376215389,0.4749310376215389,0.4749310376215389
Odisha,Gajapati,2025-04-01,0.09912889822263583,0.09912889822263583,0.09912889822263583
Odisha,Gajapati,2025-05-01,0.07728813381164318,0.07728813381164318,0.07728813381164318
Odisha,Gajapati,2025-06-01,0.0749813113583485,0.0749813113583485,0.0749813113583485
Odisha,Gajapati,2025-07-01,0.028671838162232413,0.028671838162232413,0.028671838162232413
Odisha,Gajapati,2025-09-01,0.711789849553588,0.711789849553588,0.711789849553588
Odisha,Gajapati,2025-10-01,-0.3747740150174178,-0.3747740150174178,-0.3747740150174178
Odisha,Gajapati,2025-11-01,0.014293478507186978,0.014293478507186978,0.014293478507186978
Odisha,Gajapati,2025-12-01,-0.28444711587447435,-0.28444711587447435,-0.28444711587447435
Odisha,Ganjam,2025-03-01,1.5550842484357996,1.4617791935296516,1.419014376697667
Odisha,Ganjam,2025-04-01,0.6877682621052141,0.6877682621052141,0.6877682621052141
Odisha,Ganjam,2025-05-01,0.824851230997925,0.824851230997925,0.824851230997925
Odisha,Ganjam,2025-06-01,0.7458150955773073,0.7458150955773073,0.7458150955773073
Odisha,Ganjam,2025-07-01,0.6986639175424363,0.6986639175424363,0.6986639175424363
Odisha,Ganjam,2025-09-01,0.8831437002431497,0.8831437002431497,0.8831437002431497
Odisha,Ganjam,2025-10-01,-0.14904953493405346,-0.14904953493405346,-0.14904953493405346
Odisha,Ganjam,2025-11-01,0.1684267524909659,0.1684267524909659,0.1684267524909659
Odisha,Ganjam,2025-12-01,0.0687554339854447,0.0687554339854447,0.0687554339854447
Odisha,JAJPUR,2025-03-01,0.2521938136369377,0.2521938136369377,0.2521938136369377
Odisha,JAJPUR,2025-04-01,-0.06477779746586088,-0.06477779746586088,-0.06477779746586088
Odisha,JAJPUR,2025-05-01,-0.07749036347496674,-0.07749036347496674,-0.07749036347496674
Odisha,JAJPUR,2025-06-01,-0.11062472234861692,-0.11062472234861692,-0.11062472234861692
Odisha,JAJPUR,2025-07-01,0.06293226199811507,0.06293226199811507,0.06293226199811507
Odisha,JAJPUR,2025-09-01,0.6786899339223603,0.6786899339223603,0.6786899339223603
Odisha,JAJPUR,2025-10-01,-0.42343407712985615,-0.42343407712985615,-0.42343407712985615
Odisha,JAJPUR,2025-11-01,-0.027288735981820578,-0.027288735981820578,-0.027288735981820578
Odisha,JAJPUR,2025-12-01,-0.2586100652408817,-0.2586100652408817,-0.2586100652408817
Odisha,Jagatsinghapur,2025-03-01,0.26401251963972594,0.26401251963972594,0.26401251963972594
Odisha,Jagatsinghapur,2025-04-01,-0.027612599428712824,-0.027612599428712824,-0.027612599428712824
Odisha,Jagatsinghapur,2025-05-01,-0.025515094483828826,-0.025515094483828826,-0.025515094483828826
Odisha,Jagatsinghapur,2025-06-01,-0.06579964361558802,-0.06579964361558802,-0.06579964361558802
Odisha,Jagatsinghapur,2025-07-01,0.0010566939760575933,0.0010566939760575933,0.0010566939760575933
Odisha,Jagatsinghapur,2025-09-01,0.6698306770144441,0.6698306770144441,0.6698306770144441
Odisha,Jagatsinghapur,2025-10-01,0.019220517498361463,0.019220517498361463,0.019220517498361463
Odisha,Jagatsinghapur,2025-11-01,-0.3274256019020699,-0.3274256019020699,-0.3274256019020699
Odisha,Jagatsinghapur,2025-12-01,-0.16959898343971896,-0.16959898343971896,-0.16959898343971896
Odisha,Jagatsinghpur,2025-03-01,-0.3824352722450072,-0.3824352722450072,-0.3824352722450072
Odisha,Jagatsinghpur,2025-04-01,-0.3999270660526203,-0.3999270660526203,-0.3999270660526203
Odisha,Jagatsinghpur,2025-05-01,-0.37641323056550313,-0.37641323056550313,-0.37641323056550313
Odisha,Jagatsinghpur,2025-06-01,-0.5090483976153641,-0.5090483976153641,-0.5090483976153641
Odisha,Jagatsinghpur,2025-07-01,-0.35715740039532434,-0.35715740039532434,-0.35715740039532434
Odisha,Jagatsinghpur,2025-09-01,0.5754880186656164,0.5754880186656164,0.5754880186656164
Odisha,Jagatsinghpur,2025-10-01,-0.2713597643709954,-0.2713597643709954,-0.2713597643709954
Odisha,Jagatsinghpur,2025-11-01,-0.39502720852449424,-0.39502720852449424,-0.39502720852449424
Odisha,Jagatsinghpur,2025-12-01,-0.3115401959230011,-0.3115401959230011,-0.3115401959230011
Odisha,Jajapur,2025-03-01,0.38959912804516894,0.38959912804516894,0.38959912804516894
Odisha,Jajapur,2025-04-01,0.07974585102630008,0.07974585102630008,0.07974585102630008
Odisha,Jajapur,2025-05-01,0.09410115253891457,0.09410115253891457,0.09410115253891457
Odisha,Jajapur,2025-06-01,0.04887805534925317,0.04887805534925317,0.04887805534925317
Odisha,Jajapur,2025-07-01,0.17314772015192603,0.17314772015192603,0.17314772015192603
Odisha,Jajapur,2025-09-01,0.7349837630134038,0.7349837630134038,0.7349837630134038
Odisha,Jajapur,2025-10-01,-0.3167121570873048,-0.3167121570873048,-0.3167121570873048
Odisha,Jajapur,2025-11-01,-0.05217252349787857,-0.05217252349787857,-0.05217252349787857
Odisha,Jajapur,2025-12-01,-0.1390219036589859,-0.1390219036589859,-0.1390219036589859
Odisha,Jajpur,2025-05-01,-0.8661246059659145,-0.8661246059659145,-0.8661246059659145
Odisha,Jajpur,2025-06-01,-0.9082326331322744,-0.9082326331322744,-0.9082326331322744
Odisha,Jajpur,2025-07-01,-0.8633234082097089,-0.8633234082097089,-0.8633234082097089
Odisha,Jajpur,2025-09-01,0.05327836073953418,0.05327836073953418,0.05327836073953418
Odisha,Jajpur,2025-10-01,-0.8419268556194252,-0.8419268556194252,-0.8419268556194252
Odisha,Jajpur,2025-11-01,-0.8668189257002001,-0.8668189257002001,-0.8668189257002001
Odisha,Jajpur,2025-12-01,-0.8422027257631484,-0.8422027257631484,-0.8422027257631484
Odisha,Jharsuguda,2025-03-01,0.14414884707350162,0.14414884707350162,0.14414884707350162
Odisha,Jharsuguda,2025-04-01,-0.1958727542717798,-0.1958727542717798,-0.1958727542717798
Odisha,Jharsuguda,2025-05-01,-0.19055162920752622,-0.19055162920752622,-0.19055162920752622
Odisha,Jharsuguda,2025-06-01,-0.1876276233775922,-0.1876276233775922,-0.1876276233775922
Odisha,Jharsuguda,2025-07-01,-0.18821062528007143,-0.18821062528007143,-0.18821062528007143
Odisha,Jharsuguda,2025-09-01,0.6307563172456466,0.6307563172456466,0.6307563172456466
Odisha,Jharsuguda,2025-10-01,-0.3814982596708988,-0.3814982596708988,-0.3814982596708988
Odisha,Jharsuguda,2025-11-01,-0.1897876884762657,-0.1897876884762657,-0.1897876884762657
Odisha,Jharsuguda,2025-12-01,-0.25863044961172355,-0.25863044961172355,-0.25863044961172355
Odisha,Kalahandi,2025-03-01,0.9165922754344458,0.9165922754344458,0.9165922754344458
Odisha,Kalahandi,2025-04-01,0.32698970829260593,0.32698970829260593,0.32698970829260593
Odisha,Kalahandi,2025-05-01,0.2331105326400233,0.2331105326400233,0.2331105326400233
Odisha,Kalahandi,2025-06-01,0.20369371511312917,0.20369371511312917,0.20369371511312917
Odisha,Kalahandi,2025-07-01,0.3563111964107421,0.3563111964107421,0.3563111964107421
Odisha,Kalahandi,2025-09-01,0.8362552168976712,0.8362552168976712,0.8362552168976712
Odisha,Kalahandi,2025-10-01,-0.2457307617451387,-0.2457307617451387,-0.2457307617451387
Odisha,Kalahandi,2025-11-01,-0.1180955007609297,-0.1180955007609297,-0.1180955007609297
Odisha,Kalahandi,2025-12-01,-0.13316125177149757,-0.13316125177149757,-0.13316125177149757
Odisha,Kandhamal,2025-03-01,0.5427153956422465,0.5427153956422465,0.5427153956422465
Odisha,Kandhamal,2025-04-01,0.10280643491740564,0.10280643491740564,0.10280643491740564
Odisha,Kandhamal,2025-05-01,0.045083233651716764,0.045083233651716764,0.045083233651716764
Odisha,Kandhamal,2025-06-01,0.03016774868545019,0.03016774868545019,0.03016774868545019
Odisha,Kandhamal,2025-07-01,0.25906405262001964,0.25906405262001964,0.25906405262001964
Odisha,Kandhamal,2025-09-01,0.746685795528802,0.746685795528802,0.746685795528802
Odisha,Kandhamal,2025-10-01,-0.3727149792112539,-0.3727149792112539,-0.3727149792112539
Odisha,Kandhamal,2025-11-01,-0.1170334160945243,-0.1170334160945243,-0.1170334160945243
Odisha,Kandhamal,2025-12-01,-0.18882512872560986,-0.18882512872560986,-0.18882512872560986
Odisha,Kendrapara,2025-03-01,0.7207925051070014,0.7207925051070014,0.7207925051070014
Odisha,Kendrapara,2025-04-01,0.20700836066577466,0.20700836066577466,0.20700836066577466
Odisha,Kendrapara,2025-05-01,0.176254323922714,0.176254323922714,0.176254323922714
Odisha,Kendrapara,2025-06-01,0.10484364933125957,0.10484364933125957,0.10484364933125957
Odisha,Kendrapara,2025-07-01,0.195865178473414,0.195865178473414,0.195865178473414
Odisha,Kendrapara,2025-09-01,0.7830460776387707,0.7830460776387707,0.7830460776387707
Odisha,Kendrapara,2025-10-01,-0.274456072256157,-0.274456072256157,-0.274456072256157
Odisha,Kendrapara,2025-11-01,-0.05422302439945633,-0.05422302439945633,-0.05422302439945633
Odisha,Kendrapara,2025-12-01,0.06031652622143063,0.06031652622143063,0.06031652622143063
Odisha,Kendujhar,2025-03-01,1.099339381747288,1.0333790188424508,1.0031471858444003
Odisha,Kendujhar,2025-04-01,0.3598936977529846,0.3598936977529846,0.3598936977529846
Odisha,Kendujhar,2025-05-01,0.4368845686415266,0.4368845686415266,0.4368845686415266
Odisha,Kendujhar,2025-06-01,0.2339801800749302,0.2339801800749302,0.2339801800749302
Odisha,Kendujhar,2025-07-01,0.22971860823429385,0.22971860823429385,0.22971860823429385
Odisha,Kendujhar,2025-09-01,0.8273837144374998,0.8273837144374998,0.8273837144374998
Odisha,Kendujhar,2025-10-01,-0.30258617720381653,-0.30258617720381653,-0.30258617720381653
Odisha,Kendujhar,2025-11-01,-0.026426969390236747,-0.026426969390236747,-0.026426969390236747
Odisha,Kendujhar,2025-12-01,0.25353569854943225,0.25353569854943225,0.25353569854943225
Odisha,Khorda,2025-03-01,0.730234481102864,0.730234481102864,0.730234481102864
Odisha,Khorda,2025-04-01,0.3206121661234674,0.3206121661234674,0.3206121661234674
Odisha,Khorda,2025-05-01,0.3036743292757465,0.3036743292757465,0.3036743292757465
Odisha,Khorda,2025-06-01,0.22212711262767165,0.22212711262767165,0.22212711262767165
Odisha,Khorda,2025-07-01,0.3973669298228438,0.3973669298228438,0.3973669298228438
Odisha,Khorda,2025-09-01,0.7759895856545502,0.7759895856545502,0.7759895856545502
Odisha,Khorda,2025-10-01,-0.2638968494965423,-0.2638968494965423,-0.2638968494965423
Odisha,Khorda,2025-11-01,0.08711774986599591,0.08711774986599591,0.08711774986599591
Odisha,Khorda,2025-12-01,-0.08580567173157859,-0.08580567173157859,-0.08580567173157859
Odisha,Khordha,2025-03-01,-0.4631863637139697,-0.4631863637139697,-0.4631863637139697
Odisha,Khordha,2025-04-01,-0.4236815084821747,-0.4236815084821747,-0.4236815084821747
Odisha,Khordha,2025-05-01,-0.5669527300193696,-0.5669527300193696,-0.5669527300193696
Odisha,Khordha,2025-06-01,-0.56146894963139,-0.56146894963139,-0.56146894963139
Odisha,Khordha,2025-07-01,0.4260596532862735,0.4260596532862735,0.4260596532862735
Odisha,Khordha,2025-09-01,-0.05288486336611009,-0.05288486336611009,-0.05288486336611009
Odisha,Khordha,2025-10-01,-0.517058858348002,-0.517058858348002,-0.517058858348002
Odisha,Khordha,2025-11-01,-0.17130780579660795,-0.17130780579660795,-0.17130780579660795
Odisha,Khordha,2025-12-01,-0.29578711048348544,-0.29578711048348544,-0.29578711048348544
Odisha,Koraput,2025-03-01,0.982024186620089,0.982024186620089,0.982024186620089
Odisha,Koraput,2025-04-01,0.3040689866290416,0.3040689866290416,0.3040689866290416
Odisha,Koraput,2025-05-01,0.2323778026490339,0.2323778026490339,0.2323778026490339
Odisha,Koraput,2025-06-01,0.3167405235815374,0.3167405235815374,0.3167405235815374
Odisha,Koraput,2025-07-01,0.46313661664725625,0.46313661664725625,0.46313661664725625
Odisha,Koraput,2025-09-01,0.8538095862794599,0.8538095862794599,0.8538095862794599
Odisha,Koraput,2025-10-01,-0.3196975072725347,-0.3196975072725347,-0.3196975072725347
Odisha,Koraput,2025-11-01,-0.11653745388419008,-0.11653745388419008,-0.11653745388419008
Odisha,Koraput,2025-12-01,-0.07657247468114158,-0.07657247468114158,-0.07657247468114158
Odisha,Malkangiri,2025-03-01,0.4168770702321552,0.4168770702321552,0.4168770702321552
Odisha,Malkangiri,2025-04-01,0.01643015685907734,0.01643015685907734,0.01643015685907734
Odisha,Malkangiri,2025-05-01,-0.036680240909022714,-0.036680240909022714,-0.036680240909022714
Odisha,Malkangiri,2025-06-01,-0.00879460429928438,-0.00879460429928438,-0.00879460429928438
Odisha,Malkangiri,2025-07-01,0.10108952059159765,0.10108952059159765,0.10108952059159765
Odisha,Malkangiri,2025-09-01,0.6967750745149386,0.6967750745149386,0.6967750745149386
Odisha,Malkangiri,2025-10-01,-0.4464290467303221,-0.4464290467303221,-0.4464290467303221
Odisha,Malkangiri,2025-11-01,-0.03282156836141109,-0.03282156836141109,-0.03282156836141109
Odisha,Malkangiri,2025-12-01,-0.2916059391729253,-0.2916059391729253,-0.2916059391729253
Odisha,Mayurbhanj,2025-03-01,1.33679604161859,1.2565882791214746,1.2198263879769633
Odisha,Mayurbhanj,2025-04-01,0.6826745847411795,0.6826745847411795,0.6826745847411795
Odisha,Mayurbhanj,2025-05-01,0.6770379197981521,0.6770379197981521,0.6770379197981521
Odisha,Mayurbhanj,2025-06-01,0.6002085025378505,0.6002085025378505,0.6002085025378505
Odisha,Mayurbhanj,2025-07-01,0.505433301065653,0.505433301065653,0.505433301065653
Odisha,Mayurbhanj,2025-09-01,0.8746311435009474,0.8746311435009474,0.8746311435009474
Odisha,Mayurbhanj,2025-10-01,-0.2056395548161281,-0.2056395548161281,-0.2056395548161281
Odisha,Mayurbhanj,2025-11-01,0.0265781476237601,0.0265781476237601,0.0265781476237601
Odisha,Mayurbhanj,2025-12-01,-0.09718753371119197,-0.09718753371119197,-0.09718753371119197
Odisha,NAYAGARH,2025-10-01,-1.2505668573998039,-1.2505668573998039,-1.2505668573998039
Odisha,NAYAGARH,2025-11-01,-1.2505668573998039,-1.2505668573998039,-1.2505668573998039
Odisha,NAYAGARH,2025-12-01,-1.2505668573998039,-1.2505668573998039,-1.2505668573998039
Odisha,NUAPADA,2025-07-01,-0.8778781354659955,-0.8778781354659955,-0.8778781354659955
Odisha,NUAPADA,2025-09-01,0.10647799091693727,0.10647799091693727,0.10647799091693727
Odisha,NUAPADA,2025-10-01,-1.026791230149821,-1.026791230149821,-1.026791230149821
Odisha,NUAPADA,2025-11-01,-1.0525776700095175,-1.0525776700095175,-1.0525776700095175
Odisha,NUAPADA,2025-12-01,0.1178275157662717,0.1178275157662717,0.1178275157662717
Odisha,Nabarangapur,2025-03-01,0.8529662644444569,0.8529662644444569,0.8529662644444569
Odisha,Nabarangapur,2025-04-01,0.7770826871009078,0.7770826871009078,0.7770826871009078
Odisha,Nabarangapur,2025-05-01,-0.12900918992206595,-0.12900918992206595,-0.12900918992206595
Odisha,Nabarangapur,2025-06-01,0.2602014966580611,0.2602014966580611,0.2602014966580611
Odisha,Nabarangapur,2025-07-01,0.35477396006882367,0.35477396006882367,0.35477396006882367
Odisha,Nabarangapur,2025-09-01,0.8321193667592639,0.8321193667592639,0.8321193667592639
Odisha,Nabarangapur,2025-10-01,-0.3041098783816999,-0.3041098783816999,-0.3041098783816999
Odisha,Nabarangapur,2025-11-01,-0.1918197095652716,-0.1918197095652716,-0.1918197095652716
Odisha,Nabarangapur,2025-12-01,-0.1539633174581965,-0.1539633174581965,-0.1539633174581965
Odisha,Nabarangpur,2025-07-01,-1.4561400856729874,-1.4561400856729874,-1.4561400856729874
Odisha,Nayagarh,2025-03-01,0.43576868109688494,0.43576868109688494,0.43576868109688494
Odisha,Nayagarh,2025-04-01,0.09013241373096682,0.09013241373096682,0.09013241373096682
Odisha,Nayagarh,2025-05-01,0.097490027122371,0.097490027122371,0.097490027122371
Odisha,Nayagarh,2025-06-01,0.0652171957572571,0.0652171957572571,0.0652171957572571
Odisha,Nayagarh,2025-07-01,0.19134405700399104,0.19134405700399104,0.19134405700399104
Odisha,Nayagarh,2025-09-01,0.7383897072017275,0.7383897072017275,0.7383897072017275
Odisha,Nayagarh,2025-10-01,-0.3372618276616517,-0.3372618276616517,-0.3372618276616517
Odisha,Nayagarh,2025-11-01,-0.12038249774390591,-0.12038249774390591,-0.12038249774390591
Odisha,Nayagarh,2025-12-01,-0.13761785341744387,-0.13761785341744387,-0.13761785341744387
Odisha,Nuapada,2025-03-01,0.21318717218086825,0.21318717218086825,0.21318717218086825
Odisha,Nuapada,2025-04-01,-0.03918150040861829,-0.03918150040861829,-0.03918150040861829
Odisha,Nuapada,2025-05-01,-0.07345813427785408,-0.07345813427785408,-0.07345813427785408
Odisha,Nuapada,2025-06-01,-0.008211253061159315,-0.008211253061159315,-0.008211253061159315
Odisha,Nuapada,2025-07-01,0.10127578675885211,0.10127578675885211,0.10127578675885211
Odisha,Nuapada,2025-09-01,0.7291843918780258,0.7291843918780258,0.7291843918780258
Odisha,Nuapada,2025-10-01,-0.39707405034882526,-0.39707405034882526,-0.39707405034882526
Odisha,Nuapada,2025-11-01,-0.24827672674212553,-0.24827672674212553,-0.24827672674212553
Odisha,Nuapada,2025-12-01,-0.14838603871764564,-0.14838603871764564,-0.14838603871764564
Odisha,Puri,2025-03-01,0.47950848878089647,0.47950848878089647,0.47950848878089647
Odisha,Puri,2025-04-01,0.15972323836240399,0.15972323836240399,0.15972323836240399
Odisha,Puri,2025-05-01,0.14883485402944557,0.14883485402944557,0.14883485402944557
Odisha,Puri,2025-06-01,0.05211710005547707,0.05211710005547707,0.05211710005547707
Odisha,Puri,2025-07-01,0.15710757795849484,0.15710757795849484,0.15710757795849484
Odisha,Puri,2025-09-01,0.7676232479551537,0.7676232479551537,0.7676232479551537
Odisha,Puri,2025-10-01,-0.30442168393800995,-0.30442168393800995,-0.30442168393800995
Odisha,Puri,2025-11-01,0.03567929102837587,0.03567929102837587,0.03567929102837587
Odisha,Puri,2025-12-01,-0.11089422506906105,-0.11089422506906105,-0.11089422506906105
Odisha,Rayagada,2025-03-01,0.49005507632203615,0.49005507632203615,0.49005507632203615
Odisha,Rayagada,2025-04-01,0.06399576092018272,0.06399576092018272,0.06399576092018272
Odisha,Rayagada,2025-05-01,0.042252903320977864,0.042252903320977864,0.042252903320977864
Odisha,Rayagada,2025-06-01,0.11838851126160914,0.11838851126160914,0.11838851126160914
Odisha,Rayagada,2025-07-01,0.140748221719724,0.140748221719724,0.140748221719724
Odisha,Rayagada,2025-09-01,0.7569873446123745,0.7569873446123745,0.7569873446123745
Odisha,Rayagada,2025-10-01,-0.3847381498371757,-0.3847381498371757,-0.3847381498371757
Odisha,Rayagada,2025-11-01,-0.0800565943737307,-0.0800565943737307,-0.0800565943737307
Odisha,Rayagada,2025-12-01,-0.24470267926775685,-0.24470267926775685,-0.24470267926775685
Odisha,Sambalpur,2025-03-01,0.40986276039105674,0.40986276039105674,0.40986276039105674
Odisha,Sambalpur,2025-04-01,0.0021492347390754535,0.0021492347390754535,0.0021492347390754535
Odisha,Sambalpur,2025-05-01,0.019073959874336105,0.019073959874336105,0.019073959874336105
Odisha,Sambalpur,2025-06-01,0.055343777992539714,0.055343777992539714,0.055343777992539714
Odisha,Sambalpur,2025-07-01,0.031218721733028434,0.031218721733028434,0.031218721733028434
Odisha,Sambalpur,2025-09-01,0.733189471348092,0.733189471348092,0.733189471348092
Odisha,Sambalpur,2025-10-01,-0.30349092210683865,-0.30349092210683865,-0.30349092210683865
Odisha,Sambalpur,2025-11-01,-0.04009260123762103,-0.04009260123762103,-0.04009260123762103
Odisha,Sambalpur,2025-12-01,-0.1046737429167782,-0.1046737429167782,-0.1046737429167782
Odisha,Sonapur,2025-03-01,0.09441712987026746,0.09441712987026746,0.09441712987026746
Odisha,Sonapur,2025-04-01,-0.16989635800902214,-0.16989635800902214,-0.16989635800902214
Odisha,Sonapur,2025-05-01,-0.16264377137728858,-0.16264377137728858,-0.16264377137728858
Odisha,Sonapur,2025-06-01,-0.17550321140569902,-0.17550321140569902,-0.17550321140569902
Odisha,Sonapur,2025-07-01,-0.157672800542901,-0.157672800542901,-0.157672800542901
Odisha,Sonapur,2025-09-01,0.6240315032335224,0.6240315032335224,0.6240315032335224
Odisha,Sonapur,2025-10-01,-0.4701172033487405,-0.4701172033487405,-0.4701172033487405
Odisha,Sonapur,2025-11-01,-0.18544962551714428,-0.18544962551714428,-0.18544962551714428
Odisha,Sonapur,2025-12-01,-0.32650600213889847,-0.32650600213889847,-0.32650600213889847
Odisha,Subarnapur,2025-03-01,-0.22269800894951658,-0.22269800894951658,-0.22269800894951658
Odisha,Subarnapur,2025-04-01,-0.4437847093918472,-0.4437847093918472,-0.4437847093918472
Odisha,Subarnapur,2025-05-01,-0.4415957463665593,-0.4415957463665593,-0.4415957463665593
Odisha,Subarnapur,2025-06-01,-0.4500437564626999,-0.4500437564626999,-0.4500437564626999
Odisha,Subarnapur,2025-07-01,-0.41642644754023295,-0.41642644754023295,-0.41642644754023295
Odisha,Subarnapur,2025-09-01,0.46287738976857323,0.46287738976857323,0.46287738976857323
Odisha,Subarnapur,2025-10-01,-0.6770739923610756,-0.6770739923610756,-0.6770739923610756
Odisha,Subarnapur,2025-11-01,-0.4583622943335398,-0.4583622943335398,-0.4583622943335398
Odisha,Subarnapur,2025-12-01,-0.534480390475165,-0.534480390475165,-0.534480390475165
Odisha,Sundargarh,2025-03-01,-0.2189073850075137,-0.2189073850075137,-0.2189073850075137
Odisha,Sundargarh,2025-04-01,-0.31064297512009137,-0.31064297512009137,-0.31064297512009137
Odisha,Sundargarh,2025-05-01,-0.2876637485393011,-0.2876637485393011,-0.2876637485393011
Odisha,Sundargarh,2025-06-01,-0.2630644413695976,-0.2630644413695976,-0.2630644413695976
Odisha,Sundargarh,2025-07-01,-0.32439825555901425,-0.32439825555901425,-0.32439825555901425
Odisha,Sundargarh,2025-09-01,0.5716381883384913,0.5716381883384913,0.5716381883384913
Odisha,Sundargarh,2025-10-01,-0.5335138458844565,-0.5335138458844565,-0.5335138458844565
Odisha,Sundargarh,2025-11-01,-0.16692895752617407,-0.16692895752617407,-0.16692895752617407
Odisha,Sundargarh,2025-12-01,-0.32932118352913897,-0.32932118352913897,-0.32932118352913897
Odisha,Sundergarh,2025-03-01,0.900885747130787,0.900885747130787,0.900885747130787
Odisha,Sundergarh,2025-04-01,0.2721243406964809,0.2721243406964809,0.2721243406964809
Odisha,Sundergarh,2025-05-01,0.3591265328318282,0.3591265328318282,0.3591265328318282
Odisha,Sundergarh,2025-06-01,0.3809262253951977,0.3809262253951977,0.3809262253951977
Odisha,Sundergarh,2025-07-01,0.33399374042074076,0.33399374042074076,0.33399374042074076
Odisha,Sundergarh,2025-09-01,0.7868862509829908,0.7868862509829908,0.7868862509829908
Odisha,Sundergarh,2025-10-01,-0.3170075599654513,-0.3170075599654513,-0.3170075599654513
Odisha,Sundergarh,2025-11-01,-0.043058444547876655,-0.043058444547876655,-0.043058444547876655
Odisha,Sundergarh,2025-12-01,-0.05804103189330881,-0.05804103189330881,-0.05804103189330881
Odisha,jajpur,2025-05-01,-0.9158961269799353,-0.9158961269799353,-0.9158961269799353
Odisha,jajpur,2025-06-01,-0.9562307547688954,-0.9562307547688954,-0.9562307547688954
Odisha,jajpur,2025-07-01,-0.932503284903863,-0.932503284903863,-0.932503284903863
Odisha,jajpur,2025-09-01,0.03563106415354991,0.03563106415354991,0.03563106415354991
Odisha,jajpur,2025-10-01,-1.2239230707144533,-1.2239230707144533,-1.2239230707144533
Odisha,jajpur,2025-11-01,-0.6420218405010375,-0.6420218405010375,-0.6420218405010375
Odisha,jajpur,2025-12-01,-0.6647102035390078,-0.6647102035390078,-0.6647102035390078
Orissa,Angul,2025-09-01,-1.293228115966791,-1.293228115966791,-1.293228115966791
Orissa,Angul,2025-11-01,-1.2932484716713615,-1.2932484716713615,-1.2932484716713615
Orissa,Angul,2025-12-01,-1.3533531380983113,-1.3533531380983113,-1.3533531380983113
Orissa,Anugul,2025-09-01,-0.7663261884812212,-0.7663261884812212,-0.7663261884812212
Orissa,Anugul,2025-10-01,-0.9602430902002994,-0.9602430902002994,-0.9602430902002994
Orissa,Anugul,2025-11-01,-0.7670701532499236,-0.7670701532499236,-0.7670701532499236
Orissa,Anugul,2025-12-01,-0.5495964939022159,-0.5495964939022159,-0.5495964939022159
Orissa,Anugul  *,2025-11-01,-1.3533429602460259,-1.3533429602460259,-1.3533429602460259
Orissa,Balangir,2025-03-01,-0.22834826306973266,-0.22834826306973266,-0.22834826306973266
Orissa,Balangir,2025-04-01,-0.34196756878995316,-0.34196756878995316,-0.34196756878995316
Orissa,Balangir,2025-05-01,-0.3474465227225244,-0.3474465227225244,-0.3474465227225244
Orissa,Balangir,2025-06-01,-0.36375623016836856,-0.36375623016836856,-0.36375623016836856
Orissa,Balangir,2025-07-01,-0.3328290005698288,-0.3328290005698288,-0.3328290005698288
Orissa,Balangir,2025-09-01,0.5266966494283777,0.5266966494283777,0.5266966494283777
Orissa,Balangir,2025-10-01,-0.5775772438214524,-0.5775772438214524,-0.5775772438214524
Orissa,Balangir,2025-11-01,-0.37111916431239705,-0.37111916431239705,-0.37111916431239705
Orissa,Balangir,2025-12-01,-0.28889539888818494,-0.28889539888818494,-0.28889539888818494
Orissa,Baleshwar,2025-03-01,-0.5766501881453695,-0.5766501881453695,-0.5766501881453695
Orissa,Baleshwar,2025-04-01,-0.5948197003884028,-0.5948197003884028,-0.5948197003884028
Orissa,Baleshwar,2025-05-01,-0.5400071641281303,-0.5400071641281303,-0.5400071641281303
Orissa,Baleshwar,2025-06-01,-0.6826858221713392,-0.6826858221713392,-0.6826858221713392
Orissa,Baleshwar,2025-07-01,-0.5918180785584536,-0.5918180785584536,-0.5918180785584536
Orissa,Baleshwar,2025-09-01,0.4095918901519769,0.4095918901519769,0.4095918901519769
Orissa,Baleshwar,2025-10-01,-0.6014193270458331,-0.6014193270458331,-0.6014193270458331
Orissa,Baleshwar,2025-11-01,-0.5288146802229289,-0.5288146802229289,-0.5288146802229289
Orissa,Baleshwar,2025-12-01,-0.47184103647949777,-0.47184103647949777,-0.47184103647949777
Orissa,Baleswar,2025-09-01,-1.250577035252089,-1.250577035252089,-1.250577035252089
Orissa,Baleswar,2025-10-01,-0.3624646194210971,-0.3624646194210971,-0.3624646194210971
Orissa,Baleswar,2025-11-01,-1.6044764398510858,-1.6044764398510858,-1.6044764398510858
Orissa,Baleswar,2025-12-01,-0.38952029143088274,-0.38952029143088274,-0.38952029143088274
Orissa,Bargarh,2025-03-01,-0.7250067658593374,-0.7250067658593374,-0.7250067658593374
Orissa,Bargarh,2025-04-01,-0.7534043391159619,-0.7534043391159619,-0.7534043391159619
Orissa,Bargarh,2025-05-01,-0.7493933913267282,-0.7493933913267282,-0.7493933913267282
Orissa,Bargarh,2025-07-01,-0.7933617209027294,-0.7933617209027294,-0.7933617209027294
Orissa,Bargarh,2025-09-01,0.26181172036648875,0.26181172036648875,0.26181172036648875
Orissa,Bargarh,2025-10-01,-0.8927333964546489,-0.8927333964546489,-0.8927333964546489
Orissa,Bargarh,2025-11-01,-0.8487842598189552,-0.8487842598189552,-0.8487842598189552
Orissa,Bargarh,2025-12-01,-0.4214183069344616,-0.4214183069344616,-0.4214183069344616
Orissa,Baudh,2025-09-01,-1.3533429602460259,-1.3533429602460259,-1.3533429602460259
Orissa,Baudh,2025-10-01,-0.3895270766657396,-0.3895270766657396,-0.3895270766657396
Orissa,Baudh,2025-11-01,-1.4576628494704476,-1.4576628494704476,-1.4576628494704476
Orissa,Baudh,2025-12-01,-1.3533848495987186,-1.3533848495987186,-1.3533848495987186
Orissa,Bhadrak,2025-03-01,-0.4783247850587704,-0.4783247850587704,-0.4783247850587704
Orissa,Bhadrak,2025-04-01,-0.4757176775553275,-0.4757176775553275,-0.4757176775553275
Orissa,Bhadrak,2025-05-01,-0.5208683816304774,-0.5208683816304774,-0.5208683816304774
Orissa,Bhadrak,2025-06-01,-0.5525661131975912,-0.5525661131975912,-0.5525661131975912
Orissa,Bhadrak,2025-07-01,-0.40866766064109394,-0.40866766064109394,-0.40866766064109394
Orissa,Bhadrak,2025-09-01,0.4456168051432968,0.4456168051432968,0.4456168051432968
Orissa,Bhadrak,2025-10-01,-0.6758201227261077,-0.6758201227261077,-0.6758201227261077
Orissa,Bhadrak,2025-11-01,-0.44022002875788346,-0.44022002875788346,-0.44022002875788346
Orissa,Bhadrak,2025-12-01,-0.5352380465375207,-0.5352380465375207,-0.5352380465375207
Orissa,Cuttack,2025-03-01,-0.4885707732579446,-0.4885707732579446,-0.4885707732579446
Orissa,Cuttack,2025-04-01,-0.4896823032691755,-0.4896823032691755,-0.4896823032691755
Orissa,Cuttack,2025-05-01,-0.46860049263031056,-0.46860049263031056,-0.46860049263031056
Orissa,Cuttack,2025-06-01,-0.4891257177507303,-0.4891257177507303,-0.4891257177507303
Orissa,Cuttack,2025-07-01,-0.39656212895039106,-0.39656212895039106,-0.39656212895039106
Orissa,Cuttack,2025-09-01,0.4472105328408685,0.4472105328408685,0.4472105328408685
Orissa,Cuttack,2025-10-01,-0.5968012485644415,-0.5968012485644415,-0.5968012485644415
Orissa,Cuttack,2025-11-01,-0.5083726299389913,-0.5083726299389913,-0.5083726299389913
Orissa,Cuttack,2025-12-01,-0.3981846034694605,-0.3981846034694605,-0.3981846034694605
Orissa,Debagarh,2025-09-01,-1.2933082402895142,-1.2933082402895142,-1.2933082402895142
Orissa,Debagarh,2025-10-01,-1.4561227174749103,-1.4561227174749103,-1.4561227174749103
Orissa,Debagarh,2025-11-01,-1.1479228151986656,-1.1479228151986656,-1.1479228151986656
Orissa,Debagarh,2025-12-01,-1.45766793839659,-1.45766793839659,-1.45766793839659
Orissa,Dhenkanal,2025-03-01,-0.6458033231611336,-0.6458033231611336,-0.6458033231611336
Orissa,Dhenkanal,2025-04-01,-0.599424916776483,-0.599424916776483,-0.599424916776483
Orissa,Dhenkanal,2025-05-01,-0.7227649093683214,-0.7227649093683214,-0.7227649093683214
Orissa,Dhenkanal,2025-06-01,-0.8778781354659955,-0.8778781354659955,-0.8778781354659955
Orissa,Dhenkanal,2025-07-01,-0.7416690639949659,-0.7416690639949659,-0.7416690639949659
Orissa,Dhenkanal,2025-09-01,0.2710689088006954,0.2710689088006954,0.2710689088006954
Orissa,Dhenkanal,2025-10-01,-0.8318750908650179,-0.8318750908650179,-0.8318750908650179
Orissa,Dhenkanal,2025-11-01,-0.6376096349853567,-0.6376096349853567,-0.6376096349853567
Orissa,Dhenkanal,2025-12-01,-0.4085689500914279,-0.4085689500914279,-0.4085689500914279
Orissa,Gajapati,2025-09-01,-0.9019958969807242,-0.9019958969807242,-0.9019958969807242
Orissa,Gajapati,2025-10-01,-1.4114930090704383,-1.4114930090704383,-1.4114930090704383
Orissa,Gajapati,2025-11-01,-0.11903684720687442,-0.11903684720687442,-0.11903684720687442
Orissa,Gajapati,2025-12-01,-1.2232754381876954,-1.2232754381876954,-1.2232754381876954
Orissa,Ganjam,2025-03-01,-0.455569541245387,-0.455569541245387,-0.455569541245387
Orissa,Ganjam,2025-04-01,-0.47136528584475734,-0.47136528584475734,-0.47136528584475734
Orissa,Ganjam,2025-05-01,-0.416041319595125,-0.416041319595125,-0.416041319595125
Orissa,Ganjam,2025-06-01,-0.4489116207780488,-0.4489116207780488,-0.4489116207780488
Orissa,Ganjam,2025-07-01,-0.46270154849596784,-0.46270154849596784,-0.46270154849596784
Orissa,Ganjam,2025-09-01,0.47719074840898285,0.47719074840898285,0.47719074840898285
Orissa,Ganjam,2025-10-01,-0.5255203542473945,-0.5255203542473945,-0.5255203542473945
Orissa,Ganjam,2025-11-01,-0.26276204370411227,-0.26276204370411227,-0.26276204370411227
Orissa,Ganjam,2025-12-01,-0.4161109980039624,-0.4161109980039624,-0.4161109980039624
Orissa,Jagatsinghapur,2025-09-01,-0.7924421089717367,-0.7924421089717367,-0.7924421089717367
Orissa,Jagatsinghapur,2025-10-01,-0.898258979801681,-0.898258979801681,-0.898258979801681
Orissa,Jagatsinghapur,2025-11-01,-0.908088615910247,-0.908088615910247,-0.908088615910247
Orissa,Jagatsinghapur,2025-12-01,-0.6675229397160151,-0.6675229397160151,-0.6675229397160151
Orissa,Jajapur,2025-03-01,-0.8201297291492549,-0.8201297291492549,-0.8201297291492549
Orissa,Jajapur,2025-04-01,-0.8201297291492549,-0.8201297291492549,-0.8201297291492549
Orissa,Jajapur,2025-05-01,-0.7617512416392922,-0.7617512416392922,-0.7617512416392922
Orissa,Jajapur,2025-07-01,-0.8139865977139493,-0.8139865977139493,-0.8139865977139493
Orissa,Jajapur,2025-09-01,0.17266166996168453,0.17266166996168453,0.17266166996168453
Orissa,Jajapur,2025-10-01,-0.8977286270985569,-0.8977286270985569,-0.8977286270985569
Orissa,Jajapur,2025-11-01,-0.5120828810737296,-0.5120828810737296,-0.5120828810737296
Orissa,Jajapur,2025-12-01,-0.7116419338405758,-0.7116419338405758,-0.7116419338405758
Orissa,Jajapur  *,2025-09-01,-1.3533531380983113,-1.3533531380983113,-1.3533531380983113
Orissa,Jajapur  *,2025-11-01,-1.2932484716713615,-1.2932484716713615,-1.2932484716713615
Orissa,Jharsuguda,2025-09-01,-0.9334751470787737,-0.9334751470787737,-0.9334751470787737
Orissa,Jharsuguda,2025-10-01,-0.8549766331523048,-0.8549766331523048,-0.8549766331523048
Orissa,Jharsuguda,2025-11-01,-1.0113285031242152,-1.0113285031242152,-1.0113285031242152
Orissa,Jharsuguda,2025-12-01,-1.0229217793286511,-1.0229217793286511,-1.0229217793286511
Orissa,Kalahandi,2025-09-01,-1.1677450842847739,-1.1677450842847739,-1.1677450842847739
Orissa,Kalahandi,2025-10-01,-1.21837144592056,-1.21837144592056,-1.21837144592056
Orissa,Kalahandi,2025-11-01,-0.9627372822444643,-0.9627372822444643,-0.9627372822444643
Orissa,Kalahandi,2025-12-01,-1.5618042181361123,-1.5618042181361123,-1.5618042181361123
Orissa,Kandhamal,2025-09-01,-0.7184451854623092,-0.7184451854623092,-0.7184451854623092
Orissa,Kandhamal,2025-10-01,-1.0549887819982369,-1.0549887819982369,-1.0549887819982369
Orissa,Kandhamal,2025-11-01,-0.6585845851251964,-0.6585845851251964,-0.6585845851251964
Orissa,Kandhamal,2025-12-01,-0.8010317464100616,-0.8010317464100616,-0.8010317464100616
Orissa,Kendrapara,2025-09-01,-0.7528443358862907,-0.7528443358862907,-0.7528443358862907
Orissa,Kendrapara,2025-10-01,-0.8909141892716593,-0.8909141892716593,-0.8909141892716593
Orissa,Kendrapara,2025-11-01,-0.9608920796030277,-0.9608920796030277,-0.9608920796030277
Orissa,Kendrapara,2025-12-01,0.11364025414657675,0.11364025414657675,0.11364025414657675
Orissa,Kendrapara *,2025-11-01,-1.4561139741661056,-1.4561139741661056,-1.4561139741661056
Orissa,Kendujhar,2025-05-01,-0.8265303484109311,-0.8265303484109311,-0.8265303484109311
Orissa,Kendujhar,2025-09-01,0.11754924140797925,0.11754924140797925,0.11754924140797925
Orissa,Kendujhar,2025-10-01,-1.0103333056985433,-1.0103333056985433,-1.0103333056985433
Orissa,Kendujhar,2025-11-01,-0.8734363489541094,-0.8734363489541094,-0.8734363489541094
Orissa,Kendujhar,2025-12-01,0.12326636576565006,0.12326636576565006,0.12326636576565006
Orissa,Khorda,2025-10-01,-1.2932907536719047,-1.2932907536719047,-1.2932907536719047
Orissa,Khorda,2025-11-01,-1.6646226029828777,-1.6646226029828777,-1.6646226029828777
Orissa,Khorda,2025-12-01,-0.38949745412189696,-0.38949745412189696,-0.38949745412189696
Orissa,Khordha,2025-03-01,-0.2799647567542147,-0.2799647567542147,-0.2799647567542147
Orissa,Khordha,2025-04-01,-0.2716080556511661,-0.2716080556511661,-0.2716080556511661
Orissa,Khordha,2025-05-01,-0.3439203370680544,-0.3439203370680544,-0.3439203370680544
Orissa,Khordha,2025-06-01,-0.49277335308784065,-0.49277335308784065,-0.49277335308784065
Orissa,Khordha,2025-07-01,-0.31286551022195774,-0.31286551022195774,-0.31286551022195774
Orissa,Khordha,2025-09-01,0.542871925462282,0.542871925462282,0.542871925462282
Orissa,Khordha,2025-10-01,-0.568165365891089,-0.568165365891089,-0.568165365891089
Orissa,Khordha,2025-11-01,-0.1759750648222514,-0.1759750648222514,-0.1759750648222514
Orissa,Khordha,2025-12-01,-0.348627271698154,-0.348627271698154,-0.348627271698154
Orissa,Khordha  *,2025-12-01,-1.3533429602460259,-1.3533429602460259,-1.3533429602460259
Orissa,Koraput,2025-03-01,-0.6861790654392546,-0.6861790654392546,-0.6861790654392546
Orissa,Koraput,2025-04-01,-0.7799305574208132,-0.7799305574208132,-0.7799305574208132
Orissa,Koraput,2025-05-01,-0.7864996396510747,-0.7864996396510747,-0.7864996396510747
Orissa,Koraput,2025-06-01,-0.7767481369734597,-0.7767481369734597,-0.7767481369734597
Orissa,Koraput,2025-07-01,-0.8100241505509356,-0.8100241505509356,-0.8100241505509356
Orissa,Koraput,2025-09-01,0.3193820070961358,0.3193820070961358,0.3193820070961358
Orissa,Koraput,2025-10-01,-0.8895653596831821,-0.8895653596831821,-0.8895653596831821
Orissa,Koraput,2025-11-01,-0.4982749742182149,-0.4982749742182149,-0.4982749742182149
Orissa,Koraput,2025-12-01,-0.7334111981127497,-0.7334111981127497,-0.7334111981127497
Orissa,Malkangiri,2025-07-01,-0.8974218967037834,-0.8974218967037834,-0.8974218967037834
Orissa,Malkangiri,2025-09-01,0.08755411134709436,0.08755411134709436,0.08755411134709436
Orissa,Malkangiri,2025-10-01,-1.1432823702515056,-1.1432823702515056,-1.1432823702515056
Orissa,Malkangiri,2025-11-01,-0.2486928267308699,-0.2486928267308699,-0.2486928267308699
Orissa,Malkangiri,2025-12-01,-0.6511436798145398,-0.6511436798145398,-0.6511436798145398
Orissa,Mayurbhanj,2025-09-01,-0.9472181842696104,-0.9472181842696104,-0.9472181842696104
Orissa,Mayurbhanj,2025-10-01,-1.263341909000171,-1.263341909000171,-1.263341909000171
Orissa,Mayurbhanj,2025-11-01,-0.2179349971073502,-0.2179349971073502,-0.2179349971073502
Orissa,Mayurbhanj,2025-12-01,-1.2481868862995127,-1.2481868862995127,-1.2481868862995127
Orissa,Nabarangapur,2025-09-01,-1.1675873906080083,-1.1675873906080083,-1.1675873906080083
Orissa,Nabarangapur,2025-10-01,-0.46521488498875546,-0.46521488498875546,-0.46521488498875546
Orissa,Nabarangapur,2025-11-01,-1.5816227804865113,-1.5816227804865113,-1.5816227804865113
Orissa,Nabarangapur,2025-12-01,-0.2597335367797622,-0.2597335367797622,-0.2597335367797622
Orissa,Nayagarh,2025-04-01,-0.7831800750876927,-0.7831800750876927,-0.7831800750876927
Orissa,Nayagarh,2025-05-01,-0.8841160086320945,-0.8841160086320945,-0.8841160086320945
Orissa,Nayagarh,2025-07-01,-0.75613703476656,-0.75613703476656,-0.75613703476656
Orissa,Nayagarh,2025-09-01,0.28926514900352,0.28926514900352,0.28926514900352
Orissa,Nayagarh,2025-10-01,-0.8050288431513718,-0.8050288431513718,-0.8050288431513718
Orissa,Nayagarh,2025-11-01,-0.41299823590396256,-0.41299823590396256,-0.41299823590396256
Orissa,Nayagarh,2025-12-01,-0.8235433477199577,-0.8235433477199577,-0.8235433477199577
Orissa,Nuapada,2025-09-01,-1.2505872131043743,-1.2505872131043743,-1.2505872131043743
Orissa,Nuapada,2025-10-01,-0.5253140698417119,-0.5253140698417119,-0.5253140698417119
Orissa,Nuapada,2025-11-01,-1.4561139741661056,-1.4561139741661056,-1.4561139741661056
Orissa,Puri,2025-03-01,-0.5096681194607668,-0.5096681194607668,-0.5096681194607668
Orissa,Puri,2025-04-01,-0.5610542302886476,-0.5610542302886476,-0.5610542302886476
Orissa,Puri,2025-05-01,-0.5686756942951754,-0.5686756942951754,-0.5686756942951754
Orissa,Puri,2025-06-01,-0.7493933913267282,-0.7493933913267282,-0.7493933913267282
Orissa,Puri,2025-07-01,-0.5874133529622547,-0.5874133529622547,-0.5874133529622547
Orissa,Puri,2025-09-01,0.39284515714513085,0.39284515714513085,0.39284515714513085
Orissa,Puri,2025-10-01,-0.7101973126881291,-0.7101973126881291,-0.7101973126881291
Orissa,Puri,2025-11-01,-0.34964842030682775,-0.34964842030682775,-0.34964842030682775
Orissa,Puri,2025-12-01,-0.43863635156561065,-0.43863635156561065,-0.43863635156561065
Orissa,Rayagada,2025-03-01,-0.6041600693653871,-0.6041600693653871,-0.6041600693653871
Orissa,Rayagada,2025-04-01,-0.6879548344417303,-0.6879548344417303,-0.6879548344417303
Orissa,Rayagada,2025-05-01,-0.7848309095880317,-0.7848309095880317,-0.7848309095880317
Orissa,Rayagada,2025-06-01,-0.7284308447357875,-0.7284308447357875,-0.7284308447357875
Orissa,Rayagada,2025-07-01,-0.731931484816106,-0.731931484816106,-0.731931484816106
Orissa,Rayagada,2025-09-01,0.2763521820738005,0.2763521820738005,0.2763521820738005
Orissa,Rayagada,2025-10-01,-0.9540620567889425,-0.9540620567889425,-0.9540620567889425
Orissa,Rayagada,2025-11-01,-0.3490064579223037,-0.3490064579223037,-0.3490064579223037
Orissa,Rayagada,2025-12-01,-0.7585805224975527,-0.7585805224975527,-0.7585805224975527
Orissa,Sambalpur,2025-09-01,-0.7673975811309783,-0.7673975811309783,-0.7673975811309783
Orissa,Sambalpur,2025-10-01,-0.19712352227416277,-0.19712352227416277,-0.19712352227416277
Orissa,Sambalpur,2025-11-01,-0.945047654627157,-0.945047654627157,-0.945047654627157
Orissa,Sambalpur,2025-12-01,-0.8364845974416125,-0.8364845974416125,-0.8364845974416125
Orissa,Sonapur,2025-09-01,-0.8621789871683326,-0.8621789871683326,-0.8621789871683326
Orissa,Sonapur,2025-10-01,-1.1634222650940957,-1.1634222650940957,-1.1634222650940957
Orissa,Sonapur,2025-11-01,-0.8885606499935247,-0.8885606499935247,-0.8885606499935247
Orissa,Sonapur,2025-12-01,-0.7950953333355268,-0.7950953333355268,-0.7950953333355268
Orissa,Subarnapur,2025-09-01,-0.93329851786133,-0.93329851786133,-0.93329851786133
Orissa,Subarnapur,2025-10-01,-0.8937186993312174,-0.8937186993312174,-0.8937186993312174
Orissa,Subarnapur,2025-11-01,-1.2879758057901294,-1.2879758057901294,-1.2879758057901294
Orissa,Subarnapur,2025-12-01,-1.4257299994304473,-1.4257299994304473,-1.4257299994304473
Orissa,Sundargarh,2025-03-01,-0.8426011590634832,-0.8426011590634832,-0.8426011590634832
Orissa,Sundargarh,2025-06-01,-0.7547646732158897,-0.7547646732158897,-0.7547646732158897
Orissa,Sundargarh,2025-07-01,-0.6980928526180028,-0.6980928526180028,-0.6980928526180028
Orissa,Sundargarh,2025-09-01,0.24681206783595308,0.24681206783595308,0.24681206783595308
Orissa,Sundargarh,2025-10-01,-0.7775882297348089,-0.7775882297348089,-0.7775882297348089
Orissa,Sundargarh,2025-11-01,-0.533369680486327,-0.533369680486327,-0.533369680486327
Orissa,Sundargarh,2025-12-01,-0.7036024901679793,-0.7036024901679793,-0.7036024901679793
Orissa,Sundergarh,2025-09-01,-1.3533848495987186,-1.3533848495987186,-1.3533848495987186
Orissa,Sundergarh,2025-12-01,-1.7072736836975795,-1.7072736836975795,-1.7072736836975795
Pondicherry,Cuddalore,2025-09-01,-1.293228115966791,-1.293228115966791,-1.293228115966791
Pondicherry,Cuddalore,2025-10-01,-1.293228115966791,-1.293228115966791,-1.293228115966791
Pondicherry,Cuddalore,2025-11-01,-1.293228115966791,-1.293228115966791,-1.293228115966791
Pondicherry,Karaikal,2025-07-01,-0.6742731201393591,-0.6742731201393591,-0.6742731201393591
Pondicherry,Karaikal,2025-09-01,0.40686952869133,0.40686952869133,0.40686952869133
Pondicherry,Karaikal,2025-10-01,-0.7355929156908493,-0.7355929156908493,-0.7355929156908493
Pondicherry,Karaikal,2025-11-01,-0.3257698218930862,-0.3257698218930862,-0.3257698218930862
Pondicherry,Karaikal,2025-12-01,-0.7132072675328779,-0.7132072675328779,-0.7132072675328779
Pondicherry,Pondicherry,2025-03-01,-0.2391547391593149,-0.2391547391593149,-0.2391547391593149
Pondicherry,Pondicherry,2025-04-01,-0.2643149432738549,-0.2643149432738549,-0.2643149432738549
Pondicherry,Pondicherry,2025-05-01,-0.2359899626694184,-0.2359899626694184,-0.2359899626694184
Pondicherry,Pondicherry,2025-06-01,-0.2308760316634148,-0.2308760316634148,-0.2308760316634148
Pondicherry,Pondicherry,2025-07-01,-0.19903370593731184,-0.19903370593731184,-0.19903370593731184
Pondicherry,Pondicherry,2025-09-01,0.6619200233237367,0.6619200233237367,0.6619200233237367
Pondicherry,Pondicherry,2025-10-01,-0.4935086262281628,-0.4935086262281628,-0.4935086262281628
Pondicherry,Pondicherry,2025-11-01,0.10025768746784666,0.10025768746784666,0.10025768746784666
Pondicherry,Pondicherry,2025-12-01,-0.46897993679980343,-0.46897993679980343,-0.46897993679980343
Pondicherry,Viluppuram,2025-09-01,-1.293228115966791,-1.293228115966791,-1.293228115966791
Pondicherry,Viluppuram,2025-10-01,-1.293228115966791,-1.293228115966791,-1.293228115966791
Pondicherry,Viluppuram,2025-11-01,-1.2505668573998039,-1.2505668573998039,-1.2505668573998039
Pondicherry,Viluppuram,2025-12-01,-1.3533429602460259,-1.3533429602460259,-1.3533429602460259
Pondicherry,Yanam,2025-09-01,-0.7299783853542101,-0.7299783853542101,-0.7299783853542101
Pondicherry,Yanam,2025-10-01,-1.0344802850345878,-1.0344802850345878,-1.0344802850345878
Pondicherry,Yanam,2025-11-01,-0.7293807525618503,-0.7293807525618503,-0.7293807525618503
Pondicherry,Yanam,2025-12-01,-0.7136081893132654,-0.7136081893132654,-0.7136081893132654
Puducherry,Karaikal,2025-03-01,-0.2231457132645549,-0.2231457132645549,-0.2231457132645549
Puducherry,Karaikal,2025-04-01,-0.35849230084088046,-0.35849230084088046,-0.35849230084088046
Puducherry,Karaikal,2025-05-01,-0.33592860815877096,-0.33592860815877096,-0.33592860815877096
Puducherry,Karaikal,2025-06-01,-0.34973031301264185,-0.34973031301264185,-0.34973031301264185
Puducherry,Karaikal,2025-07-01,-0.32002949867423675,-0.32002949867423675,-0.32002949867423675
Puducherry,Karaikal,2025-09-01,0.5963849699824174,0.5963849699824174,0.5963849699824174
Puducherry,Karaikal,2025-10-01,-0.550875171377931,-0.550875171377931,-0.550875171377931
Puducherry,Karaikal,2025-11-01,-0.24412425900624515,-0.24412425900624515,-0.24412425900624515
Puducherry,Karaikal,2025-12-01,-0.4547022613474667,-0.4547022613474667,-0.4547022613474667
Puducherry,Pondicherry,2025-09-01,-0.9563121775871776,-0.9563121775871776,-0.9563121775871776
Puducherry,Pondicherry,2025-10-01,-0.2596622866484605,-0.2596622866484605,-0.2596622866484605
Puducherry,Pondicherry,2025-11-01,-0.9911743659838719,-0.9911743659838719,-0.9911743659838719
Puducherry,Pondicherry,2025-12-01,-1.0119420346855086,-1.0119420346855086,-1.0119420346855086
Puducherry,Puducherry,2025-03-01,-0.043915141412061896,-0.043915141412061896,-0.043915141412061896
Puducherry,Puducherry,2025-04-01,-0.23172289158287923,-0.23172289158287923,-0.23172289158287923
Puducherry,Puducherry,2025-05-01,-0.15357160205855475,-0.15357160205855475,-0.15357160205855475
Puducherry,Puducherry,2025-06-01,-0.18571829446384536,-0.18571829446384536,-0.18571829446384536
Puducherry,Puducherry,2025-07-01,-0.02398191215470167,-0.02398191215470167,-0.02398191215470167
Puducherry,Puducherry,2025-09-01,0.7064024655978615,0.7064024655978615,0.7064024655978615
Puducherry,Puducherry,2025-10-01,-0.3872165958146796,-0.3872165958146796,-0.3872165958146796
Puducherry,Puducherry,2025-11-01,0.13367213506140554,0.13367213506140554,0.13367213506140554
Puducherry,Puducherry,2025-12-01,-0.2749707379830605,-0.2749707379830605,-0.2749707379830605
Puducherry,Yanam,2025-09-01,-0.8262385374177731,-0.8262385374177731,-0.8262385374177731
Puducherry,Yanam,2025-10-01,-1.278060722512851,-1.278060722512851,-1.278060722512851
Puducherry,Yanam,2025-11-01,-0.9468782109453321,-0.9468782109453321,-0.9468782109453321
Puducherry,Yanam,2025-12-01,-1.2670515468735526,-1.2670515468735526,-1.2670515468735526
Punjab,Amritsar,2025-03-01,0.13119887033987174,0.13119887033987174,0.13119887033987174
Punjab,Amritsar,2025-04-01,0.8527653539986434,0.8527653539986434,0.8527653539986434
Punjab,Amritsar,2025-05-01,-0.029972153728402177,-0.029972153728402177,-0.029972153728402177
Punjab,Amritsar,2025-06-01,0.5078338675372369,0.5078338675372369,0.5078338675372369
Punjab,Amritsar,2025-07-01,0.9518959419366884,0.9518959419366884,0.9518959419366884
Punjab,Amritsar,2025-09-01,0.1547545211570805,0.1547545211570805,0.1547545211570805
Punjab,Amritsar,2025-10-01,-0.22961284806001905,-0.22961284806001905,-0.22961284806001905
Punjab,Amritsar,2025-11-01,0.2735291945610615,0.2735291945610615,0.2735291945610615
Punjab,Amritsar,2025-12-01,-0.14477530530231109,-0.14477530530231109,-0.14477530530231109
Punjab,Barnala,2025-03-01,0.13170834275190138,0.13170834275190138,0.13170834275190138
Punjab,Barnala,2025-04-01,-0.11819913369934774,-0.11819913369934774,-0.11819913369934774
Punjab,Barnala,2025-05-01,-0.11292659065815926,-0.11292659065815926,-0.11292659065815926
Punjab,Barnala,2025-06-01,-0.057675231073185354,-0.057675231073185354,-0.057675231073185354
Punjab,Barnala,2025-07-01,-0.023662920088052063,-0.023662920088052063,-0.023662920088052063
Punjab,Barnala,2025-09-01,0.6173894661896971,0.6173894661896971,0.6173894661896971
Punjab,Barnala,2025-10-01,-0.32150606017949895,-0.32150606017949895,-0.32150606017949895
Punjab,Barnala,2025-11-01,-0.059389946671702346,-0.059389946671702346,-0.059389946671702346
Punjab,Barnala,2025-12-01,-0.3490484018311412,-0.3490484018311412,-0.3490484018311412
Punjab,Bathinda,2025-03-01,0.5906687175169738,0.5906687175169738,0.5906687175169738
Punjab,Bathinda,2025-04-01,0.24932228824342917,0.24932228824342917,0.24932228824342917
Punjab,Bathinda,2025-05-01,0.2790826093343509,0.2790826093343509,0.2790826093343509
Punjab,Bathinda,2025-06-01,0.3340800535064437,0.3340800535064437,0.3340800535064437
Punjab,Bathinda,2025-07-01,0.521493252960536,0.521493252960536,0.521493252960536
Punjab,Bathinda,2025-09-01,0.8006526428972608,0.8006526428972608,0.8006526428972608
Punjab,Bathinda,2025-10-01,-0.27717411568185446,-0.27717411568185446,-0.27717411568185446
Punjab,Bathinda,2025-11-01,0.09216349356695255,0.09216349356695255,0.09216349356695255
Punjab,Bathinda,2025-12-01,-0.1643747138863576,-0.1643747138863576,-0.1643747138863576
Punjab,Faridkot,2025-03-01,0.15706541324669557,0.15706541324669557,0.15706541324669557
Punjab,Faridkot,2025-04-01,-0.04409118557157422,-0.04409118557157422,-0.04409118557157422
Punjab,Faridkot,2025-05-01,-0.06324844346807049,-0.06324844346807049,-0.06324844346807049
Punjab,Faridkot,2025-06-01,-0.047923395875697036,-0.047923395875697036,-0.047923395875697036
Punjab,Faridkot,2025-07-01,0.08903298320547834,0.08903298320547834,0.08903298320547834
Punjab,Faridkot,2025-09-01,0.6408249166811492,0.6408249166811492,0.6408249166811492
Punjab,Faridkot,2025-10-01,-0.49567243518732673,-0.49567243518732673,-0.49567243518732673
Punjab,Faridkot,2025-11-01,0.14449352455368875,0.14449352455368875,0.14449352455368875
Punjab,Faridkot,2025-12-01,-0.270443107393486,-0.270443107393486,-0.270443107393486
Punjab,Fatehgarh Sahib,2025-03-01,0.1502173497315406,0.1502173497315406,0.1502173497315406
Punjab,Fatehgarh Sahib,2025-04-01,-0.11083353555081177,-0.11083353555081177,-0.11083353555081177
Punjab,Fatehgarh Sahib,2025-05-01,-0.11460754351637376,-0.11460754351637376,-0.11460754351637376
Punjab,Fatehgarh Sahib,2025-06-01,-0.06305756057523704,-0.06305756057523704,-0.06305756057523704
Punjab,Fatehgarh Sahib,2025-07-01,0.10830541162368418,0.10830541162368418,0.10830541162368418
Punjab,Fatehgarh Sahib,2025-09-01,0.6492327763311903,0.6492327763311903,0.6492327763311903
Punjab,Fatehgarh Sahib,2025-10-01,-0.42753817692186896,-0.42753817692186896,-0.42753817692186896
Punjab,Fatehgarh Sahib,2025-11-01,-0.006205190974285867,-0.006205190974285867,-0.006205190974285867
Punjab,Fatehgarh Sahib,2025-12-01,-0.32016901671035114,-0.32016901671035114,-0.32016901671035114
Punjab,Fazilka,2025-03-01,0.3966011499783588,0.3966011499783588,0.3966011499783588
Punjab,Fazilka,2025-04-01,0.07087749975543359,0.07087749975543359,0.07087749975543359
Punjab,Fazilka,2025-05-01,0.049310650672691414,0.049310650672691414,0.049310650672691414
Punjab,Fazilka,2025-06-01,0.22912844306383845,0.22912844306383845,0.22912844306383845
Punjab,Fazilka,2025-07-01,0.4305663464093492,0.4305663464093492,0.4305663464093492
Punjab,Fazilka,2025-09-01,0.7516277027195194,0.7516277027195194,0.7516277027195194
Punjab,Fazilka,2025-10-01,-0.3999097444043122,-0.3999097444043122,-0.3999097444043122
Punjab,Fazilka,2025-11-01,-0.04575882146004351,-0.04575882146004351,-0.04575882146004351
Punjab,Fazilka,2025-12-01,-0.17545239365266055,-0.17545239365266055,-0.17545239365266055
Punjab,Ferozepur,2025-03-01,0.48403704965947225,0.48403704965947225,0.48403704965947225
Punjab,Ferozepur,2025-04-01,0.07522034985054046,0.07522034985054046,0.07522034985054046
Punjab,Ferozepur,2025-05-01,-0.0075626562868356985,-0.0075626562868356985,-0.0075626562868356985
Punjab,Ferozepur,2025-06-01,0.03320621113249407,0.03320621113249407,0.03320621113249407
Punjab,Ferozepur,2025-07-01,0.37943614173230666,0.37943614173230666,0.37943614173230666
Punjab,Ferozepur,2025-09-01,0.7155465769201852,0.7155465769201852,0.7155465769201852
Punjab,Ferozepur,2025-10-01,-0.4107606266675711,-0.4107606266675711,-0.4107606266675711
Punjab,Ferozepur,2025-11-01,0.028988238798351416,0.028988238798351416,0.028988238798351416
Punjab,Ferozepur,2025-12-01,-0.31837129848648893,-0.31837129848648893,-0.31837129848648893
Punjab,Firozpur,2025-03-01,-0.22679924291276304,-0.22679924291276304,-0.22679924291276304
Punjab,Firozpur,2025-04-01,-0.35819500876085486,-0.35819500876085486,-0.35819500876085486
Punjab,Firozpur,2025-05-01,-0.5509951267417648,-0.5509951267417648,-0.5509951267417648
Punjab,Firozpur,2025-06-01,-0.33879256129507906,-0.33879256129507906,-0.33879256129507906
Punjab,Firozpur,2025-07-01,-0.30758649792186443,-0.30758649792186443,-0.30758649792186443
Punjab,Firozpur,2025-09-01,0.569912802063046,0.569912802063046,0.569912802063046
Punjab,Firozpur,2025-10-01,-0.6266609953851594,-0.6266609953851594,-0.6266609953851594
Punjab,Firozpur,2025-11-01,-0.08594338279866534,-0.08594338279866534,-0.08594338279866534
Punjab,Firozpur,2025-12-01,-0.43031928399970637,-0.43031928399970637,-0.43031928399970637
Punjab,Gurdaspur,2025-03-01,0.9276080538400286,0.9276080538400286,0.9276080538400286
Punjab,Gurdaspur,2025-04-01,0.8340518140293742,0.8340518140293742,0.8340518140293742
Punjab,Gurdaspur,2025-05-01,-0.25760562672454995,-0.25760562672454995,-0.25760562672454995
Punjab,Gurdaspur,2025-06-01,0.1728195155639717,0.1728195155639717,0.1728195155639717
Punjab,Gurdaspur,2025-07-01,0.9382168468218564,0.9382168468218564,0.9382168468218564
Punjab,Gurdaspur,2025-09-01,0.5069942580309461,0.5069942580309461,0.5069942580309461
Punjab,Gurdaspur,2025-10-01,-0.22556415726985773,-0.22556415726985773,-0.22556415726985773
Punjab,Gurdaspur,2025-11-01,0.1371820322711288,0.1371820322711288,0.1371820322711288
Punjab,Gurdaspur,2025-12-01,-0.1913289851918135,-0.1913289851918135,-0.1913289851918135
Punjab,Hoshiarpur,2025-03-01,0.6366482190040845,0.6366482190040845,0.6366482190040845
Punjab,Hoshiarpur,2025-04-01,0.7734645934710169,0.7734645934710169,0.7734645934710169
Punjab,Hoshiarpur,2025-05-01,-0.1330089310168887,-0.1330089310168887,-0.1330089310168887
Punjab,Hoshiarpur,2025-06-01,0.06444454266083928,0.06444454266083928,0.06444454266083928
Punjab,Hoshiarpur,2025-07-01,0.09583266739278563,0.09583266739278563,0.09583266739278563
Punjab,Hoshiarpur,2025-09-01,0.6384248688686083,0.6384248688686083,0.6384248688686083
Punjab,Hoshiarpur,2025-10-01,-0.2989443447017993,-0.2989443447017993,-0.2989443447017993
Punjab,Hoshiarpur,2025-11-01,0.20341875823502584,0.20341875823502584,0.20341875823502584
Punjab,Hoshiarpur,2025-12-01,-0.17451735041266392,-0.17451735041266392,-0.17451735041266392
Punjab,Jalandhar,2025-03-01,1.1247895745016945,1.0573022000315928,1.0263704867327963
Punjab,Jalandhar,2025-04-01,0.5865359570776907,0.5865359570776907,0.5865359570776907
Punjab,Jalandhar,2025-05-01,0.5007638693054186,0.5007638693054186,0.5007638693054186
Punjab,Jalandhar,2025-06-01,0.49136258834594027,0.49136258834594027,0.49136258834594027
Punjab,Jalandhar,2025-07-01,0.733056980379329,0.733056980379329,0.733056980379329
Punjab,Jalandhar,2025-09-01,0.8290426861509036,0.8290426861509036,0.8290426861509036
Punjab,Jalandhar,2025-10-01,-0.1912412738790962,-0.1912412738790962,-0.1912412738790962
Punjab,Jalandhar,2025-11-01,0.07531980454180995,0.07531980454180995,0.07531980454180995
Punjab,Jalandhar,2025-12-01,-0.14206008563543732,-0.14206008563543732,-0.14206008563543732
Punjab,Kapurthala,2025-03-01,0.19902635724793918,0.19902635724793918,0.19902635724793918
Punjab,Kapurthala,2025-04-01,0.6928437858626796,0.6928437858626796,0.6928437858626796
Punjab,Kapurthala,2025-05-01,-0.31567558937432855,-0.31567558937432855,-0.31567558937432855
Punjab,Kapurthala,2025-06-01,-0.2322850180242989,-0.2322850180242989,-0.2322850180242989
Punjab,Kapurthala,2025-07-01,0.20792838265348612,0.20792838265348612,0.20792838265348612
Punjab,Kapurthala,2025-09-01,-0.20403938802986873,-0.20403938802986873,-0.20403938802986873
Punjab,Kapurthala,2025-10-01,-0.3447243252657801,-0.3447243252657801,-0.3447243252657801
Punjab,Kapurthala,2025-11-01,0.20833940217356808,0.20833940217356808,0.20833940217356808
Punjab,Kapurthala,2025-12-01,-0.2576395528327301,-0.2576395528327301,-0.2576395528327301
Punjab,Ludhiana,2025-03-01,0.16499438019788293,0.16499438019788293,0.16499438019788293
Punjab,Ludhiana,2025-04-01,0.9064405126208853,0.9064405126208853,0.9064405126208853
Punjab,Ludhiana,2025-05-01,-0.13276223473796217,-0.13276223473796217,-0.13276223473796217
Punjab,Ludhiana,2025-06-01,0.1892681984692778,0.1892681984692778,0.1892681984692778
Punjab,Ludhiana,2025-07-01,0.4644808004218425,0.4644808004218425,0.4644808004218425
Punjab,Ludhiana,2025-09-01,0.04478834788605651,0.04478834788605651,0.04478834788605651
Punjab,Ludhiana,2025-10-01,-0.18107301998226338,-0.18107301998226338,-0.18107301998226338
Punjab,Ludhiana,2025-11-01,0.2733167810796045,0.2733167810796045,0.2733167810796045
Punjab,Ludhiana,2025-12-01,-0.06981848499986978,-0.06981848499986978,-0.06981848499986978
Punjab,Malerkotla,2025-03-01,-0.03958551514805313,-0.03958551514805313,-0.03958551514805313
Punjab,Malerkotla,2025-04-01,-0.3375611277739203,-0.3375611277739203,-0.3375611277739203
Punjab,Malerkotla,2025-05-01,-0.2732174303681132,-0.2732174303681132,-0.2732174303681132
Punjab,Malerkotla,2025-06-01,-0.31398379344274185,-0.31398379344274185,-0.31398379344274185
Punjab,Malerkotla,2025-07-01,0.06164088803680987,0.06164088803680987,0.06164088803680987
Punjab,Malerkotla,2025-09-01,0.5496688702018122,0.5496688702018122,0.5496688702018122
Punjab,Malerkotla,2025-10-01,-0.5432972231317391,-0.5432972231317391,-0.5432972231317391
Punjab,Malerkotla,2025-11-01,-0.13818736900188158,-0.13818736900188158,-0.13818736900188158
Punjab,Malerkotla,2025-12-01,-0.4100631141055723,-0.4100631141055723,-0.4100631141055723
Punjab,Mansa,2025-03-01,0.44566043925144655,0.44566043925144655,0.44566043925144655
Punjab,Mansa,2025-04-01,0.05748813651025737,0.05748813651025737,0.05748813651025737
Punjab,Mansa,2025-05-01,0.12046547768220722,0.12046547768220722,0.12046547768220722
Punjab,Mansa,2025-06-01,0.1650065423357106,0.1650065423357106,0.1650065423357106
Punjab,Mansa,2025-07-01,0.22891267694981693,0.22891267694981693,0.22891267694981693
Punjab,Mansa,2025-09-01,0.6933588263055468,0.6933588263055468,0.6933588263055468
Punjab,Mansa,2025-10-01,-0.339368976598798,-0.339368976598798,-0.339368976598798
Punjab,Mansa,2025-11-01,-0.04340737082442255,-0.04340737082442255,-0.04340737082442255
Punjab,Mansa,2025-12-01,-0.2573659875069767,-0.2573659875069767,-0.2573659875069767
Punjab,Moga,2025-03-01,0.30701292409681596,0.30701292409681596,0.30701292409681596
Punjab,Moga,2025-04-01,0.11269922613203066,0.11269922613203066,0.11269922613203066
Punjab,Moga,2025-05-01,0.10692750734854477,0.10692750734854477,0.10692750734854477
Punjab,Moga,2025-06-01,0.20162203100879222,0.20162203100879222,0.20162203100879222
Punjab,Moga,2025-07-01,0.3133779416738681,0.3133779416738681,0.3133779416738681
Punjab,Moga,2025-09-01,0.7181151948949215,0.7181151948949215,0.7181151948949215
Punjab,Moga,2025-10-01,-0.385684824742814,-0.385684824742814,-0.385684824742814
Punjab,Moga,2025-11-01,0.07256839732025795,0.07256839732025795,0.07256839732025795
Punjab,Moga,2025-12-01,-0.26741083340424493,-0.26741083340424493,-0.26741083340424493
Punjab,Muktsar,2025-03-01,-0.36650992375802055,-0.36650992375802055,-0.36650992375802055
Punjab,Muktsar,2025-04-01,-0.38128364219186395,-0.38128364219186395,-0.38128364219186395
Punjab,Muktsar,2025-05-01,-0.4341152794897222,-0.4341152794897222,-0.4341152794897222
Punjab,Muktsar,2025-06-01,-0.39568514334760896,-0.39568514334760896,-0.39568514334760896
Punjab,Muktsar,2025-07-01,-0.3719592688463975,-0.3719592688463975,-0.3719592688463975
Punjab,Muktsar,2025-09-01,0.47689230294186286,0.47689230294186286,0.47689230294186286
Punjab,Muktsar,2025-10-01,-0.663421464934358,-0.663421464934358,-0.663421464934358
Punjab,Muktsar,2025-11-01,-0.15545039736050567,-0.15545039736050567,-0.15545039736050567
Punjab,Muktsar,2025-12-01,-0.4643926432505111,-0.4643926432505111,-0.4643926432505111
Punjab,Nawanshahr,2025-07-01,-0.7130547164197371,-0.7130547164197371,-0.7130547164197371
Punjab,Nawanshahr,2025-09-01,0.4624155773500678,0.4624155773500678,0.4624155773500678
Punjab,Nawanshahr,2025-10-01,-0.5082359757543798,-0.5082359757543798,-0.5082359757543798
Punjab,Nawanshahr,2025-11-01,-0.15541297983365082,-0.15541297983365082,-0.15541297983365082
Punjab,Nawanshahr,2025-12-01,-0.5200786485107451,-0.5200786485107451,-0.5200786485107451
Punjab,Pathankot,2025-03-01,-0.049169931022794856,-0.049169931022794856,-0.049169931022794856
Punjab,Pathankot,2025-04-01,-0.2025684435605915,-0.2025684435605915,-0.2025684435605915
Punjab,Pathankot,2025-05-01,-0.0912352249142848,-0.0912352249142848,-0.0912352249142848
Punjab,Pathankot,2025-06-01,-0.04605591206813679,-0.04605591206813679,-0.04605591206813679
Punjab,Pathankot,2025-07-01,0.030910224306336956,0.030910224306336956,0.030910224306336956
Punjab,Pathankot,2025-09-01,0.6045438796380433,0.6045438796380433,0.6045438796380433
Punjab,Pathankot,2025-10-01,-0.4817372041993297,-0.4817372041993297,-0.4817372041993297
Punjab,Pathankot,2025-11-01,0.19331580653151884,0.19331580653151884,0.19331580653151884
Punjab,Pathankot,2025-12-01,-0.26671368083927327,-0.26671368083927327,-0.26671368083927327
Punjab,Patiala,2025-03-01,0.9040213672135948,0.9040213672135948,0.9040213672135948
Punjab,Patiala,2025-04-01,0.6516345450439309,0.6516345450439309,0.6516345450439309
Punjab,Patiala,2025-05-01,0.8707875400652384,0.8707875400652384,0.8707875400652384
Punjab,Patiala,2025-06-01,0.33505256266726446,0.33505256266726446,0.33505256266726446
Punjab,Patiala,2025-07-01,0.9327088095395272,0.9327088095395272,0.9327088095395272
Punjab,Patiala,2025-09-01,0.154154595680361,0.154154595680361,0.154154595680361
Punjab,Patiala,2025-10-01,-0.26956437280928475,-0.26956437280928475,-0.26956437280928475
Punjab,Patiala,2025-11-01,0.044775047961298095,0.044775047961298095,0.044775047961298095
Punjab,Patiala,2025-12-01,-0.1108517941560558,-0.1108517941560558,-0.1108517941560558
Punjab,Rupnagar,2025-03-01,0.1252136699094814,0.1252136699094814,0.1252136699094814
Punjab,Rupnagar,2025-04-01,-0.020864702615713347,-0.020864702615713347,-0.020864702615713347
Punjab,Rupnagar,2025-05-01,-0.029536277622637358,-0.029536277622637358,-0.029536277622637358
Punjab,Rupnagar,2025-06-01,0.04045164592284166,0.04045164592284166,0.04045164592284166
Punjab,Rupnagar,2025-07-01,0.20894156189708107,0.20894156189708107,0.20894156189708107
Punjab,Rupnagar,2025-09-01,0.6543093749971771,0.6543093749971771,0.6543093749971771
Punjab,Rupnagar,2025-10-01,-0.4915630340556312,-0.4915630340556312,-0.4915630340556312
Punjab,Rupnagar,2025-11-01,0.3255552905635794,0.3255552905635794,0.3255552905635794
Punjab,Rupnagar,2025-12-01,-0.322729776239903,-0.322729776239903,-0.322729776239903
Punjab,S.A.S Nagar,2025-06-01,-1.456140018722015,-1.456140018722015,-1.456140018722015
Punjab,S.A.S Nagar,2025-07-01,-1.2491223854272,-1.2491223854272,-1.2491223854272
Punjab,S.A.S Nagar(Mohali),2025-03-01,-0.6513944233821707,-0.6513944233821707,-0.6513944233821707
Punjab,S.A.S Nagar(Mohali),2025-04-01,-0.7391771225919515,-0.7391771225919515,-0.7391771225919515
Punjab,S.A.S Nagar(Mohali),2025-06-01,-0.6990474405432334,-0.6990474405432334,-0.6990474405432334
Punjab,S.A.S Nagar(Mohali),2025-07-01,-0.5131145979089198,-0.5131145979089198,-0.5131145979089198
Punjab,S.A.S Nagar(Mohali),2025-09-01,0.39974087629677985,0.39974087629677985,0.39974087629677985
Punjab,S.A.S Nagar(Mohali),2025-10-01,-0.701237268184731,-0.701237268184731,-0.701237268184731
Punjab,S.A.S Nagar(Mohali),2025-11-01,-0.26001356088235195,-0.26001356088235195,-0.26001356088235195
Punjab,S.A.S Nagar(Mohali),2025-12-01,-0.5378900978615319,-0.5378900978615319,-0.5378900978615319
Punjab,SAS Nagar (Mohali),2025-03-01,0.43817877951095363,0.43817877951095363,0.43817877951095363
Punjab,SAS Nagar (Mohali),2025-04-01,0.7204241888614756,0.7204241888614756,0.7204241888614756
Punjab,SAS Nagar (Mohali),2025-05-01,-0.23688494500951757,-0.23688494500951757,-0.23688494500951757
Punjab,SAS Nagar (Mohali),2025-06-01,0.31770182752194587,0.31770182752194587,0.31770182752194587
Punjab,SAS Nagar (Mohali),2025-07-01,0.5982132219704606,0.5982132219704606,0.5982132219704606
Punjab,SAS Nagar (Mohali),2025-09-01,0.7458828919220786,0.7458828919220786,0.7458828919220786
Punjab,SAS Nagar (Mohali),2025-10-01,-0.3330770924854829,-0.3330770924854829,-0.3330770924854829
Punjab,SAS Nagar (Mohali),2025-11-01,0.14037563566676003,0.14037563566676003,0.14037563566676003
Punjab,SAS Nagar (Mohali),2025-12-01,-0.21766411852996195,-0.21766411852996195,-0.21766411852996195
Punjab,Sangrur,2025-03-01,0.5212708281595229,0.5212708281595229,0.5212708281595229
Punjab,Sangrur,2025-04-01,0.7194310754135087,0.7194310754135087,0.7194310754135087
Punjab,Sangrur,2025-05-01,-0.23649289551235453,-0.23649289551235453,-0.23649289551235453
Punjab,Sangrur,2025-06-01,0.19948040612222523,0.19948040612222523,0.19948040612222523
Punjab,Sangrur,2025-07-01,0.37636381594315815,0.37636381594315815,0.37636381594315815
Punjab,Sangrur,2025-09-01,0.7686317012517647,0.7686317012517647,0.7686317012517647
Punjab,Sangrur,2025-10-01,-0.33513416644182786,-0.33513416644182786,-0.33513416644182786
Punjab,Sangrur,2025-11-01,0.14445672605724064,0.14445672605724064,0.14445672605724064
Punjab,Sangrur,2025-12-01,-0.18173827096940495,-0.18173827096940495,-0.18173827096940495
Punjab,Shaheed Bhagat Singh Nagar,2025-03-01,-0.0741386839789041,-0.0741386839789041,-0.0741386839789041
Punjab,Shaheed Bhagat Singh Nagar,2025-04-01,-0.14918803137843628,-0.14918803137843628,-0.14918803137843628
Punjab,Shaheed Bhagat Singh Nagar,2025-05-01,-0.12524938511428063,-0.12524938511428063,-0.12524938511428063
Punjab,Shaheed Bhagat Singh Nagar,2025-06-01,-0.11678746489626927,-0.11678746489626927,-0.11678746489626927
Punjab,Shaheed Bhagat Singh Nagar,2025-07-01,-0.03515995985031817,-0.03515995985031817,-0.03515995985031817
Punjab,Shaheed Bhagat Singh Nagar,2025-09-01,0.5874961819113313,0.5874961819113313,0.5874961819113313
Punjab,Shaheed Bhagat Singh Nagar,2025-10-01,-0.5237708036571045,-0.5237708036571045,-0.5237708036571045
Punjab,Shaheed Bhagat Singh Nagar,2025-11-01,0.23516636855700684,0.23516636855700684,0.23516636855700684
Punjab,Shaheed Bhagat Singh Nagar,2025-12-01,-0.40321319240951153,-0.40321319240951153,-0.40321319240951153
Punjab,Sri Muktsar Sahib,2025-03-01,0.4649545782961487,0.4649545782961487,0.4649545782961487
Punjab,Sri Muktsar Sahib,2025-04-01,0.0961050937116258,0.0961050937116258,0.0961050937116258
Punjab,Sri Muktsar Sahib,2025-05-01,-0.027792701250000204,-0.027792701250000204,-0.027792701250000204
Punjab,Sri Muktsar Sahib,2025-06-01,0.10920972809879505,0.10920972809879505,0.10920972809879505
Punjab,Sri Muktsar Sahib,2025-07-01,0.16076127392073614,0.16076127392073614,0.16076127392073614
Punjab,Sri Muktsar Sahib,2025-09-01,0.6920551963451189,0.6920551963451189,0.6920551963451189
Punjab,Sri Muktsar Sahib,2025-10-01,-0.4438236250543437,-0.4438236250543437,-0.4438236250543437
Punjab,Sri Muktsar Sahib,2025-11-01,0.2521103963811234,0.2521103963811234,0.2521103963811234
Punjab,Sri Muktsar Sahib,2025-12-01,-0.2840030889354197,-0.2840030889354197,-0.2840030889354197
Punjab,Tarn Taran,2025-03-01,0.5440913883873074,0.5440913883873074,0.5440913883873074
Punjab,Tarn Taran,2025-04-01,0.29307390606469874,0.29307390606469874,0.29307390606469874
Punjab,Tarn Taran,2025-05-01,0.21577955200371823,0.21577955200371823,0.21577955200371823
Punjab,Tarn Taran,2025-06-01,0.22912192264326353,0.22912192264326353,0.22912192264326353
Punjab,Tarn Taran,2025-07-01,0.8047721728454056,0.8047721728454056,0.8047721728454056
Punjab,Tarn Taran,2025-09-01,0.5691517867039169,0.5691517867039169,0.5691517867039169
Punjab,Tarn Taran,2025-10-01,-0.3190690958397759,-0.3190690958397759,-0.3190690958397759
Punjab,Tarn Taran,2025-11-01,0.04007327443860341,0.04007327443860341,0.04007327443860341
Punjab,Tarn Taran,2025-12-01,-0.2920436760713347,-0.2920436760713347,-0.2920436760713347
Puttenahalli,5th cross,2025-12-01,-1.3533531380983113,-1.3533531380983113,-1.3533531380983113
Raja Annamalai Puram,Near Dhyana Ashram,2025-12-01,-1.3533531380983113,-1.3533531380983113,-1.3533531380983113
Rajasthan,Ajmer,2025-03-01,1.2436919459186269,1.1690704291635092,1.134868900650747
Rajasthan,Ajmer,2025-04-01,0.8167525805369483,0.8167525805369483,0.8167525805369483
Rajasthan,Ajmer,2025-05-01,0.16934543645161715,0.16934543645161715,0.16934543645161715
Rajasthan,Ajmer,2025-06-01,0.7182383950195248,0.7182383950195248,0.7182383950195248
Rajasthan,Ajmer,2025-07-01,0.89521613657409,0.89521613657409,0.89521613657409
Rajasthan,Ajmer,2025-09-01,0.9307093798644487,0.9307093798644487,0.9307093798644487
Rajasthan,Ajmer,2025-10-01,-0.2971942922986167,-0.2971942922986167,-0.2971942922986167
Rajasthan,Ajmer,2025-11-01,0.34103743710350815,0.34103743710350815,0.34103743710350815
Rajasthan,Ajmer,2025-12-01,-0.039226386899569934,-0.039226386899569934,-0.039226386899569934
Rajasthan,Alwar,2025-03-01,1.6208907916629725,1.523637344163194,1.4790628473924623
Rajasthan,Alwar,2025-04-01,0.8758287399750558,0.8758287399750558,0.8758287399750558
Rajasthan,Alwar,2025-05-01,-0.07365523910780125,-0.07365523910780125,-0.07365523910780125
Rajasthan,Alwar,2025-06-01,0.09159100583465321,0.09159100583465321,0.09159100583465321
Rajasthan,Alwar,2025-07-01,0.9503982359696295,0.9503982359696295,0.9503982359696295
Rajasthan,Alwar,2025-09-01,0.8902143213260152,0.8902143213260152,0.8902143213260152
Rajasthan,Alwar,2025-10-01,-0.21312445397095892,-0.21312445397095892,-0.21312445397095892
Rajasthan,Alwar,2025-11-01,0.233852267591889,0.233852267591889,0.233852267591889
Rajasthan,Alwar,2025-12-01,0.019745860703547793,0.019745860703547793,0.019745860703547793
Rajasthan,Balotra,2025-11-01,-0.8059317636565704,-0.8059317636565704,-0.8059317636565704
Rajasthan,Balotra,2025-12-01,-0.9620700212435789,-0.9620700212435789,-0.9620700212435789
Rajasthan,Banswara,2025-03-01,1.1264083420379873,1.058823841515708,1.0278476121096634
Rajasthan,Banswara,2025-04-01,0.119141394575714,0.119141394575714,0.119141394575714
Rajasthan,Banswara,2025-05-01,0.01631744846357623,0.01631744846357623,0.01631744846357623
Rajasthan,Banswara,2025-06-01,0.26646526605505105,0.26646526605505105,0.26646526605505105
Rajasthan,Banswara,2025-07-01,0.4706776901051827,0.4706776901051827,0.4706776901051827
Rajasthan,Banswara,2025-09-01,0.9022561289513382,0.9022561289513382,0.9022561289513382
Rajasthan,Banswara,2025-10-01,-0.38379241239558315,-0.38379241239558315,-0.38379241239558315
Rajasthan,Banswara,2025-11-01,0.43800368465060785,0.43800368465060785,0.43800368465060785
Rajasthan,Banswara,2025-12-01,-0.08350027712181209,-0.08350027712181209,-0.08350027712181209
Rajasthan,Baran,2025-03-01,1.0616222834776625,1.0616222834776625,1.0616222834776625
Rajasthan,Baran,2025-04-01,0.7040467798217025,0.7040467798217025,0.7040467798217025
Rajasthan,Baran,2025-05-01,-0.33631505635768155,-0.33631505635768155,-0.33631505635768155
Rajasthan,Baran,2025-06-01,0.1257471758621299,0.1257471758621299,0.1257471758621299
Rajasthan,Baran,2025-07-01,0.8055214739843694,0.8055214739843694,0.8055214739843694
Rajasthan,Baran,2025-09-01,0.8700769355135133,0.8700769355135133,0.8700769355135133
Rajasthan,Baran,2025-10-01,-0.47921782916825345,-0.47921782916825345,-0.47921782916825345
Rajasthan,Baran,2025-11-01,0.46887255555946705,0.46887255555946705,0.46887255555946705
Rajasthan,Baran,2025-12-01,-0.04134420432471759,-0.04134420432471759,-0.04134420432471759
Rajasthan,Barmer,2025-03-01,1.4200446843311638,1.334842003271294,1.295790774452187
Rajasthan,Barmer,2025-04-01,0.6647759677121134,0.6647759677121134,0.6647759677121134
Rajasthan,Barmer,2025-05-01,0.37085945102347645,0.37085945102347645,0.37085945102347645
Rajasthan,Barmer,2025-06-01,0.8846755002256044,0.8846755002256044,0.8846755002256044
Rajasthan,Barmer,2025-07-01,0.8462005878045358,0.8462005878045358,0.8462005878045358
Rajasthan,Barmer,2025-09-01,0.9596502631238812,0.9596502631238812,0.9596502631238812
Rajasthan,Barmer,2025-10-01,-0.32507957463848686,-0.32507957463848686,-0.32507957463848686
Rajasthan,Barmer,2025-11-01,0.33925463673114975,0.33925463673114975,0.33925463673114975
Rajasthan,Barmer,2025-12-01,-0.013120670062564555,-0.013120670062564555,-0.013120670062564555
Rajasthan,Beawar,2025-11-01,-0.8432220080528854,-0.8432220080528854,-0.8432220080528854
Rajasthan,Beawar,2025-12-01,0.2847334857259489,0.2847334857259489,0.2847334857259489
Rajasthan,Bharatpur,2025-03-01,1.2442139174754776,1.169561082426949,1.1353451996963733
Rajasthan,Bharatpur,2025-04-01,0.7897431299703039,0.7897431299703039,0.7897431299703039
Rajasthan,Bharatpur,2025-05-01,-0.14822020336579445,-0.14822020336579445,-0.14822020336579445
Rajasthan,Bharatpur,2025-06-01,0.40372667246778776,0.40372667246778776,0.40372667246778776
Rajasthan,Bharatpur,2025-07-01,0.9392511179581358,0.9392511179581358,0.9392511179581358
Rajasthan,Bharatpur,2025-09-01,0.9321114941925496,0.9321114941925496,0.9321114941925496
Rajasthan,Bharatpur,2025-10-01,-0.3129706347338739,-0.3129706347338739,-0.3129706347338739
Rajasthan,Bharatpur,2025-11-01,0.28845885024508794,0.28845885024508794,0.28845885024508794
Rajasthan,Bharatpur,2025-12-01,-0.07644488445945567,-0.07644488445945567,-0.07644488445945567
Rajasthan,Bhilwara,2025-03-01,1.1499868003517077,1.0809875923306052,1.0493629553209334
Rajasthan,Bhilwara,2025-04-01,0.13557179071409875,0.13557179071409875,0.13557179071409875
Rajasthan,Bhilwara,2025-05-01,0.2726462919682006,0.2726462919682006,0.2726462919682006
Rajasthan,Bhilwara,2025-06-01,0.7469139812783334,0.7469139812783334,0.7469139812783334
Rajasthan,Bhilwara,2025-07-01,0.18839751995658416,0.18839751995658416,0.18839751995658416
Rajasthan,Bhilwara,2025-09-01,0.9091696872055255,0.9091696872055255,0.9091696872055255
Rajasthan,Bhilwara,2025-10-01,-0.3432540438283903,-0.3432540438283903,-0.3432540438283903
Rajasthan,Bhilwara,2025-11-01,0.39581288848858615,0.39581288848858615,0.39581288848858615
Rajasthan,Bhilwara,2025-12-01,-0.024919100362592064,-0.024919100362592064,-0.024919100362592064
Rajasthan,Bikaner,2025-03-01,1.0911750493973544,1.0911750493973544,1.0911750493973544
Rajasthan,Bikaner,2025-04-01,0.8622529226076573,0.8622529226076573,0.8622529226076573
Rajasthan,Bikaner,2025-05-01,-0.1399295285632717,-0.1399295285632717,-0.1399295285632717
Rajasthan,Bikaner,2025-06-01,0.4502403517945762,0.4502403517945762,0.4502403517945762
Rajasthan,Bikaner,2025-07-01,0.02794984633258929,0.02794984633258929,0.02794984633258929
Rajasthan,Bikaner,2025-09-01,0.895499915534948,0.895499915534948,0.895499915534948
Rajasthan,Bikaner,2025-10-01,-0.3531864073607922,-0.3531864073607922,-0.3531864073607922
Rajasthan,Bikaner,2025-11-01,0.21685615230683525,0.21685615230683525,0.21685615230683525
Rajasthan,Bikaner,2025-12-01,0.01855178046190747,0.01855178046190747,0.01855178046190747
Rajasthan,Bundi,2025-03-01,0.7375257458803277,0.7375257458803277,0.7375257458803277
Rajasthan,Bundi,2025-04-01,0.6565688970296201,0.6565688970296201,0.6565688970296201
Rajasthan,Bundi,2025-05-01,-0.36545309332921777,-0.36545309332921777,-0.36545309332921777
Rajasthan,Bundi,2025-06-01,0.07256336841044386,0.07256336841044386,0.07256336841044386
Rajasthan,Bundi,2025-07-01,0.7594515859202963,0.7594515859202963,0.7594515859202963
Rajasthan,Bundi,2025-09-01,0.8201338769403721,0.8201338769403721,0.8201338769403721
Rajasthan,Bundi,2025-10-01,-0.4884525844839293,-0.4884525844839293,-0.4884525844839293
Rajasthan,Bundi,2025-11-01,0.30395399054625827,0.30395399054625827,0.30395399054625827
Rajasthan,Bundi,2025-12-01,-0.07086961606331543,-0.07086961606331543,-0.07086961606331543
Rajasthan,Chittaurgarh,2025-03-01,-0.6784241397237186,-0.6784241397237186,-0.6784241397237186
Rajasthan,Chittaurgarh,2025-04-01,-0.7391771225919515,-0.7391771225919515,-0.7391771225919515
Rajasthan,Chittaurgarh,2025-05-01,-0.7183750459239622,-0.7183750459239622,-0.7183750459239622
Rajasthan,Chittaurgarh,2025-06-01,-0.6826858221713392,-0.6826858221713392,-0.6826858221713392
Rajasthan,Chittaurgarh,2025-07-01,-0.5943157042393965,-0.5943157042393965,-0.5943157042393965
Rajasthan,Chittaurgarh,2025-09-01,0.3694911883453583,0.3694911883453583,0.3694911883453583
Rajasthan,Chittaurgarh,2025-10-01,-0.8652298526616916,-0.8652298526616916,-0.8652298526616916
Rajasthan,Chittaurgarh,2025-11-01,0.18209432595343494,0.18209432595343494,0.18209432595343494
Rajasthan,Chittaurgarh,2025-12-01,-0.6374840694556644,-0.6374840694556644,-0.6374840694556644
Rajasthan,Chittorgarh,2025-03-01,0.9451416116236557,0.9451416116236557,0.9451416116236557
Rajasthan,Chittorgarh,2025-04-01,0.01976725325459852,0.01976725325459852,0.01976725325459852
Rajasthan,Chittorgarh,2025-05-01,-0.06548012002710804,-0.06548012002710804,-0.06548012002710804
Rajasthan,Chittorgarh,2025-06-01,0.08935736913008503,0.08935736913008503,0.08935736913008503
Rajasthan,Chittorgarh,2025-07-01,0.7728533362376309,0.7728533362376309,0.7728533362376309
Rajasthan,Chittorgarh,2025-09-01,0.14627225938390187,0.14627225938390187,0.14627225938390187
Rajasthan,Chittorgarh,2025-10-01,-0.4815456039303384,-0.4815456039303384,-0.4815456039303384
Rajasthan,Chittorgarh,2025-11-01,0.39114626794070945,0.39114626794070945,0.39114626794070945
Rajasthan,Chittorgarh,2025-12-01,-0.09694616779919575,-0.09694616779919575,-0.09694616779919575
Rajasthan,Churu,2025-03-01,1.1328711389970065,1.064898870657186,1.0337449143347683
Rajasthan,Churu,2025-04-01,0.8488151578853879,0.8488151578853879,0.8488151578853879
Rajasthan,Churu,2025-05-01,-0.05034455955724127,-0.05034455955724127,-0.05034455955724127
Rajasthan,Churu,2025-06-01,0.815298019050266,0.815298019050266,0.815298019050266
Rajasthan,Churu,2025-07-01,0.8713742828462852,0.8713742828462852,0.8713742828462852
Rajasthan,Churu,2025-09-01,0.4164275065683198,0.4164275065683198,0.4164275065683198
Rajasthan,Churu,2025-10-01,-0.3382726892486204,-0.3382726892486204,-0.3382726892486204
Rajasthan,Churu,2025-11-01,0.23628944751843914,0.23628944751843914,0.23628944751843914
Rajasthan,Churu,2025-12-01,-0.027288844162018766,-0.027288844162018766,-0.027288844162018766
Rajasthan,Dausa,2025-03-01,0.8978971736202696,0.8978971736202696,0.8978971736202696
Rajasthan,Dausa,2025-04-01,0.29349694348875277,0.29349694348875277,0.29349694348875277
Rajasthan,Dausa,2025-05-01,0.14487223694437662,0.14487223694437662,0.14487223694437662
Rajasthan,Dausa,2025-06-01,0.2477813755032659,0.2477813755032659,0.2477813755032659
Rajasthan,Dausa,2025-07-01,0.5671898859504098,0.5671898859504098,0.5671898859504098
Rajasthan,Dausa,2025-09-01,0.8724276810074971,0.8724276810074971,0.8724276810074971
Rajasthan,Dausa,2025-10-01,-0.3665564931311454,-0.3665564931311454,-0.3665564931311454
Rajasthan,Dausa,2025-11-01,0.2789966575801792,0.2789966575801792,0.2789966575801792
Rajasthan,Dausa,2025-12-01,-0.13392038252535438,-0.13392038252535438,-0.13392038252535438
Rajasthan,Deeg,2025-09-01,-0.6486070258604503,-0.6486070258604503,-0.6486070258604503
Rajasthan,Deeg,2025-10-01,-0.08058930934184681,-0.08058930934184681,-0.08058930934184681
Rajasthan,Deeg,2025-11-01,0.2718193860072112,0.2718193860072112,0.2718193860072112
Rajasthan,Deeg,2025-12-01,-0.49913448846067515,-0.49913448846067515,-0.49913448846067515
Rajasthan,Dhaulpur,2025-07-01,-0.7660995824640536,-0.7660995824640536,-0.7660995824640536
Rajasthan,Dhaulpur,2025-09-01,0.19547259666453584,0.19547259666453584,0.19547259666453584
Rajasthan,Dhaulpur,2025-10-01,-1.0767533076812785,-1.0767533076812785,-1.0767533076812785
Rajasthan,Dhaulpur,2025-11-01,-0.09931552949278255,-0.09931552949278255,-0.09931552949278255
Rajasthan,Dhaulpur,2025-12-01,-0.8546601118637772,-0.8546601118637772,-0.8546601118637772
Rajasthan,Dholpur,2025-03-01,1.034599396837789,1.034599396837789,1.034599396837789
Rajasthan,Dholpur,2025-04-01,0.7230047987972356,0.7230047987972356,0.7230047987972356
Rajasthan,Dholpur,2025-05-01,-0.389980151219042,-0.389980151219042,-0.389980151219042
Rajasthan,Dholpur,2025-06-01,0.24368946480368364,0.24368946480368364,0.24368946480368364
Rajasthan,Dholpur,2025-07-01,0.8341783602728987,0.8341783602728987,0.8341783602728987
Rajasthan,Dholpur,2025-09-01,0.8637882121304933,0.8637882121304933,0.8637882121304933
Rajasthan,Dholpur,2025-10-01,-0.41091831753412267,-0.41091831753412267,-0.41091831753412267
Rajasthan,Dholpur,2025-11-01,0.23575703635857864,0.23575703635857864,0.23575703635857864
Rajasthan,Dholpur,2025-12-01,-0.17217889060867653,-0.17217889060867653,-0.17217889060867653
Rajasthan,Didwana-Kuchaman,2025-11-01,-0.7613870081986849,-0.7613870081986849,-0.7613870081986849
Rajasthan,Didwana-Kuchaman,2025-12-01,0.3298498239931365,0.3298498239931365,0.3298498239931365
Rajasthan,Dungarpur,2025-03-01,1.123709010930207,1.0562864702743946,1.025384472473814
Rajasthan,Dungarpur,2025-04-01,0.7027566856747356,0.7027566856747356,0.7027566856747356
Rajasthan,Dungarpur,2025-05-01,-0.4376386494849954,-0.4376386494849954,-0.4376386494849954
Rajasthan,Dungarpur,2025-06-01,0.0644208000820135,0.0644208000820135,0.0644208000820135
Rajasthan,Dungarpur,2025-07-01,0.3955646422915628,0.3955646422915628,0.3955646422915628
Rajasthan,Dungarpur,2025-09-01,0.8802059173061416,0.8802059173061416,0.8802059173061416
Rajasthan,Dungarpur,2025-10-01,-0.3935645482802057,-0.3935645482802057,-0.3935645482802057
Rajasthan,Dungarpur,2025-11-01,0.30771738249299807,0.30771738249299807,0.30771738249299807
Rajasthan,Dungarpur,2025-12-01,-0.08956456700542402,-0.08956456700542402,-0.08956456700542402
Rajasthan,Ganganagar,2025-03-01,1.082770655670791,1.082770655670791,1.082770655670791
Rajasthan,Ganganagar,2025-04-01,0.29464639877849297,0.29464639877849297,0.29464639877849297
Rajasthan,Ganganagar,2025-05-01,0.33828044531859336,0.33828044531859336,0.33828044531859336
Rajasthan,Ganganagar,2025-06-01,0.36261991105645774,0.36261991105645774,0.36261991105645774
Rajasthan,Ganganagar,2025-07-01,0.5280405586647422,0.5280405586647422,0.5280405586647422
Rajasthan,Ganganagar,2025-09-01,0.8639605324223871,0.8639605324223871,0.8639605324223871
Rajasthan,Ganganagar,2025-10-01,-0.37768501270080757,-0.37768501270080757,-0.37768501270080757
Rajasthan,Ganganagar,2025-11-01,0.19845717920573747,0.19845717920573747,0.19845717920573747
Rajasthan,Ganganagar,2025-12-01,0.20515441134389867,0.20515441134389867,0.20515441134389867
Rajasthan,Hanumangarh,2025-03-01,1.137641338705941,1.0693828583835845,1.0380977215691711
Rajasthan,Hanumangarh,2025-04-01,0.456457343246041,0.456457343246041,0.456457343246041
Rajasthan,Hanumangarh,2025-05-01,0.1694015057814705,0.1694015057814705,0.1694015057814705
Rajasthan,Hanumangarh,2025-06-01,0.34578987352931423,0.34578987352931423,0.34578987352931423
Rajasthan,Hanumangarh,2025-07-01,0.8689212332871875,0.8689212332871875,0.8689212332871875
Rajasthan,Hanumangarh,2025-09-01,0.5691315738287658,0.5691315738287658,0.5691315738287658
Rajasthan,Hanumangarh,2025-10-01,-0.39249555884548243,-0.39249555884548243,-0.39249555884548243
Rajasthan,Hanumangarh,2025-11-01,0.143692358902151,0.143692358902151,0.143692358902151
Rajasthan,Hanumangarh,2025-12-01,-0.02052017336315888,-0.02052017336315888,-0.02052017336315888
Rajasthan,Jaipur,2025-03-01,1.8752507555206632,1.7627357101894234,1.7111663144126052
Rajasthan,Jaipur,2025-04-01,1.0244783521462828,1.0244783521462828,1.0244783521462828
Rajasthan,Jaipur,2025-05-01,-0.21018077784582695,-0.21018077784582695,-0.21018077784582695
Rajasthan,Jaipur,2025-06-01,0.9653577554023708,0.9653577554023708,0.9653577554023708
Rajasthan,Jaipur,2025-07-01,1.0366131534476237,1.0366131534476237,1.0366131534476237
Rajasthan,Jaipur,2025-09-01,0.8936146150824327,0.8936146150824327,0.8936146150824327
Rajasthan,Jaipur,2025-10-01,-0.17594186758857286,-0.17594186758857286,-0.17594186758857286
Rajasthan,Jaipur,2025-11-01,0.5918472875767374,0.5918472875767374,0.5918472875767374
Rajasthan,Jaipur,2025-12-01,0.11124259290942279,0.11124259290942279,0.11124259290942279
Rajasthan,Jaisalmer,2025-03-01,0.17938056779953954,0.17938056779953954,0.17938056779953954
Rajasthan,Jaisalmer,2025-04-01,0.05459232254971612,0.05459232254971612,0.05459232254971612
Rajasthan,Jaisalmer,2025-05-01,-0.16201913589798028,-0.16201913589798028,-0.16201913589798028
Rajasthan,Jaisalmer,2025-06-01,0.6386589124864905,0.6386589124864905,0.6386589124864905
Rajasthan,Jaisalmer,2025-07-01,-0.15578666359538612,-0.15578666359538612,-0.15578666359538612
Rajasthan,Jaisalmer,2025-09-01,0.7335933671521886,0.7335933671521886,0.7335933671521886
Rajasthan,Jaisalmer,2025-10-01,-0.5221851378400123,-0.5221851378400123,-0.5221851378400123
Rajasthan,Jaisalmer,2025-11-01,-0.03972141389220618,-0.03972141389220618,-0.03972141389220618
Rajasthan,Jaisalmer,2025-12-01,-0.183825965086359,-0.183825965086359,-0.183825965086359
Rajasthan,Jalor,2025-03-01,1.0994380081921526,1.0334717277006233,1.0032371824753392
Rajasthan,Jalor,2025-04-01,0.7228933346935111,0.7228933346935111,0.7228933346935111
Rajasthan,Jalor,2025-05-01,-0.3050789883435917,-0.3050789883435917,-0.3050789883435917
Rajasthan,Jalor,2025-06-01,0.22925964084129496,0.22925964084129496,0.22925964084129496
Rajasthan,Jalor,2025-07-01,0.4319327899279649,0.4319327899279649,0.4319327899279649
Rajasthan,Jalor,2025-09-01,0.8721213464282973,0.8721213464282973,0.8721213464282973
Rajasthan,Jalor,2025-10-01,-0.3840335842974842,-0.3840335842974842,-0.3840335842974842
Rajasthan,Jalor,2025-11-01,0.32621262737769363,0.32621262737769363,0.32621262737769363
Rajasthan,Jalor,2025-12-01,-0.08476194260567563,-0.08476194260567563,-0.08476194260567563
Rajasthan,Jalore,2025-07-01,-1.4561400972496423,-1.4561400972496423,-1.4561400972496423
Rajasthan,Jalore,2025-10-01,-1.2986195797157207,-1.2986195797157207,-1.2986195797157207
Rajasthan,Jalore,2025-11-01,0.23617154053530887,0.23617154053530887,0.23617154053530887
Rajasthan,Jalore,2025-12-01,-0.7595490060103853,-0.7595490060103853,-0.7595490060103853
Rajasthan,Jhalawar,2025-03-01,1.0650482923537536,1.0650482923537536,1.0650482923537536
Rajasthan,Jhalawar,2025-04-01,0.6701665571399764,0.6701665571399764,0.6701665571399764
Rajasthan,Jhalawar,2025-05-01,-0.4666272327089691,-0.4666272327089691,-0.4666272327089691
Rajasthan,Jhalawar,2025-06-01,0.05238645911085146,0.05238645911085146,0.05238645911085146
Rajasthan,Jhalawar,2025-07-01,0.43163428832248146,0.43163428832248146,0.43163428832248146
Rajasthan,Jhalawar,2025-09-01,0.8888830650439016,0.8888830650439016,0.8888830650439016
Rajasthan,Jhalawar,2025-10-01,-0.4481983945746041,-0.4481983945746041,-0.4481983945746041
Rajasthan,Jhalawar,2025-11-01,0.392282535554738,0.392282535554738,0.392282535554738
Rajasthan,Jhalawar,2025-12-01,-0.10839353216846462,-0.10839353216846462,-0.10839353216846462
Rajasthan,Jhunjhunu,2025-03-01,-0.7720943065845944,-0.7720943065845944,-0.7720943065845944
Rajasthan,Jhunjhunu,2025-04-01,-0.7848309095880317,-0.7848309095880317,-0.7848309095880317
Rajasthan,Jhunjhunu,2025-05-01,-0.8080807508878589,-0.8080807508878589,-0.8080807508878589
Rajasthan,Jhunjhunu,2025-06-01,-0.7675766123622094,-0.7675766123622094,-0.7675766123622094
Rajasthan,Jhunjhunu,2025-07-01,-0.7416690639949659,-0.7416690639949659,-0.7416690639949659
Rajasthan,Jhunjhunu,2025-09-01,0.37092849659289534,0.37092849659289534,0.37092849659289534
Rajasthan,Jhunjhunu,2025-10-01,-0.7769046265656833,-0.7769046265656833,-0.7769046265656833
Rajasthan,Jhunjhunu,2025-11-01,-0.3230174426964812,-0.3230174426964812,-0.3230174426964812
Rajasthan,Jhunjhunu,2025-12-01,-0.46544710148282603,-0.46544710148282603,-0.46544710148282603
Rajasthan,Jhunjhunun,2025-03-01,0.8115356529236077,0.8115356529236077,0.8115356529236077
Rajasthan,Jhunjhunun,2025-04-01,0.4251889437024866,0.4251889437024866,0.4251889437024866
Rajasthan,Jhunjhunun,2025-05-01,0.2903858629914346,0.2903858629914346,0.2903858629914346
Rajasthan,Jhunjhunun,2025-06-01,0.3341232086309659,0.3341232086309659,0.3341232086309659
Rajasthan,Jhunjhunun,2025-07-01,0.4886131929189391,0.4886131929189391,0.4886131929189391
Rajasthan,Jhunjhunun,2025-09-01,0.8706991185005681,0.8706991185005681,0.8706991185005681
Rajasthan,Jhunjhunun,2025-10-01,-0.32791996762957726,-0.32791996762957726,-0.32791996762957726
Rajasthan,Jhunjhunun,2025-11-01,0.1399835243884522,0.1399835243884522,0.1399835243884522
Rajasthan,Jhunjhunun,2025-12-01,-0.08260311742386377,-0.08260311742386377,-0.08260311742386377
Rajasthan,Jodhpur,2025-03-01,1.6607923693767712,1.5611448272141648,1.5154730370563037
Rajasthan,Jodhpur,2025-04-01,0.9152848395324864,0.9152848395324864,0.9152848395324864
Rajasthan,Jodhpur,2025-05-01,-0.2514668503424578,-0.2514668503424578,-0.2514668503424578
Rajasthan,Jodhpur,2025-06-01,0.03694821092646318,0.03694821092646318,0.03694821092646318
Rajasthan,Jodhpur,2025-07-01,0.9573267425357912,0.9573267425357912,0.9573267425357912
Rajasthan,Jodhpur,2025-09-01,0.7551862471810923,0.7551862471810923,0.7551862471810923
Rajasthan,Jodhpur,2025-10-01,-0.29432816969670417,-0.29432816969670417,-0.29432816969670417
Rajasthan,Jodhpur,2025-11-01,0.4255257589617218,0.4255257589617218,0.4255257589617218
Rajasthan,Jodhpur,2025-12-01,0.0463203498191552,0.0463203498191552,0.0463203498191552
Rajasthan,Karauli,2025-03-01,0.8873510624498446,0.8873510624498446,0.8873510624498446
Rajasthan,Karauli,2025-04-01,0.734678225456865,0.734678225456865,0.734678225456865
Rajasthan,Karauli,2025-05-01,-0.325867647246013,-0.325867647246013,-0.325867647246013
Rajasthan,Karauli,2025-06-01,0.15628293168556556,0.15628293168556556,0.15628293168556556
Rajasthan,Karauli,2025-07-01,0.7700350961634265,0.7700350961634265,0.7700350961634265
Rajasthan,Karauli,2025-09-01,0.8537152047201768,0.8537152047201768,0.8537152047201768
Rajasthan,Karauli,2025-10-01,-0.38941640774248976,-0.38941640774248976,-0.38941640774248976
Rajasthan,Karauli,2025-11-01,0.3611343507828504,0.3611343507828504,0.3611343507828504
Rajasthan,Karauli,2025-12-01,-0.15874102496002668,-0.15874102496002668,-0.15874102496002668
Rajasthan,Khairthal-Tijara,2025-11-01,-0.7367845210035785,-0.7367845210035785,-0.7367845210035785
Rajasthan,Khairthal-Tijara,2025-12-01,-0.42020746421313926,-0.42020746421313926,-0.42020746421313926
Rajasthan,Kota,2025-03-01,1.1236005378503893,1.056184505579366,1.02528549078848
Rajasthan,Kota,2025-04-01,0.8330147969821933,0.8330147969821933,0.8330147969821933
Rajasthan,Kota,2025-05-01,-0.22209266306121858,-0.22209266306121858,-0.22209266306121858
Rajasthan,Kota,2025-06-01,0.23448342791471866,0.23448342791471866,0.23448342791471866
Rajasthan,Kota,2025-07-01,0.7341624218937653,0.7341624218937653,0.7341624218937653
Rajasthan,Kota,2025-09-01,0.8602251127840485,0.8602251127840485,0.8602251127840485
Rajasthan,Kota,2025-10-01,-0.37523288942744804,-0.37523288942744804,-0.37523288942744804
Rajasthan,Kota,2025-11-01,0.4216121881150198,0.4216121881150198,0.4216121881150198
Rajasthan,Kota,2025-12-01,-0.10349395158225988,-0.10349395158225988,-0.10349395158225988
Rajasthan,Kotputli-Behror,2025-11-01,-0.8107976673246171,-0.8107976673246171,-0.8107976673246171
Rajasthan,Kotputli-Behror,2025-12-01,-0.537418915210164,-0.537418915210164,-0.537418915210164
Rajasthan,Nagaur,2025-03-01,1.4850269036498984,1.3959252894309044,1.3550870495805323
Rajasthan,Nagaur,2025-04-01,0.8849299471019718,0.8849299471019718,0.8849299471019718
Rajasthan,Nagaur,2025-05-01,0.27715354882712007,0.27715354882712007,0.27715354882712007
Rajasthan,Nagaur,2025-06-01,0.8605297170825108,0.8605297170825108,0.8605297170825108
Rajasthan,Nagaur,2025-07-01,0.36584178497307374,0.36584178497307374,0.36584178497307374
Rajasthan,Nagaur,2025-09-01,0.9556878883315161,0.9556878883315161,0.9556878883315161
Rajasthan,Nagaur,2025-10-01,-0.32248702030286486,-0.32248702030286486,-0.32248702030286486
Rajasthan,Nagaur,2025-11-01,0.3685568203116084,0.3685568203116084,0.3685568203116084
Rajasthan,Nagaur,2025-12-01,0.0006586361777363228,0.0006586361777363228,0.0006586361777363228
Rajasthan,Pali,2025-03-01,1.144649508088813,1.0759705376034843,1.0444926761310418
Rajasthan,Pali,2025-04-01,0.8287393449957227,0.8287393449957227,0.8287393449957227
Rajasthan,Pali,2025-05-01,7.112503057345437e-05,7.112503057345437e-05,7.112503057345437e-05
Rajasthan,Pali,2025-06-01,0.6294906887476852,0.6294906887476852,0.6294906887476852
Rajasthan,Pali,2025-07-01,1.0108895822553028,1.0108895822553028,1.0108895822553028
Rajasthan,Pali,2025-09-01,0.9055000269665052,0.9055000269665052,0.9055000269665052
Rajasthan,Pali,2025-10-01,-0.362998282597404,-0.362998282597404,-0.362998282597404
Rajasthan,Pali,2025-11-01,0.36835150190860433,0.36835150190860433,0.36835150190860433
Rajasthan,Pali,2025-12-01,-0.08474312643600837,-0.08474312643600837,-0.08474312643600837
Rajasthan,Phalodi,2025-11-01,-0.8910702786577948,-0.8910702786577948,-0.8910702786577948
Rajasthan,Phalodi,2025-12-01,-0.6978292133900277,-0.6978292133900277,-0.6978292133900277
Rajasthan,Pratapgarh,2025-03-01,0.5858528174285439,0.5858528174285439,0.5858528174285439
Rajasthan,Pratapgarh,2025-04-01,-0.049662041189155126,-0.049662041189155126,-0.049662041189155126
Rajasthan,Pratapgarh,2025-05-01,-0.1326264738042379,-0.1326264738042379,-0.1326264738042379
Rajasthan,Pratapgarh,2025-06-01,0.194656538851774,0.194656538851774,0.194656538851774
Rajasthan,Pratapgarh,2025-07-01,0.44437020905184815,0.44437020905184815,0.44437020905184815
Rajasthan,Pratapgarh,2025-09-01,0.8244593698867667,0.8244593698867667,0.8244593698867667
Rajasthan,Pratapgarh,2025-10-01,-0.5436450997023172,-0.5436450997023172,-0.5436450997023172
Rajasthan,Pratapgarh,2025-11-01,0.42196976522517465,0.42196976522517465,0.42196976522517465
Rajasthan,Pratapgarh,2025-12-01,-0.17065135367108758,-0.17065135367108758,-0.17065135367108758
Rajasthan,Rajsamand,2025-03-01,0.6241366975096381,0.6241366975096381,0.6241366975096381
Rajasthan,Rajsamand,2025-04-01,0.03887396551540138,0.03887396551540138,0.03887396551540138
Rajasthan,Rajsamand,2025-05-01,-0.05591305248046264,-0.05591305248046264,-0.05591305248046264
Rajasthan,Rajsamand,2025-06-01,0.127641834432386,0.127641834432386,0.127641834432386
Rajasthan,Rajsamand,2025-07-01,0.34001320062868345,0.34001320062868345,0.34001320062868345
Rajasthan,Rajsamand,2025-09-01,0.8194108398326169,0.8194108398326169,0.8194108398326169
Rajasthan,Rajsamand,2025-10-01,-0.41619588797186857,-0.41619588797186857,-0.41619588797186857
Rajasthan,Rajsamand,2025-11-01,0.22663973028724507,0.22663973028724507,0.22663973028724507
Rajasthan,Rajsamand,2025-12-01,-0.19589507154770014,-0.19589507154770014,-0.19589507154770014
Rajasthan,Salumbar,2025-10-01,-1.0359120161750028,-1.0359120161750028,-1.0359120161750028
Rajasthan,Salumbar,2025-11-01,-0.8229460378348037,-0.8229460378348037,-0.8229460378348037
Rajasthan,Salumbar,2025-12-01,0.09346236483073135,0.09346236483073135,0.09346236483073135
Rajasthan,Sawai Madhopur,2025-03-01,0.6588186034449739,0.6588186034449739,0.6588186034449739
Rajasthan,Sawai Madhopur,2025-04-01,0.12833565310517273,0.12833565310517273,0.12833565310517273
Rajasthan,Sawai Madhopur,2025-05-01,0.1551051134352904,0.1551051134352904,0.1551051134352904
Rajasthan,Sawai Madhopur,2025-06-01,0.11522045963141199,0.11522045963141199,0.11522045963141199
Rajasthan,Sawai Madhopur,2025-07-01,0.7983575684876774,0.7983575684876774,0.7983575684876774
Rajasthan,Sawai Madhopur,2025-09-01,0.6919399464296501,0.6919399464296501,0.6919399464296501
Rajasthan,Sawai Madhopur,2025-10-01,-0.3978803032469761,-0.3978803032469761,-0.3978803032469761
Rajasthan,Sawai Madhopur,2025-11-01,0.22087845790990976,0.22087845790990976,0.22087845790990976
Rajasthan,Sawai Madhopur,2025-12-01,-0.15580915135326107,-0.15580915135326107,-0.15580915135326107
Rajasthan,Sikar,2025-03-01,0.14286847457594384,0.14286847457594384,0.14286847457594384
Rajasthan,Sikar,2025-04-01,0.8615864256495362,0.8615864256495362,0.8615864256495362
Rajasthan,Sikar,2025-05-01,0.08584207710518545,0.08584207710518545,0.08584207710518545
Rajasthan,Sikar,2025-06-01,0.6956487624092035,0.6956487624092035,0.6956487624092035
Rajasthan,Sikar,2025-07-01,0.8821607437760414,0.8821607437760414,0.8821607437760414
Rajasthan,Sikar,2025-09-01,0.9244331381160128,0.9244331381160128,0.9244331381160128
Rajasthan,Sikar,2025-10-01,-0.3405164761906311,-0.3405164761906311,-0.3405164761906311
Rajasthan,Sikar,2025-11-01,0.2667020603412944,0.2667020603412944,0.2667020603412944
Rajasthan,Sikar,2025-12-01,-0.043183175661775215,-0.043183175661775215,-0.043183175661775215
Rajasthan,Sirohi,2025-03-01,0.4928699447793107,0.4928699447793107,0.4928699447793107
Rajasthan,Sirohi,2025-04-01,0.7264268734901154,0.7264268734901154,0.7264268734901154
Rajasthan,Sirohi,2025-05-01,-0.2188625223719965,-0.2188625223719965,-0.2188625223719965
Rajasthan,Sirohi,2025-06-01,-0.17153674284790765,-0.17153674284790765,-0.17153674284790765
Rajasthan,Sirohi,2025-07-01,0.7998568341201331,0.7998568341201331,0.7998568341201331
Rajasthan,Sirohi,2025-09-01,-0.038445247786189435,-0.038445247786189435,-0.038445247786189435
Rajasthan,Sirohi,2025-10-01,-0.42989747335404715,-0.42989747335404715,-0.42989747335404715
Rajasthan,Sirohi,2025-11-01,0.2731949220998383,0.2731949220998383,0.2731949220998383
Rajasthan,Sirohi,2025-12-01,-0.13508208228862448,-0.13508208228862448,-0.13508208228862448
Rajasthan,Tonk,2025-03-01,0.7245823473451366,0.7245823473451366,0.7245823473451366
Rajasthan,Tonk,2025-04-01,0.3077715786034839,0.3077715786034839,0.3077715786034839
Rajasthan,Tonk,2025-05-01,0.06096137389976744,0.06096137389976744,0.06096137389976744
Rajasthan,Tonk,2025-06-01,0.10173522889983751,0.10173522889983751,0.10173522889983751
Rajasthan,Tonk,2025-07-01,0.8321928177059215,0.8321928177059215,0.8321928177059215
Rajasthan,Tonk,2025-09-01,0.48387380595971063,0.48387380595971063,0.48387380595971063
Rajasthan,Tonk,2025-10-01,-0.43166132627986276,-0.43166132627986276,-0.43166132627986276
Rajasthan,Tonk,2025-11-01,0.334373503578519,0.334373503578519,0.334373503578519
Rajasthan,Tonk,2025-12-01,-0.18690019932563173,-0.18690019932563173,-0.18690019932563173
Rajasthan,Udaipur,2025-03-01,1.5813241664617252,1.4864447164740215,1.4429583018963243
Rajasthan,Udaipur,2025-04-01,0.8230175694387509,0.8230175694387509,0.8230175694387509
Rajasthan,Udaipur,2025-05-01,-0.029336881557302595,-0.029336881557302595,-0.029336881557302595
Rajasthan,Udaipur,2025-06-01,0.6709727260758005,0.6709727260758005,0.6709727260758005
Rajasthan,Udaipur,2025-07-01,0.9032873239241648,0.9032873239241648,0.9032873239241648
Rajasthan,Udaipur,2025-09-01,0.9557108538548728,0.9557108538548728,0.9557108538548728
Rajasthan,Udaipur,2025-10-01,-0.26194402591884725,-0.26194402591884725,-0.26194402591884725
Rajasthan,Udaipur,2025-11-01,0.41307683467415857,0.41307683467415857,0.41307683467415857
Rajasthan,Udaipur,2025-12-01,-0.04136139655681499,-0.04136139655681499,-0.04136139655681499
Sikkim,East,2025-03-01,-0.223863170622808,-0.223863170622808,-0.223863170622808
Sikkim,East,2025-04-01,-0.4075555187076992,-0.4075555187076992,-0.4075555187076992
Sikkim,East,2025-05-01,-0.44510959130838995,-0.44510959130838995,-0.44510959130838995
Sikkim,East,2025-06-01,-0.517273442286013,-0.517273442286013,-0.517273442286013
Sikkim,East,2025-07-01,-0.4825716585067122,-0.4825716585067122,-0.4825716585067122
Sikkim,East,2025-09-01,0.49779430050967644,0.49779430050967644,0.49779430050967644
Sikkim,East,2025-10-01,-0.7188354651903921,-0.7188354651903921,-0.7188354651903921
Sikkim,East,2025-11-01,-0.12692092269915808,-0.12692092269915808,-0.12692092269915808
Sikkim,East,2025-12-01,-0.700054138548826,-0.700054138548826,-0.700054138548826
Sikkim,East Sikkim,2025-03-01,-0.31729970066217,-0.31729970066217,-0.31729970066217
Sikkim,East Sikkim,2025-04-01,-0.48473121101732874,-0.48473121101732874,-0.48473121101732874
Sikkim,East Sikkim,2025-05-01,-0.5279366926849458,-0.5279366926849458,-0.5279366926849458
Sikkim,East Sikkim,2025-06-01,-0.5739506181758339,-0.5739506181758339,-0.5739506181758339
Sikkim,East Sikkim,2025-07-01,-0.5238637714011526,-0.5238637714011526,-0.5238637714011526
Sikkim,East Sikkim,2025-09-01,0.43835964115437315,0.43835964115437315,0.43835964115437315
Sikkim,East Sikkim,2025-10-01,-0.7413487631515876,-0.7413487631515876,-0.7413487631515876
Sikkim,East Sikkim,2025-11-01,-0.37618948631839066,-0.37618948631839066,-0.37618948631839066
Sikkim,East Sikkim,2025-12-01,-0.6313199917087035,-0.6313199917087035,-0.6313199917087035
Sikkim,Mangan,2025-09-01,-1.0647462941695691,-1.0647462941695691,-1.0647462941695691
Sikkim,Mangan,2025-10-01,-0.23683916084074205,-0.23683916084074205,-0.23683916084074205
Sikkim,Mangan,2025-11-01,-1.0276268293871154,-1.0276268293871154,-1.0276268293871154
Sikkim,Mangan,2025-12-01,-0.9788737212940993,-0.9788737212940993,-0.9788737212940993
Sikkim,Namchi,2025-09-01,-0.7827257598462088,-0.7827257598462088,-0.7827257598462088
Sikkim,Namchi,2025-10-01,-1.2154804244634305,-1.2154804244634305,-1.2154804244634305
Sikkim,Namchi,2025-11-01,-0.8200449170894862,-0.8200449170894862,-0.8200449170894862
Sikkim,Namchi,2025-12-01,-0.6790470016613617,-0.6790470016613617,-0.6790470016613617
Sikkim,North,2025-03-01,-0.8718873389837183,-0.8718873389837183,-0.8718873389837183
Sikkim,North,2025-04-01,-0.8841160086320945,-0.8841160086320945,-0.8841160086320945
Sikkim,North,2025-09-01,0.15202748647725972,0.15202748647725972,0.15202748647725972
Sikkim,North,2025-10-01,-0.896126364856388,-0.896126364856388,-0.896126364856388
Sikkim,North,2025-11-01,-0.5343554900207393,-0.5343554900207393,-0.5343554900207393
Sikkim,North,2025-12-01,-1.0456944173947347,-1.0456944173947347,-1.0456944173947347
Sikkim,North Sikkim,2025-03-01,-0.7767481369734597,-0.7767481369734597,-0.7767481369734597
Sikkim,North Sikkim,2025-04-01,-0.7307558806883149,-0.7307558806883149,-0.7307558806883149
Sikkim,North Sikkim,2025-05-01,-0.8005447209734611,-0.8005447209734611,-0.8005447209734611
Sikkim,North Sikkim,2025-06-01,-0.8605730367982962,-0.8605730367982962,-0.8605730367982962
Sikkim,North Sikkim,2025-07-01,-0.8401988423201091,-0.8401988423201091,-0.8401988423201091
Sikkim,North Sikkim,2025-09-01,0.17933498339363546,0.17933498339363546,0.17933498339363546
Sikkim,North Sikkim,2025-10-01,-0.6099854406909002,-0.6099854406909002,-0.6099854406909002
Sikkim,North Sikkim,2025-11-01,-0.6145692171563347,-0.6145692171563347,-0.6145692171563347
Sikkim,North Sikkim,2025-12-01,-1.052176436479025,-1.052176436479025,-1.052176436479025
Sikkim,South,2025-03-01,-0.2913407393539594,-0.2913407393539594,-0.2913407393539594
Sikkim,South,2025-04-01,-0.474427304182494,-0.474427304182494,-0.474427304182494
Sikkim,South,2025-05-01,-0.5425973939868456,-0.5425973939868456,-0.5425973939868456
Sikkim,South,2025-06-01,-0.6052307667865265,-0.6052307667865265,-0.6052307667865265
Sikkim,South,2025-07-01,-0.6068497886760712,-0.6068497886760712,-0.6068497886760712
Sikkim,South,2025-09-01,0.4276993731791218,0.4276993731791218,0.4276993731791218
Sikkim,South,2025-10-01,-0.8396020077948654,-0.8396020077948654,-0.8396020077948654
Sikkim,South,2025-11-01,-0.19972943894661216,-0.19972943894661216,-0.19972943894661216
Sikkim,South,2025-12-01,-0.840839166345511,-0.840839166345511,-0.840839166345511
Sikkim,South Sikkim,2025-03-01,-0.4429478033519004,-0.4429478033519004,-0.4429478033519004
Sikkim,South Sikkim,2025-04-01,0.2614989581311239,0.2614989581311239,0.2614989581311239
Sikkim,South Sikkim,2025-05-01,-1.0176626705158338,-1.0176626705158338,-1.0176626705158338
Sikkim,South Sikkim,2025-06-01,-0.6571852159865542,-0.6571852159865542,-0.6571852159865542
Sikkim,South Sikkim,2025-07-01,0.18655344865683587,0.18655344865683587,0.18655344865683587
Sikkim,South Sikkim,2025-09-01,-0.8349818048189829,-0.8349818048189829,-0.8349818048189829
Sikkim,South Sikkim,2025-10-01,-0.9222631822987521,-0.9222631822987521,-0.9222631822987521
Sikkim,South Sikkim,2025-11-01,-0.3363890381651321,-0.3363890381651321,-0.3363890381651321
Sikkim,South Sikkim,2025-12-01,-0.8997255142835567,-0.8997255142835567,-0.8997255142835567
Sikkim,West,2025-03-01,-0.3398104955167814,-0.3398104955167814,-0.3398104955167814
Sikkim,West,2025-04-01,-0.42468149834432917,-0.42468149834432917,-0.42468149834432917
Sikkim,West,2025-05-01,-0.5258887023415771,-0.5258887023415771,-0.5258887023415771
Sikkim,West,2025-06-01,-0.5618846635290471,-0.5618846635290471,-0.5618846635290471
Sikkim,West,2025-07-01,-0.5606405003676249,-0.5606405003676249,-0.5606405003676249
Sikkim,West,2025-09-01,0.4018972304545104,0.4018972304545104,0.4018972304545104
Sikkim,West,2025-10-01,-0.7996968405118281,-0.7996968405118281,-0.7996968405118281
Sikkim,West,2025-11-01,-0.43960292624182346,-0.43960292624182346,-0.43960292624182346
Sikkim,West,2025-12-01,-0.8538257267545037,-0.8538257267545037,-0.8538257267545037
Sikkim,West Sikkim,2025-03-01,-0.33059486610650374,-0.33059486610650374,-0.33059486610650374
Sikkim,West Sikkim,2025-04-01,0.3715015339844179,0.3715015339844179,0.3715015339844179
Sikkim,West Sikkim,2025-05-01,-0.957379876398391,-0.957379876398391,-0.957379876398391
Sikkim,West Sikkim,2025-06-01,-0.6257846799187053,-0.6257846799187053,-0.6257846799187053
Sikkim,West Sikkim,2025-07-01,0.2442239066572986,0.2442239066572986,0.2442239066572986
Sikkim,West Sikkim,2025-09-01,-0.6585550630036613,-0.6585550630036613,-0.6585550630036613
Sikkim,West Sikkim,2025-10-01,-0.8433512210705113,-0.8433512210705113,-0.8433512210705113
Sikkim,West Sikkim,2025-11-01,-0.483894869377606,-0.483894869377606,-0.483894869377606
Sikkim,West Sikkim,2025-12-01,-0.8542455639994875,-0.8542455639994875,-0.8542455639994875
Tamil Nadu,Ariyalur,2025-03-01,0.6679282389944212,0.6679282389944212,0.6679282389944212
Tamil Nadu,Ariyalur,2025-04-01,0.17156754502221172,0.17156754502221172,0.17156754502221172
Tamil Nadu,Ariyalur,2025-05-01,0.17075272642573874,0.17075272642573874,0.17075272642573874
Tamil Nadu,Ariyalur,2025-06-01,0.25407140777037496,0.25407140777037496,0.25407140777037496
Tamil Nadu,Ariyalur,2025-07-01,0.2217118838275028,0.2217118838275028,0.2217118838275028
Tamil Nadu,Ariyalur,2025-09-01,0.7079105249927159,0.7079105249927159,0.7079105249927159
Tamil Nadu,Ariyalur,2025-10-01,-0.28281689883865585,-0.28281689883865585,-0.28281689883865585
Tamil Nadu,Ariyalur,2025-11-01,0.15107100695102052,0.15107100695102052,0.15107100695102052
Tamil Nadu,Ariyalur,2025-12-01,-0.2661623874127648,-0.2661623874127648,-0.2661623874127648
Tamil Nadu,Chengalpattu,2025-03-01,-0.16290681521294637,-0.16290681521294637,-0.16290681521294637
Tamil Nadu,Chengalpattu,2025-04-01,-0.5356529994462997,-0.5356529994462997,-0.5356529994462997
Tamil Nadu,Chengalpattu,2025-05-01,-0.5225263484811361,-0.5225263484811361,-0.5225263484811361
Tamil Nadu,Chengalpattu,2025-06-01,-0.49823574587563807,-0.49823574587563807,-0.49823574587563807
Tamil Nadu,Chengalpattu,2025-07-01,0.2890008699586063,0.2890008699586063,0.2890008699586063
Tamil Nadu,Chengalpattu,2025-09-01,-0.025244922101735054,-0.025244922101735054,-0.025244922101735054
Tamil Nadu,Chengalpattu,2025-10-01,-0.4407550612696777,-0.4407550612696777,-0.4407550612696777
Tamil Nadu,Chengalpattu,2025-11-01,0.1341815616647305,0.1341815616647305,0.1341815616647305
Tamil Nadu,Chengalpattu,2025-12-01,-0.26915205987507373,-0.26915205987507373,-0.26915205987507373
Tamil Nadu,Chennai,2025-03-01,1.7805178318290398,1.6736867619192972,1.6247225215439987
Tamil Nadu,Chennai,2025-04-01,0.8977841804386535,0.8977841804386535,0.8977841804386535
Tamil Nadu,Chennai,2025-05-01,0.811196895276409,0.811196895276409,0.811196895276409
Tamil Nadu,Chennai,2025-06-01,0.8981630838415479,0.8981630838415479,0.8981630838415479
Tamil Nadu,Chennai,2025-07-01,0.8974533278732522,0.8974533278732522,0.8974533278732522
Tamil Nadu,Chennai,2025-09-01,0.9485482724985793,0.9485482724985793,0.9485482724985793
Tamil Nadu,Chennai,2025-10-01,-0.07701486218326044,-0.07701486218326044,-0.07701486218326044
Tamil Nadu,Chennai,2025-11-01,0.4339945563115217,0.4339945563115217,0.4339945563115217
Tamil Nadu,Chennai,2025-12-01,0.008174313238582892,0.008174313238582892,0.008174313238582892
Tamil Nadu,Coimbatore,2025-03-01,1.637264824334846,1.5390289348747552,1.494004152205547
Tamil Nadu,Coimbatore,2025-04-01,0.8254030925227401,0.8254030925227401,0.8254030925227401
Tamil Nadu,Coimbatore,2025-05-01,0.9156234427487506,0.9156234427487506,0.9156234427487506
Tamil Nadu,Coimbatore,2025-06-01,0.614724482789702,0.614724482789702,0.614724482789702
Tamil Nadu,Coimbatore,2025-07-01,1.0567892851791958,1.0567892851791958,1.0567892851791958
Tamil Nadu,Coimbatore,2025-09-01,0.9205887731507223,0.9205887731507223,0.9205887731507223
Tamil Nadu,Coimbatore,2025-10-01,-0.1146392331994231,-0.1146392331994231,-0.1146392331994231
Tamil Nadu,Coimbatore,2025-11-01,0.29005315773961265,0.29005315773961265,0.29005315773961265
Tamil Nadu,Coimbatore,2025-12-01,-0.03267114313423269,-0.03267114313423269,-0.03267114313423269
Tamil Nadu,Cuddalore,2025-03-01,1.2289643610466026,1.1552264993838064,1.1214299794550249
Tamil Nadu,Cuddalore,2025-04-01,0.5329433144518951,0.5329433144518951,0.5329433144518951
Tamil Nadu,Cuddalore,2025-05-01,0.8306265093900256,0.8306265093900256,0.8306265093900256
Tamil Nadu,Cuddalore,2025-06-01,0.18793238322440448,0.18793238322440448,0.18793238322440448
Tamil Nadu,Cuddalore,2025-07-01,0.5694216315728948,0.5694216315728948,0.5694216315728948
Tamil Nadu,Cuddalore,2025-09-01,0.8678431333616401,0.8678431333616401,0.8678431333616401
Tamil Nadu,Cuddalore,2025-10-01,-0.19448686456746989,-0.19448686456746989,-0.19448686456746989
Tamil Nadu,Cuddalore,2025-11-01,0.4136751334231795,0.4136751334231795,0.4136751334231795
Tamil Nadu,Cuddalore,2025-12-01,-0.04742463794776197,-0.04742463794776197,-0.04742463794776197
Tamil Nadu,Dharmapuri,2025-03-01,0.8806746632237092,0.8806746632237092,0.8806746632237092
Tamil Nadu,Dharmapuri,2025-04-01,0.2347121207566471,0.2347121207566471,0.2347121207566471
Tamil Nadu,Dharmapuri,2025-05-01,0.16984140863740854,0.16984140863740854,0.16984140863740854
Tamil Nadu,Dharmapuri,2025-06-01,0.24578497397250432,0.24578497397250432,0.24578497397250432
Tamil Nadu,Dharmapuri,2025-07-01,0.20027726079235253,0.20027726079235253,0.20027726079235253
Tamil Nadu,Dharmapuri,2025-09-01,0.7841120284773058,0.7841120284773058,0.7841120284773058
Tamil Nadu,Dharmapuri,2025-10-01,-0.17326137440749292,-0.17326137440749292,-0.17326137440749292
Tamil Nadu,Dharmapuri,2025-11-01,0.2578936840580553,0.2578936840580553,0.2578936840580553
Tamil Nadu,Dharmapuri,2025-12-01,-0.13247568475931998,-0.13247568475931998,-0.13247568475931998
Tamil Nadu,Dindigul,2025-03-01,1.412340494308522,1.3276000646500106,1.2887607010565263
Tamil Nadu,Dindigul,2025-04-01,0.7090384689593414,0.7090384689593414,0.7090384689593414
Tamil Nadu,Dindigul,2025-05-01,0.6446861964391413,0.6446861964391413,0.6446861964391413
Tamil Nadu,Dindigul,2025-06-01,0.7430919412577743,0.7430919412577743,0.7430919412577743
Tamil Nadu,Dindigul,2025-07-01,0.8107486604409185,0.8107486604409185,0.8107486604409185
Tamil Nadu,Dindigul,2025-09-01,0.8675869972358206,0.8675869972358206,0.8675869972358206
Tamil Nadu,Dindigul,2025-10-01,-0.2292762761331095,-0.2292762761331095,-0.2292762761331095
Tamil Nadu,Dindigul,2025-11-01,0.36430376385992,0.36430376385992,0.36430376385992
Tamil Nadu,Dindigul,2025-12-01,-0.1089526151384583,-0.1089526151384583,-0.1089526151384583
Tamil Nadu,Erode,2025-03-01,1.0413304247067368,1.0413304247067368,1.0413304247067368
Tamil Nadu,Erode,2025-04-01,0.39516002300174446,0.39516002300174446,0.39516002300174446
Tamil Nadu,Erode,2025-05-01,0.45520628167957894,0.45520628167957894,0.45520628167957894
Tamil Nadu,Erode,2025-06-01,0.4909584278690883,0.4909584278690883,0.4909584278690883
Tamil Nadu,Erode,2025-07-01,0.5516297215757733,0.5516297215757733,0.5516297215757733
Tamil Nadu,Erode,2025-09-01,0.857167322508323,0.857167322508323,0.857167322508323
Tamil Nadu,Erode,2025-10-01,-0.15494738479432973,-0.15494738479432973,-0.15494738479432973
Tamil Nadu,Erode,2025-11-01,0.2712872475044886,0.2712872475044886,0.2712872475044886
Tamil Nadu,Erode,2025-12-01,-0.10119677331096223,-0.10119677331096223,-0.10119677331096223
Tamil Nadu,Kallakurichi,2025-03-01,-0.167083302332591,-0.167083302332591,-0.167083302332591
Tamil Nadu,Kallakurichi,2025-04-01,-0.5652468080830474,-0.5652468080830474,-0.5652468080830474
Tamil Nadu,Kallakurichi,2025-05-01,-0.5185724601242985,-0.5185724601242985,-0.5185724601242985
Tamil Nadu,Kallakurichi,2025-06-01,0.32479312374457536,0.32479312374457536,0.32479312374457536
Tamil Nadu,Kallakurichi,2025-07-01,-0.9650305166202681,-0.9650305166202681,-0.9650305166202681
Tamil Nadu,Kallakurichi,2025-09-01,0.4868903254459368,0.4868903254459368,0.4868903254459368
Tamil Nadu,Kallakurichi,2025-10-01,-0.471132366816775,-0.471132366816775,-0.471132366816775
Tamil Nadu,Kallakurichi,2025-11-01,-0.05901947936535466,-0.05901947936535466,-0.05901947936535466
Tamil Nadu,Kallakurichi,2025-12-01,-0.407955773336814,-0.407955773336814,-0.407955773336814
Tamil Nadu,Kancheepuram,2025-03-01,1.7304524699193067,1.6266253217241482,1.5790378788013673
Tamil Nadu,Kancheepuram,2025-04-01,0.913832289904332,0.913832289904332,0.913832289904332
Tamil Nadu,Kancheepuram,2025-05-01,0.5888391079757882,0.5888391079757882,0.5888391079757882
Tamil Nadu,Kancheepuram,2025-06-01,0.8976721179776986,0.8976721179776986,0.8976721179776986
Tamil Nadu,Kancheepuram,2025-07-01,1.0459358610293341,1.0459358610293341,1.0459358610293341
Tamil Nadu,Kancheepuram,2025-09-01,0.931848147614746,0.931848147614746,0.931848147614746
Tamil Nadu,Kancheepuram,2025-10-01,-0.11364767175422008,-0.11364767175422008,-0.11364767175422008
Tamil Nadu,Kancheepuram,2025-11-01,0.3810809702680134,0.3810809702680134,0.3810809702680134
Tamil Nadu,Kancheepuram,2025-12-01,0.010720013163201703,0.010720013163201703,0.010720013163201703
Tamil Nadu,Kanchipuram,2025-03-01,-1.4561387052395818,-1.4561387052395818,-1.4561387052395818
Tamil Nadu,Kanchipuram,2025-06-01,-0.6280692753018403,-0.6280692753018403,-0.6280692753018403
Tamil Nadu,Kanchipuram,2025-09-01,-1.7072838615498647,-1.7072838615498647,-1.7072838615498647
Tamil Nadu,Kanchipuram,2025-10-01,-0.628043194409099,-0.628043194409099,-0.628043194409099
Tamil Nadu,Kanchipuram,2025-11-01,-1.6044560841465152,-1.6044560841465152,-1.6044560841465152
Tamil Nadu,Kanchipuram,2025-12-01,-0.27258692473421986,-0.27258692473421986,-0.27258692473421986
Tamil Nadu,Kanniyakumari,2025-03-01,0.5228215190613903,0.5228215190613903,0.5228215190613903
Tamil Nadu,Kanniyakumari,2025-04-01,-0.02098353455994991,-0.02098353455994991,-0.02098353455994991
Tamil Nadu,Kanniyakumari,2025-05-01,0.13794114484809944,0.13794114484809944,0.13794114484809944
Tamil Nadu,Kanniyakumari,2025-06-01,0.16180197657707357,0.16180197657707357,0.16180197657707357
Tamil Nadu,Kanniyakumari,2025-07-01,0.17324342361792505,0.17324342361792505,0.17324342361792505
Tamil Nadu,Kanniyakumari,2025-09-01,0.7752625614412079,0.7752625614412079,0.7752625614412079
Tamil Nadu,Kanniyakumari,2025-10-01,-0.25619030053561825,-0.25619030053561825,-0.25619030053561825
Tamil Nadu,Kanniyakumari,2025-11-01,0.0622083509313346,0.0622083509313346,0.0622083509313346
Tamil Nadu,Kanniyakumari,2025-12-01,-0.16959260164494266,-0.16959260164494266,-0.16959260164494266
Tamil Nadu,Kanyakumari,2025-03-01,0.12022436240431132,0.12022436240431132,0.12022436240431132
Tamil Nadu,Kanyakumari,2025-04-01,-0.2808468874622107,-0.2808468874622107,-0.2808468874622107
Tamil Nadu,Kanyakumari,2025-05-01,-0.12317321768286109,-0.12317321768286109,-0.12317321768286109
Tamil Nadu,Kanyakumari,2025-06-01,-0.15002137598940768,-0.15002137598940768,-0.15002137598940768
Tamil Nadu,Kanyakumari,2025-07-01,-0.20032294264872974,-0.20032294264872974,-0.20032294264872974
Tamil Nadu,Kanyakumari,2025-09-01,0.6666761227313687,0.6666761227313687,0.6666761227313687
Tamil Nadu,Kanyakumari,2025-10-01,-0.32250246406348854,-0.32250246406348854,-0.32250246406348854
Tamil Nadu,Kanyakumari,2025-11-01,-0.01415765859866775,-0.01415765859866775,-0.01415765859866775
Tamil Nadu,Kanyakumari,2025-12-01,-0.2810207810076907,-0.2810207810076907,-0.2810207810076907
Tamil Nadu,Karur,2025-03-01,0.32320619685377683,0.32320619685377683,0.32320619685377683
Tamil Nadu,Karur,2025-04-01,0.11916075008477939,0.11916075008477939,0.11916075008477939
Tamil Nadu,Karur,2025-05-01,0.028172565587543344,0.028172565587543344,0.028172565587543344
Tamil Nadu,Karur,2025-06-01,0.03463853064792832,0.03463853064792832,0.03463853064792832
Tamil Nadu,Karur,2025-07-01,0.08282186003302289,0.08282186003302289,0.08282186003302289
Tamil Nadu,Karur,2025-09-01,0.7377559957736242,0.7377559957736242,0.7377559957736242
Tamil Nadu,Karur,2025-10-01,-0.3661673275771558,-0.3661673275771558,-0.3661673275771558
Tamil Nadu,Karur,2025-11-01,0.16939582273741396,0.16939582273741396,0.16939582273741396
Tamil Nadu,Karur,2025-12-01,-0.2069278344398556,-0.2069278344398556,-0.2069278344398556
Tamil Nadu,Krishnagiri,2025-03-01,1.014388769388916,1.014388769388916,1.014388769388916
Tamil Nadu,Krishnagiri,2025-04-01,0.271096834091717,0.271096834091717,0.271096834091717
Tamil Nadu,Krishnagiri,2025-05-01,0.29042491843838575,0.29042491843838575,0.29042491843838575
Tamil Nadu,Krishnagiri,2025-06-01,0.32221940106516633,0.32221940106516633,0.32221940106516633
Tamil Nadu,Krishnagiri,2025-07-01,0.4680609892957612,0.4680609892957612,0.4680609892957612
Tamil Nadu,Krishnagiri,2025-09-01,0.8166769416027979,0.8166769416027979,0.8166769416027979
Tamil Nadu,Krishnagiri,2025-10-01,-0.18506368260702927,-0.18506368260702927,-0.18506368260702927
Tamil Nadu,Krishnagiri,2025-11-01,0.30544586381840194,0.30544586381840194,0.30544586381840194
Tamil Nadu,Krishnagiri,2025-12-01,-0.03087426194692332,-0.03087426194692332,-0.03087426194692332
Tamil Nadu,Madurai,2025-03-01,1.7188883213420962,1.6157550220615704,1.5684855932246629
Tamil Nadu,Madurai,2025-04-01,0.8981463531089328,0.8981463531089328,0.8981463531089328
Tamil Nadu,Madurai,2025-05-01,0.40206169483046705,0.40206169483046705,0.40206169483046705
Tamil Nadu,Madurai,2025-06-01,0.8748477412905941,0.8748477412905941,0.8748477412905941
Tamil Nadu,Madurai,2025-07-01,0.47637754311422975,0.47637754311422975,0.47637754311422975
Tamil Nadu,Madurai,2025-09-01,0.897800896212824,0.897800896212824,0.897800896212824
Tamil Nadu,Madurai,2025-10-01,-0.1657348686142216,-0.1657348686142216,-0.1657348686142216
Tamil Nadu,Madurai,2025-11-01,0.3443552957712932,0.3443552957712932,0.3443552957712932
Tamil Nadu,Madurai,2025-12-01,-0.05756116322956652,-0.05756116322956652,-0.05756116322956652
Tamil Nadu,Mayiladuthurai,2025-03-01,-0.33996879906301025,-0.33996879906301025,-0.33996879906301025
Tamil Nadu,Mayiladuthurai,2025-04-01,-0.7029244152473147,-0.7029244152473147,-0.7029244152473147
Tamil Nadu,Mayiladuthurai,2025-05-01,-0.8080807508878589,-0.8080807508878589,-0.8080807508878589
Tamil Nadu,Mayiladuthurai,2025-06-01,-0.6263937157088222,-0.6263937157088222,-0.6263937157088222
Tamil Nadu,Mayiladuthurai,2025-07-01,-0.6174861202249927,-0.6174861202249927,-0.6174861202249927
Tamil Nadu,Mayiladuthurai,2025-09-01,0.40005853663486046,0.40005853663486046,0.40005853663486046
Tamil Nadu,Mayiladuthurai,2025-10-01,-0.6984509656190642,-0.6984509656190642,-0.6984509656190642
Tamil Nadu,Mayiladuthurai,2025-11-01,-0.2505621416894636,-0.2505621416894636,-0.2505621416894636
Tamil Nadu,Mayiladuthurai,2025-12-01,-0.4571039105989957,-0.4571039105989957,-0.4571039105989957
Tamil Nadu,Nagapattinam,2025-03-01,0.37653289653604055,0.37653289653604055,0.37653289653604055
Tamil Nadu,Nagapattinam,2025-04-01,0.12079584058528377,0.12079584058528377,0.12079584058528377
Tamil Nadu,Nagapattinam,2025-05-01,0.16315363686730333,0.16315363686730333,0.16315363686730333
Tamil Nadu,Nagapattinam,2025-06-01,0.14138744861515046,0.14138744861515046,0.14138744861515046
Tamil Nadu,Nagapattinam,2025-07-01,0.21829320612400677,0.21829320612400677,0.21829320612400677
Tamil Nadu,Nagapattinam,2025-09-01,0.7809560192744889,0.7809560192744889,0.7809560192744889
Tamil Nadu,Nagapattinam,2025-10-01,-0.2830529541796486,-0.2830529541796486,-0.2830529541796486
Tamil Nadu,Nagapattinam,2025-11-01,0.25481886425292516,0.25481886425292516,0.25481886425292516
Tamil Nadu,Nagapattinam,2025-12-01,-0.15355264868238794,-0.15355264868238794,-0.15355264868238794
Tamil Nadu,Namakkal,2025-03-01,0.7070979096224352,0.7070979096224352,0.7070979096224352
Tamil Nadu,Namakkal,2025-04-01,0.35953062859415413,0.35953062859415413,0.35953062859415413
Tamil Nadu,Namakkal,2025-05-01,0.3573353925126565,0.3573353925126565,0.3573353925126565
Tamil Nadu,Namakkal,2025-06-01,0.3990422225826472,0.3990422225826472,0.3990422225826472
Tamil Nadu,Namakkal,2025-07-01,0.4503302059729969,0.4503302059729969,0.4503302059729969
Tamil Nadu,Namakkal,2025-09-01,0.8112555771071108,0.8112555771071108,0.8112555771071108
Tamil Nadu,Namakkal,2025-10-01,-0.26189953017958634,-0.26189953017958634,-0.26189953017958634
Tamil Nadu,Namakkal,2025-11-01,0.2319473748926697,0.2319473748926697,0.2319473748926697
Tamil Nadu,Namakkal,2025-12-01,-0.122188642895132,-0.122188642895132,-0.122188642895132
Tamil Nadu,Namakkal   *,2025-09-01,-1.4561139741661056,-1.4561139741661056,-1.4561139741661056
Tamil Nadu,Perambalur,2025-03-01,0.21500869114465337,0.21500869114465337,0.21500869114465337
Tamil Nadu,Perambalur,2025-04-01,-0.051592851744119664,-0.051592851744119664,-0.051592851744119664
Tamil Nadu,Perambalur,2025-05-01,0.03259945185184164,0.03259945185184164,0.03259945185184164
Tamil Nadu,Perambalur,2025-06-01,0.12544450053025896,0.12544450053025896,0.12544450053025896
Tamil Nadu,Perambalur,2025-07-01,0.1070798156324239,0.1070798156324239,0.1070798156324239
Tamil Nadu,Perambalur,2025-09-01,0.6875661944430201,0.6875661944430201,0.6875661944430201
Tamil Nadu,Perambalur,2025-10-01,-0.3507037864083282,-0.3507037864083282,-0.3507037864083282
Tamil Nadu,Perambalur,2025-11-01,0.10188915065611329,0.10188915065611329,0.10188915065611329
Tamil Nadu,Perambalur,2025-12-01,-0.25580401742730113,-0.25580401742730113,-0.25580401742730113
Tamil Nadu,Pudukkottai,2025-03-01,0.8450288854194057,0.8450288854194057,0.8450288854194057
Tamil Nadu,Pudukkottai,2025-04-01,0.37251221725392103,0.37251221725392103,0.37251221725392103
Tamil Nadu,Pudukkottai,2025-05-01,0.7900909541270296,0.7900909541270296,0.7900909541270296
Tamil Nadu,Pudukkottai,2025-06-01,-0.013109898672850714,-0.013109898672850714,-0.013109898672850714
Tamil Nadu,Pudukkottai,2025-07-01,0.4686008524504832,0.4686008524504832,0.4686008524504832
Tamil Nadu,Pudukkottai,2025-09-01,0.8240477747282068,0.8240477747282068,0.8240477747282068
Tamil Nadu,Pudukkottai,2025-10-01,-0.23114700337828484,-0.23114700337828484,-0.23114700337828484
Tamil Nadu,Pudukkottai,2025-11-01,0.31533093748835406,0.31533093748835406,0.31533093748835406
Tamil Nadu,Pudukkottai,2025-12-01,-0.09349027665314937,-0.09349027665314937,-0.09349027665314937
Tamil Nadu,Ramanathapuram,2025-03-01,0.6670029988808992,0.6670029988808992,0.6670029988808992
Tamil Nadu,Ramanathapuram,2025-04-01,0.2380926935818073,0.2380926935818073,0.2380926935818073
Tamil Nadu,Ramanathapuram,2025-05-01,0.3097600892743325,0.3097600892743325,0.3097600892743325
Tamil Nadu,Ramanathapuram,2025-06-01,0.7695100017813895,0.7695100017813895,0.7695100017813895
Tamil Nadu,Ramanathapuram,2025-07-01,-0.0735785822260319,-0.0735785822260319,-0.0735785822260319
Tamil Nadu,Ramanathapuram,2025-09-01,0.77452938388824,0.77452938388824,0.77452938388824
Tamil Nadu,Ramanathapuram,2025-10-01,-0.20272793173720505,-0.20272793173720505,-0.20272793173720505
Tamil Nadu,Ramanathapuram,2025-11-01,0.2209566048364438,0.2209566048364438,0.2209566048364438
Tamil Nadu,Ramanathapuram,2025-12-01,-0.15911212949263698,-0.15911212949263698,-0.15911212949263698
Tamil Nadu,Ranipet,2025-03-01,-0.7227652683424945,-0.7227652683424945,-0.7227652683424945
Tamil Nadu,Ranipet,2025-04-01,-0.9462855086338546,-0.9462855086338546,-0.9462855086338546
Tamil Nadu,Ranipet,2025-06-01,-0.8689785664810156,-0.8689785664810156,-0.8689785664810156
Tamil Nadu,Ranipet,2025-07-01,-0.9725063217886026,-0.9725063217886026,-0.9725063217886026
Tamil Nadu,Ranipet,2025-09-01,0.2255095456630073,0.2255095456630073,0.2255095456630073
Tamil Nadu,Ranipet,2025-10-01,-0.813192600878659,-0.813192600878659,-0.813192600878659
Tamil Nadu,Ranipet,2025-11-01,-0.23103867113375992,-0.23103867113375992,-0.23103867113375992
Tamil Nadu,Ranipet,2025-12-01,-0.6911702600620044,-0.6911702600620044,-0.6911702600620044
Tamil Nadu,Salem,2025-03-01,1.7568479406784934,1.6514370642377836,1.6031237458691252
Tamil Nadu,Salem,2025-04-01,1.0005849099266226,1.0005849099266226,1.0005849099266226
Tamil Nadu,Salem,2025-05-01,0.8211237492539685,0.8211237492539685,0.8211237492539685
Tamil Nadu,Salem,2025-06-01,0.8782439382731215,0.8782439382731215,0.8782439382731215
Tamil Nadu,Salem,2025-07-01,0.5481506043567637,0.5481506043567637,0.5481506043567637
Tamil Nadu,Salem,2025-09-01,0.9222579328389418,0.9222579328389418,0.9222579328389418
Tamil Nadu,Salem,2025-10-01,-0.1327762063111574,-0.1327762063111574,-0.1327762063111574
Tamil Nadu,Salem,2025-11-01,0.2878021601349326,0.2878021601349326,0.2878021601349326
Tamil Nadu,Salem,2025-12-01,0.06326511177025577,0.06326511177025577,0.06326511177025577
Tamil Nadu,Sivaganga,2025-03-01,0.5530544602046656,0.5530544602046656,0.5530544602046656
Tamil Nadu,Sivaganga,2025-04-01,0.21106089703893444,0.21106089703893444,0.21106089703893444
Tamil Nadu,Sivaganga,2025-05-01,0.19966794380513003,0.19966794380513003,0.19966794380513003
Tamil Nadu,Sivaganga,2025-06-01,0.73338587346412,0.73338587346412,0.73338587346412
Tamil Nadu,Sivaganga,2025-07-01,-0.13011756917296413,-0.13011756917296413,-0.13011756917296413
Tamil Nadu,Sivaganga,2025-09-01,0.7761307923758508,0.7761307923758508,0.7761307923758508
Tamil Nadu,Sivaganga,2025-10-01,-0.258414891331596,-0.258414891331596,-0.258414891331596
Tamil Nadu,Sivaganga,2025-11-01,0.30566533666886964,0.30566533666886964,0.30566533666886964
Tamil Nadu,Sivaganga,2025-12-01,-0.16030835273338734,-0.16030835273338734,-0.16030835273338734
Tamil Nadu,Tenkasi,2025-03-01,-0.14933641992910304,-0.14933641992910304,-0.14933641992910304
Tamil Nadu,Tenkasi,2025-04-01,-0.5053733433028104,-0.5053733433028104,-0.5053733433028104
Tamil Nadu,Tenkasi,2025-05-01,-0.5883823189165045,-0.5883823189165045,-0.5883823189165045
Tamil Nadu,Tenkasi,2025-06-01,-0.5192254739361843,-0.5192254739361843,-0.5192254739361843
Tamil Nadu,Tenkasi,2025-07-01,-0.4839184937612694,-0.4839184937612694,-0.4839184937612694
Tamil Nadu,Tenkasi,2025-09-01,0.5383759367824127,0.5383759367824127,0.5383759367824127
Tamil Nadu,Tenkasi,2025-10-01,-0.4481955226239423,-0.4481955226239423,-0.4481955226239423
Tamil Nadu,Tenkasi,2025-11-01,-0.0037563874289181613,-0.0037563874289181613,-0.0037563874289181613
Tamil Nadu,Tenkasi,2025-12-01,-0.38075248264722245,-0.38075248264722245,-0.38075248264722245
Tamil Nadu,Thanjavur,2025-03-01,1.4149215966472921,1.3300263008484545,1.291115956940654
Tamil Nadu,Thanjavur,2025-04-01,0.8494603136163296,0.8494603136163296,0.8494603136163296
Tamil Nadu,Thanjavur,2025-05-01,0.14535436716260342,0.14535436716260342,0.14535436716260342
Tamil Nadu,Thanjavur,2025-06-01,0.5560260821168678,0.5560260821168678,0.5560260821168678
Tamil Nadu,Thanjavur,2025-07-01,0.6668197441437478,0.6668197441437478,0.6668197441437478
Tamil Nadu,Thanjavur,2025-09-01,0.8666689117226885,0.8666689117226885,0.8666689117226885
Tamil Nadu,Thanjavur,2025-10-01,-0.20142709707286116,-0.20142709707286116,-0.20142709707286116
Tamil Nadu,Thanjavur,2025-11-01,0.2946807188497408,0.2946807188497408,0.2946807188497408
Tamil Nadu,Thanjavur,2025-12-01,0.017923641203313388,0.017923641203313388,0.017923641203313388
Tamil Nadu,The Nilgiris,2025-03-01,0.15171053036928867,0.15171053036928867,0.15171053036928867
Tamil Nadu,The Nilgiris,2025-04-01,-0.1182698265940631,-0.1182698265940631,-0.1182698265940631
Tamil Nadu,The Nilgiris,2025-05-01,-0.06350305269125754,-0.06350305269125754,-0.06350305269125754
Tamil Nadu,The Nilgiris,2025-06-01,-0.040344028801659666,-0.040344028801659666,-0.040344028801659666
Tamil Nadu,The Nilgiris,2025-07-01,0.017162349687311784,0.017162349687311784,0.017162349687311784
Tamil Nadu,The Nilgiris,2025-09-01,0.6465112521491547,0.6465112521491547,0.6465112521491547
Tamil Nadu,The Nilgiris,2025-10-01,-0.36129104327722805,-0.36129104327722805,-0.36129104327722805
Tamil Nadu,The Nilgiris,2025-11-01,0.03634305122644146,0.03634305122644146,0.03634305122644146
Tamil Nadu,The Nilgiris,2025-12-01,-0.23337797383833128,-0.23337797383833128,-0.23337797383833128
Tamil Nadu,Theni,2025-03-01,0.636652113242212,0.636652113242212,0.636652113242212
Tamil Nadu,Theni,2025-04-01,0.261074022002862,0.261074022002862,0.261074022002862
Tamil Nadu,Theni,2025-05-01,0.21773805247314337,0.21773805247314337,0.21773805247314337
Tamil Nadu,Theni,2025-06-01,0.2495940554816108,0.2495940554816108,0.2495940554816108
Tamil Nadu,Theni,2025-07-01,0.23571795317968458,0.23571795317968458,0.23571795317968458
Tamil Nadu,Theni,2025-09-01,0.7682985716730923,0.7682985716730923,0.7682985716730923
Tamil Nadu,Theni,2025-10-01,-0.26811130312060555,-0.26811130312060555,-0.26811130312060555
Tamil Nadu,Theni,2025-11-01,0.1339100057223573,0.1339100057223573,0.1339100057223573
Tamil Nadu,Theni,2025-12-01,-0.15938720163097392,-0.15938720163097392,-0.15938720163097392
Tamil Nadu,Thiruvallur,2025-03-01,-0.5335152660049433,-0.5335152660049433,-0.5335152660049433
Tamil Nadu,Thiruvallur,2025-04-01,-0.7720943065845944,-0.7720943065845944,-0.7720943065845944
Tamil Nadu,Thiruvallur,2025-05-01,-0.6451177683372884,-0.6451177683372884,-0.6451177683372884
Tamil Nadu,Thiruvallur,2025-06-01,-0.7039086904824294,-0.7039086904824294,-0.7039086904824294
Tamil Nadu,Thiruvallur,2025-07-01,0.11043560817341758,0.11043560817341758,0.11043560817341758
Tamil Nadu,Thiruvallur,2025-09-01,-0.8012046262249966,-0.8012046262249966,-0.8012046262249966
Tamil Nadu,Thiruvallur,2025-10-01,-0.5759643390947392,-0.5759643390947392,-0.5759643390947392
Tamil Nadu,Thiruvallur,2025-11-01,-0.26445574364048907,-0.26445574364048907,-0.26445574364048907
Tamil Nadu,Thiruvallur,2025-12-01,-0.5750496513361375,-0.5750496513361375,-0.5750496513361375
Tamil Nadu,Thiruvarur,2025-03-01,0.4793669215039451,0.4793669215039451,0.4793669215039451
Tamil Nadu,Thiruvarur,2025-04-01,0.04584358737972957,0.04584358737972957,0.04584358737972957
Tamil Nadu,Thiruvarur,2025-05-01,0.02850544940428057,0.02850544940428057,0.02850544940428057
Tamil Nadu,Thiruvarur,2025-06-01,0.039248588937233736,0.039248588937233736,0.039248588937233736
Tamil Nadu,Thiruvarur,2025-07-01,0.10066286574672285,0.10066286574672285,0.10066286574672285
Tamil Nadu,Thiruvarur,2025-09-01,0.7615866325064456,0.7615866325064456,0.7615866325064456
Tamil Nadu,Thiruvarur,2025-10-01,-0.3003774200102447,-0.3003774200102447,-0.3003774200102447
Tamil Nadu,Thiruvarur,2025-11-01,0.357020738163453,0.357020738163453,0.357020738163453
Tamil Nadu,Thiruvarur,2025-12-01,-0.10914054460506667,-0.10914054460506667,-0.10914054460506667
Tamil Nadu,Thoothukkudi,2025-03-01,1.1121137944183346,1.0453869667532345,1.0148038374067303
Tamil Nadu,Thoothukkudi,2025-04-01,0.4664001504540917,0.4664001504540917,0.4664001504540917
Tamil Nadu,Thoothukkudi,2025-05-01,0.32104668783094925,0.32104668783094925,0.32104668783094925
Tamil Nadu,Thoothukkudi,2025-06-01,0.3204383296094819,0.3204383296094819,0.3204383296094819
Tamil Nadu,Thoothukkudi,2025-07-01,0.37594089384711915,0.37594089384711915,0.37594089384711915
Tamil Nadu,Thoothukkudi,2025-09-01,0.8024903875102559,0.8024903875102559,0.8024903875102559
Tamil Nadu,Thoothukkudi,2025-10-01,-0.14582948050557326,-0.14582948050557326,-0.14582948050557326
Tamil Nadu,Thoothukkudi,2025-11-01,0.18877897429974722,0.18877897429974722,0.18877897429974722
Tamil Nadu,Thoothukkudi,2025-12-01,-0.045940451950684816,-0.045940451950684816,-0.045940451950684816
Tamil Nadu,Tiruchirappalli,2025-03-01,1.3415912164478598,1.2610957434609882,1.224201985008672
Tamil Nadu,Tiruchirappalli,2025-04-01,0.7210497400391794,0.7210497400391794,0.7210497400391794
Tamil Nadu,Tiruchirappalli,2025-05-01,0.690456585194337,0.690456585194337,0.690456585194337
Tamil Nadu,Tiruchirappalli,2025-06-01,0.7353303561576077,0.7353303561576077,0.7353303561576077
Tamil Nadu,Tiruchirappalli,2025-07-01,0.8434161060086454,0.8434161060086454,0.8434161060086454
Tamil Nadu,Tiruchirappalli,2025-09-01,0.876784634926293,0.876784634926293,0.876784634926293
Tamil Nadu,Tiruchirappalli,2025-10-01,-0.1793272621457505,-0.1793272621457505,-0.1793272621457505
Tamil Nadu,Tiruchirappalli,2025-11-01,0.278063736653417,0.278063736653417,0.278063736653417
Tamil Nadu,Tiruchirappalli,2025-12-01,-0.03254346491776301,-0.03254346491776301,-0.03254346491776301
Tamil Nadu,Tirunelveli,2025-03-01,1.586366400906857,1.4911844168524455,1.447559340827507
Tamil Nadu,Tirunelveli,2025-04-01,0.7309822314164482,0.7309822314164482,0.7309822314164482
Tamil Nadu,Tirunelveli,2025-05-01,0.5735996264047807,0.5735996264047807,0.5735996264047807
Tamil Nadu,Tirunelveli,2025-06-01,0.6210328379139416,0.6210328379139416,0.6210328379139416
Tamil Nadu,Tirunelveli,2025-07-01,0.765401433689155,0.765401433689155,0.765401433689155
Tamil Nadu,Tirunelveli,2025-09-01,0.9010625767006126,0.9010625767006126,0.9010625767006126
Tamil Nadu,Tirunelveli,2025-10-01,-0.06749853093639327,-0.06749853093639327,-0.06749853093639327
Tamil Nadu,Tirunelveli,2025-11-01,0.22316640786589614,0.22316640786589614,0.22316640786589614
Tamil Nadu,Tirunelveli,2025-12-01,-0.014329574238624215,-0.014329574238624215,-0.014329574238624215
Tamil Nadu,Tirupathur,2025-09-01,-0.9622232550900449,-0.9622232550900449,-0.9622232550900449
Tamil Nadu,Tirupathur,2025-10-01,-1.3704391681362487,-1.3704391681362487,-1.3704391681362487
Tamil Nadu,Tirupathur,2025-11-01,-0.8635880323691262,-0.8635880323691262,-0.8635880323691262
Tamil Nadu,Tirupathur,2025-12-01,-0.8909176108735155,-0.8909176108735155,-0.8909176108735155
Tamil Nadu,Tirupattur,2025-03-01,-0.11996759485487976,-0.11996759485487976,-0.11996759485487976
Tamil Nadu,Tirupattur,2025-04-01,-0.3464540579546598,-0.3464540579546598,-0.3464540579546598
Tamil Nadu,Tirupattur,2025-05-01,-0.41758606385412167,-0.41758606385412167,-0.41758606385412167
Tamil Nadu,Tirupattur,2025-06-01,-0.38845286602476714,-0.38845286602476714,-0.38845286602476714
Tamil Nadu,Tirupattur,2025-07-01,-0.43580103965797273,-0.43580103965797273,-0.43580103965797273
Tamil Nadu,Tirupattur,2025-09-01,0.4989317744130658,0.4989317744130658,0.4989317744130658
Tamil Nadu,Tirupattur,2025-10-01,-0.4755907829874215,-0.4755907829874215,-0.4755907829874215
Tamil Nadu,Tirupattur,2025-11-01,-0.06331484576423817,-0.06331484576423817,-0.06331484576423817
Tamil Nadu,Tirupattur,2025-12-01,-0.28150223727627843,-0.28150223727627843,-0.28150223727627843
Tamil Nadu,Tiruppur,2025-03-01,1.0365761056233838,1.0365761056233838,1.0365761056233838
Tamil Nadu,Tiruppur,2025-04-01,0.6510625246203412,0.6510625246203412,0.6510625246203412
Tamil Nadu,Tiruppur,2025-05-01,0.6738393163160916,0.6738393163160916,0.6738393163160916
Tamil Nadu,Tiruppur,2025-06-01,0.5334217139724081,0.5334217139724081,0.5334217139724081
Tamil Nadu,Tiruppur,2025-07-01,0.5967213250217596,0.5967213250217596,0.5967213250217596
Tamil Nadu,Tiruppur,2025-09-01,0.8584049003150881,0.8584049003150881,0.8584049003150881
Tamil Nadu,Tiruppur,2025-10-01,-0.17439277286056168,-0.17439277286056168,-0.17439277286056168
Tamil Nadu,Tiruppur,2025-11-01,0.2964868884312008,0.2964868884312008,0.2964868884312008
Tamil Nadu,Tiruppur,2025-12-01,-0.0612554744404783,-0.0612554744404783,-0.0612554744404783
Tamil Nadu,Tiruvallur,2025-03-01,1.8221828414740666,1.7128518709856224,1.6627418428450857
Tamil Nadu,Tiruvallur,2025-04-01,0.9848006899864582,0.9848006899864582,0.9848006899864582
Tamil Nadu,Tiruvallur,2025-05-01,1.0222455635083423,1.0222455635083423,1.0222455635083423
Tamil Nadu,Tiruvallur,2025-06-01,0.9266344980698729,0.9266344980698729,0.9266344980698729
Tamil Nadu,Tiruvallur,2025-07-01,1.1558658439795741,1.0865138933407996,1.0547275826313613
Tamil Nadu,Tiruvallur,2025-09-01,0.9339505559738348,0.9339505559738348,0.9339505559738348
Tamil Nadu,Tiruvallur,2025-10-01,-0.09672168297345382,-0.09672168297345382,-0.09672168297345382
Tamil Nadu,Tiruvallur,2025-11-01,0.4398886071794519,0.4398886071794519,0.4398886071794519
Tamil Nadu,Tiruvallur,2025-12-01,-0.0036579271595509853,-0.0036579271595509853,-0.0036579271595509853
Tamil Nadu,Tiruvannamalai,2025-03-01,1.2995967999218958,1.221620991926582,1.18588207992873
Tamil Nadu,Tiruvannamalai,2025-04-01,0.5319741902822792,0.5319741902822792,0.5319741902822792
Tamil Nadu,Tiruvannamalai,2025-05-01,0.4869420197849315,0.4869420197849315,0.4869420197849315
Tamil Nadu,Tiruvannamalai,2025-06-01,0.42303651253424696,0.42303651253424696,0.42303651253424696
Tamil Nadu,Tiruvannamalai,2025-07-01,0.43902736896017797,0.43902736896017797,0.43902736896017797
Tamil Nadu,Tiruvannamalai,2025-09-01,0.8396478938240708,0.8396478938240708,0.8396478938240708
Tamil Nadu,Tiruvannamalai,2025-10-01,-0.19419444921283546,-0.19419444921283546,-0.19419444921283546
Tamil Nadu,Tiruvannamalai,2025-11-01,0.28149779591961765,0.28149779591961765,0.28149779591961765
Tamil Nadu,Tiruvannamalai,2025-12-01,-0.11827744651321612,-0.11827744651321612,-0.11827744651321612
Tamil Nadu,Tiruvarur,2025-09-01,-1.4561139741661056,-1.4561139741661056,-1.4561139741661056
Tamil Nadu,Tiruvarur,2025-11-01,-1.7072838615498647,-1.7072838615498647,-1.7072838615498647
Tamil Nadu,Tiruvarur,2025-12-01,-1.2505668573998039,-1.2505668573998039,-1.2505668573998039
Tamil Nadu,Tuticorin,2025-09-01,-1.2932856647457622,-1.2932856647457622,-1.2932856647457622
Tamil Nadu,Tuticorin,2025-11-01,-1.2175682338789036,-1.2175682338789036,-1.2175682338789036
Tamil Nadu,Tuticorin,2025-12-01,-1.631524933978164,-1.631524933978164,-1.631524933978164
Tamil Nadu,Vellore,2025-03-01,1.362709371107739,1.2809468088412745,1.2434723011358118
Tamil Nadu,Vellore,2025-04-01,0.7431180612212523,0.7431180612212523,0.7431180612212523
Tamil Nadu,Vellore,2025-05-01,0.6094812359869005,0.6094812359869005,0.6094812359869005
Tamil Nadu,Vellore,2025-06-01,0.8340062604702576,0.8340062604702576,0.8340062604702576
Tamil Nadu,Vellore,2025-07-01,0.23123070617563185,0.23123070617563185,0.23123070617563185
Tamil Nadu,Vellore,2025-09-01,0.8925084207723231,0.8925084207723231,0.8925084207723231
Tamil Nadu,Vellore,2025-10-01,-0.11517718814860677,-0.11517718814860677,-0.11517718814860677
Tamil Nadu,Vellore,2025-11-01,0.34087034535450794,0.34087034535450794,0.34087034535450794
Tamil Nadu,Vellore,2025-12-01,-0.015924258506541913,-0.015924258506541913,-0.015924258506541913
Tamil Nadu,Villupuram,2025-03-01,0.8486825438774472,0.8486825438774472,0.8486825438774472
Tamil Nadu,Villupuram,2025-04-01,0.30892941447905653,0.30892941447905653,0.30892941447905653
Tamil Nadu,Villupuram,2025-05-01,0.2721243406964809,0.2721243406964809,0.2721243406964809
Tamil Nadu,Villupuram,2025-06-01,0.34097294877421075,0.34097294877421075,0.34097294877421075
Tamil Nadu,Villupuram,2025-07-01,0.27689616770729614,0.27689616770729614,0.27689616770729614
Tamil Nadu,Villupuram,2025-09-01,0.7903176485886553,0.7903176485886553,0.7903176485886553
Tamil Nadu,Villupuram,2025-10-01,-0.19432353207914574,-0.19432353207914574,-0.19432353207914574
Tamil Nadu,Villupuram,2025-11-01,0.5636690944048128,0.5636690944048128,0.5636690944048128
Tamil Nadu,Villupuram,2025-12-01,-0.23417724175043794,-0.23417724175043794,-0.23417724175043794
Tamil Nadu,Viluppuram,2025-03-01,0.4254568186463388,0.4254568186463388,0.4254568186463388
Tamil Nadu,Viluppuram,2025-04-01,0.15957807491366632,0.15957807491366632,0.15957807491366632
Tamil Nadu,Viluppuram,2025-05-01,0.10323810867737507,0.10323810867737507,0.10323810867737507
Tamil Nadu,Viluppuram,2025-06-01,0.1540000152899021,0.1540000152899021,0.1540000152899021
Tamil Nadu,Viluppuram,2025-07-01,0.16238144581753117,0.16238144581753117,0.16238144581753117
Tamil Nadu,Viluppuram,2025-09-01,0.7795562005768311,0.7795562005768311,0.7795562005768311
Tamil Nadu,Viluppuram,2025-10-01,-0.19663626071402684,-0.19663626071402684,-0.19663626071402684
Tamil Nadu,Viluppuram,2025-11-01,0.47691811299356174,0.47691811299356174,0.47691811299356174
Tamil Nadu,Viluppuram,2025-12-01,-0.2614121891579062,-0.2614121891579062,-0.2614121891579062
Tamil Nadu,Virudhunagar,2025-03-01,0.7154831058593063,0.7154831058593063,0.7154831058593063
Tamil Nadu,Virudhunagar,2025-04-01,0.3055591413496934,0.3055591413496934,0.3055591413496934
Tamil Nadu,Virudhunagar,2025-05-01,0.4108242115761566,0.4108242115761566,0.4108242115761566
Tamil Nadu,Virudhunagar,2025-06-01,0.36010871593523536,0.36010871593523536,0.36010871593523536
Tamil Nadu,Virudhunagar,2025-07-01,0.5066361841729509,0.5066361841729509,0.5066361841729509
Tamil Nadu,Virudhunagar,2025-09-01,0.8038791623105406,0.8038791623105406,0.8038791623105406
Tamil Nadu,Virudhunagar,2025-10-01,-0.19334316239675567,-0.19334316239675567,-0.19334316239675567
Tamil Nadu,Virudhunagar,2025-11-01,0.35255140944088237,0.35255140944088237,0.35255140944088237
Tamil Nadu,Virudhunagar,2025-12-01,-0.1068626746139835,-0.1068626746139835,-0.1068626746139835
Tamilnadu,Chennai,2025-12-01,-1.3533429602460259,-1.3533429602460259,-1.3533429602460259
Telangana,Adilabad,2025-03-01,0.4283046152052681,0.4283046152052681,0.4283046152052681
Telangana,Adilabad,2025-04-01,0.1233841132991201,0.1233841132991201,0.1233841132991201
Telangana,Adilabad,2025-05-01,0.07482381551286443,0.07482381551286443,0.07482381551286443
Telangana,Adilabad,2025-06-01,0.28362442677202787,0.28362442677202787,0.28362442677202787
Telangana,Adilabad,2025-07-01,0.2777723160847279,0.2777723160847279,0.2777723160847279
Telangana,Adilabad,2025-09-01,0.8024683261917621,0.8024683261917621,0.8024683261917621
Telangana,Adilabad,2025-10-01,-0.1890006994532826,-0.1890006994532826,-0.1890006994532826
Telangana,Adilabad,2025-11-01,0.02386598668088122,0.02386598668088122,0.02386598668088122
Telangana,Adilabad,2025-12-01,-0.18662151578193503,-0.18662151578193503,-0.18662151578193503
Telangana,Bhadradri Kothagudem,2025-03-01,0.1467553711814412,0.1467553711814412,0.1467553711814412
Telangana,Bhadradri Kothagudem,2025-04-01,-0.367589622222945,-0.367589622222945,-0.367589622222945
Telangana,Bhadradri Kothagudem,2025-05-01,-0.3379709300073821,-0.3379709300073821,-0.3379709300073821
Telangana,Bhadradri Kothagudem,2025-06-01,-0.2715010747051647,-0.2715010747051647,-0.2715010747051647
Telangana,Bhadradri Kothagudem,2025-07-01,0.5461270609615438,0.5461270609615438,0.5461270609615438
Telangana,Bhadradri Kothagudem,2025-09-01,0.04677246969494986,0.04677246969494986,0.04677246969494986
Telangana,Bhadradri Kothagudem,2025-10-01,-0.15117565512220965,-0.15117565512220965,-0.15117565512220965
Telangana,Bhadradri Kothagudem,2025-11-01,-0.15999285443360997,-0.15999285443360997,-0.15999285443360997
Telangana,Bhadradri Kothagudem,2025-12-01,-0.31061447413599647,-0.31061447413599647,-0.31061447413599647
Telangana,Hanumakonda,2025-03-01,-0.10714722615032403,-0.10714722615032403,-0.10714722615032403
Telangana,Hanumakonda,2025-04-01,-0.3929020453980946,-0.3929020453980946,-0.3929020453980946
Telangana,Hanumakonda,2025-05-01,-0.3969139066629316,-0.3969139066629316,-0.3969139066629316
Telangana,Hanumakonda,2025-06-01,-0.42090675865896876,-0.42090675865896876,-0.42090675865896876
Telangana,Hanumakonda,2025-07-01,-0.35656650258536626,-0.35656650258536626,-0.35656650258536626
Telangana,Hanumakonda,2025-09-01,0.6571785277507156,0.6571785277507156,0.6571785277507156
Telangana,Hanumakonda,2025-10-01,-0.3456731212458692,-0.3456731212458692,-0.3456731212458692
Telangana,Hanumakonda,2025-11-01,-0.19123174331836318,-0.19123174331836318,-0.19123174331836318
Telangana,Hanumakonda,2025-12-01,-0.3974704526701025,-0.3974704526701025,-0.3974704526701025
Telangana,Hyderabad,2025-03-01,1.5201013325212491,1.428895252569974,1.3870924659256398
Telangana,Hyderabad,2025-04-01,0.9295726233093622,0.9295726233093622,0.9295726233093622
Telangana,Hyderabad,2025-05-01,0.9147939959830309,0.9147939959830309,0.9147939959830309
Telangana,Hyderabad,2025-06-01,0.27302082354984547,0.27302082354984547,0.27302082354984547
Telangana,Hyderabad,2025-07-01,1.0027640835662637,1.0027640835662637,1.0027640835662637
Telangana,Hyderabad,2025-09-01,-0.007545743716324448,-0.007545743716324448,-0.007545743716324448
Telangana,Hyderabad,2025-10-01,0.04070072482043445,0.04070072482043445,0.04070072482043445
Telangana,Hyderabad,2025-11-01,0.21714967232313137,0.21714967232313137,0.21714967232313137
Telangana,Hyderabad,2025-12-01,0.03273155243695039,0.03273155243695039,0.03273155243695039
Telangana,Jagitial,2025-03-01,-0.13093714353727273,-0.13093714353727273,-0.13093714353727273
Telangana,Jagitial,2025-04-01,-0.4486859619543039,-0.4486859619543039,-0.4486859619543039
Telangana,Jagitial,2025-05-01,-0.38676504605728795,-0.38676504605728795,-0.38676504605728795
Telangana,Jagitial,2025-06-01,-0.3017000193606998,-0.3017000193606998,-0.3017000193606998
Telangana,Jagitial,2025-07-01,-0.36512903144440273,-0.36512903144440273,-0.36512903144440273
Telangana,Jagitial,2025-09-01,0.6069499982805268,0.6069499982805268,0.6069499982805268
Telangana,Jagitial,2025-10-01,-0.37484707654967364,-0.37484707654967364,-0.37484707654967364
Telangana,Jagitial,2025-11-01,-0.2780735381212889,-0.2780735381212889,-0.2780735381212889
Telangana,Jagitial,2025-12-01,-0.2067103934197901,-0.2067103934197901,-0.2067103934197901
Telangana,Jangaon,2025-03-01,-0.8506349144357276,-0.8506349144357276,-0.8506349144357276
Telangana,Jangaon,2025-09-01,0.21542335538724028,0.21542335538724028,0.21542335538724028
Telangana,Jangaon,2025-10-01,-0.5882089829450419,-0.5882089829450419,-0.5882089829450419
Telangana,Jangaon,2025-11-01,-0.8202518701702369,-0.8202518701702369,-0.8202518701702369
Telangana,Jangaon,2025-12-01,-0.8090006041127954,-0.8090006041127954,-0.8090006041127954
Telangana,Jangoan,2025-03-01,-0.2468132097140671,-0.2468132097140671,-0.2468132097140671
Telangana,Jangoan,2025-04-01,-0.551778856900435,-0.551778856900435,-0.551778856900435
Telangana,Jangoan,2025-05-01,-0.553753685101197,-0.553753685101197,-0.553753685101197
Telangana,Jangoan,2025-06-01,-0.5102899435154524,-0.5102899435154524,-0.5102899435154524
Telangana,Jangoan,2025-07-01,-0.26714771390219494,-0.26714771390219494,-0.26714771390219494
Telangana,Jangoan,2025-09-01,0.6566906990870919,0.6566906990870919,0.6566906990870919
Telangana,Jangoan,2025-10-01,-0.3964243810580814,-0.3964243810580814,-0.3964243810580814
Telangana,Jangoan,2025-11-01,-0.26106061620747145,-0.26106061620747145,-0.26106061620747145
Telangana,Jangoan,2025-12-01,-0.4245995846999339,-0.4245995846999339,-0.4245995846999339
Telangana,Jayashankar Bhupalpally,2025-03-01,-0.06033479367441229,-0.06033479367441229,-0.06033479367441229
Telangana,Jayashankar Bhupalpally,2025-04-01,-0.6020390168945797,-0.6020390168945797,-0.6020390168945797
Telangana,Jayashankar Bhupalpally,2025-05-01,-0.5252111915269051,-0.5252111915269051,-0.5252111915269051
Telangana,Jayashankar Bhupalpally,2025-06-01,-0.4860935418493123,-0.4860935418493123,-0.4860935418493123
Telangana,Jayashankar Bhupalpally,2025-07-01,-0.5084307622323029,-0.5084307622323029,-0.5084307622323029
Telangana,Jayashankar Bhupalpally,2025-09-01,0.5869532405207979,0.5869532405207979,0.5869532405207979
Telangana,Jayashankar Bhupalpally,2025-10-01,-0.33990080206065254,-0.33990080206065254,-0.33990080206065254
Telangana,Jayashankar Bhupalpally,2025-11-01,-0.3024712315973667,-0.3024712315973667,-0.3024712315973667
Telangana,Jayashankar Bhupalpally,2025-12-01,-0.4698625075285817,-0.4698625075285817,-0.4698625075285817
Telangana,Jogulamba Gadwal,2025-03-01,0.05583855532207824,0.05583855532207824,0.05583855532207824
Telangana,Jogulamba Gadwal,2025-04-01,-0.4060815619141422,-0.4060815619141422,-0.4060815619141422
Telangana,Jogulamba Gadwal,2025-05-01,-0.15602787612010277,-0.15602787612010277,-0.15602787612010277
Telangana,Jogulamba Gadwal,2025-06-01,-0.0715257727286886,-0.0715257727286886,-0.0715257727286886
Telangana,Jogulamba Gadwal,2025-07-01,-0.09331381911879762,-0.09331381911879762,-0.09331381911879762
Telangana,Jogulamba Gadwal,2025-09-01,0.6295264852713227,0.6295264852713227,0.6295264852713227
Telangana,Jogulamba Gadwal,2025-10-01,-0.22947775082551425,-0.22947775082551425,-0.22947775082551425
Telangana,Jogulamba Gadwal,2025-11-01,-0.19471240561934988,-0.19471240561934988,-0.19471240561934988
Telangana,Jogulamba Gadwal,2025-12-01,-0.42296181284948414,-0.42296181284948414,-0.42296181284948414
Telangana,K.v. Rangareddy,2025-03-01,1.6758192688524294,1.5752701127212836,1.5291850828278417
Telangana,K.v. Rangareddy,2025-04-01,0.8888566978552507,0.8888566978552507,0.8888566978552507
Telangana,K.v. Rangareddy,2025-05-01,0.413706844743027,0.413706844743027,0.413706844743027
Telangana,K.v. Rangareddy,2025-06-01,1.11330727480721,1.0465088383187773,1.015892888261579
Telangana,K.v. Rangareddy,2025-07-01,1.5393725829271492,1.4470102279515202,1.4046774819210235
Telangana,K.v. Rangareddy,2025-09-01,0.9871563332290437,0.9871563332290437,0.9871563332290437
Telangana,K.v. Rangareddy,2025-10-01,0.04844434518168751,0.04844434518168751,0.04844434518168751
Telangana,K.v. Rangareddy,2025-11-01,0.19467496434103457,0.19467496434103457,0.19467496434103457
Telangana,K.v. Rangareddy,2025-12-01,0.01657583057417365,0.01657583057417365,0.01657583057417365
Telangana,Kamareddy,2025-03-01,-0.12382048603448437,-0.12382048603448437,-0.12382048603448437
Telangana,Kamareddy,2025-04-01,-0.40443532673460614,-0.40443532673460614,-0.40443532673460614
Telangana,Kamareddy,2025-05-01,-0.3112390760858818,-0.3112390760858818,-0.3112390760858818
Telangana,Kamareddy,2025-06-01,-0.2248290854181313,-0.2248290854181313,-0.2248290854181313
Telangana,Kamareddy,2025-07-01,-0.10099265168087809,-0.10099265168087809,-0.10099265168087809
Telangana,Kamareddy,2025-09-01,0.6508078747056609,0.6508078747056609,0.6508078747056609
Telangana,Kamareddy,2025-10-01,-0.3082952927025909,-0.3082952927025909,-0.3082952927025909
Telangana,Kamareddy,2025-11-01,-0.10134350874465835,-0.10134350874465835,-0.10134350874465835
Telangana,Kamareddy,2025-12-01,-0.3675482689115831,-0.3675482689115831,-0.3675482689115831
Telangana,Karimnagar,2025-03-01,0.9881776551444432,0.9881776551444432,0.9881776551444432
Telangana,Karimnagar,2025-04-01,0.3124244703127188,0.3124244703127188,0.3124244703127188
Telangana,Karimnagar,2025-05-01,0.4945131298241865,0.4945131298241865,0.4945131298241865
Telangana,Karimnagar,2025-06-01,0.5270371810047186,0.5270371810047186,0.5270371810047186
Telangana,Karimnagar,2025-07-01,0.5586469730251158,0.5586469730251158,0.5586469730251158
Telangana,Karimnagar,2025-09-01,0.8919363824233243,0.8919363824233243,0.8919363824233243
Telangana,Karimnagar,2025-10-01,-0.06696984245101646,-0.06696984245101646,-0.06696984245101646
Telangana,Karimnagar,2025-11-01,0.009751369005629201,0.009751369005629201,0.009751369005629201
Telangana,Karimnagar,2025-12-01,-0.09920978114942873,-0.09920978114942873,-0.09920978114942873
Telangana,Khammam,2025-03-01,0.4008913364173324,0.4008913364173324,0.4008913364173324
Telangana,Khammam,2025-04-01,-0.10460728483720584,-0.10460728483720584,-0.10460728483720584
Telangana,Khammam,2025-05-01,0.04676593635690911,0.04676593635690911,0.04676593635690911
Telangana,Khammam,2025-06-01,0.09682345234681068,0.09682345234681068,0.09682345234681068
Telangana,Khammam,2025-07-01,0.18499194828048654,0.18499194828048654,0.18499194828048654
Telangana,Khammam,2025-09-01,0.8168291163518516,0.8168291163518516,0.8168291163518516
Telangana,Khammam,2025-10-01,-0.19670225373917882,-0.19670225373917882,-0.19670225373917882
Telangana,Khammam,2025-11-01,0.04135469920296515,0.04135469920296515,0.04135469920296515
Telangana,Khammam,2025-12-01,-0.22534315208201525,-0.22534315208201525,-0.22534315208201525
Telangana,Komaram Bheem,2025-03-01,-0.04153712864012729,-0.04153712864012729,-0.04153712864012729
Telangana,Komaram Bheem,2025-04-01,-0.4383560846745575,-0.4383560846745575,-0.4383560846745575
Telangana,Komaram Bheem,2025-05-01,-0.4572107024891665,-0.4572107024891665,-0.4572107024891665
Telangana,Komaram Bheem,2025-06-01,-0.21206656035679322,-0.21206656035679322,-0.21206656035679322
Telangana,Komaram Bheem,2025-07-01,-0.39238409940441277,-0.39238409940441277,-0.39238409940441277
Telangana,Komaram Bheem,2025-09-01,0.6763103387664965,0.6763103387664965,0.6763103387664965
Telangana,Komaram Bheem,2025-10-01,-0.367652798213046,-0.367652798213046,-0.367652798213046
Telangana,Komaram Bheem,2025-11-01,-0.129706535124663,-0.129706535124663,-0.129706535124663
Telangana,Komaram Bheem,2025-12-01,-0.33953077278505894,-0.33953077278505894,-0.33953077278505894
Telangana,Mahabubabad,2025-03-01,-0.05549755477858599,-0.05549755477858599,-0.05549755477858599
Telangana,Mahabubabad,2025-04-01,-0.4489116207780488,-0.4489116207780488,-0.4489116207780488
Telangana,Mahabubabad,2025-05-01,-0.4242809261557188,-0.4242809261557188,-0.4242809261557188
Telangana,Mahabubabad,2025-06-01,-0.37737901531899937,-0.37737901531899937,-0.37737901531899937
Telangana,Mahabubabad,2025-07-01,-0.27533009644202644,-0.27533009644202644,-0.27533009644202644
Telangana,Mahabubabad,2025-09-01,0.6530023980492103,0.6530023980492103,0.6530023980492103
Telangana,Mahabubabad,2025-10-01,-0.29847687861597305,-0.29847687861597305,-0.29847687861597305
Telangana,Mahabubabad,2025-11-01,-0.1444053528916927,-0.1444053528916927,-0.1444053528916927
Telangana,Mahabubabad,2025-12-01,-0.41699552129131195,-0.41699552129131195,-0.41699552129131195
Telangana,Mahabubnagar,2025-03-01,1.2865686329461514,1.2093745149693822,1.1739938775633632
Telangana,Mahabubnagar,2025-04-01,0.5290736347023818,0.5290736347023818,0.5290736347023818
Telangana,Mahabubnagar,2025-05-01,0.6224113158274178,0.6224113158274178,0.6224113158274178
Telangana,Mahabubnagar,2025-06-01,0.9297972060733546,0.9297972060733546,0.9297972060733546
Telangana,Mahabubnagar,2025-07-01,1.0804315063816776,1.0804315063816776,1.0804315063816776
Telangana,Mahabubnagar,2025-09-01,0.9255289442823926,0.9255289442823926,0.9255289442823926
Telangana,Mahabubnagar,2025-10-01,-0.05905085063385131,-0.05905085063385131,-0.05905085063385131
Telangana,Mahabubnagar,2025-11-01,0.07416927340341355,0.07416927340341355,0.07416927340341355
Telangana,Mahabubnagar,2025-12-01,-0.10240885504233854,-0.10240885504233854,-0.10240885504233854
Telangana,Mancherial,2025-03-01,-0.07015219326201083,-0.07015219326201083,-0.07015219326201083
Telangana,Mancherial,2025-04-01,-0.4266960167730123,-0.4266960167730123,-0.4266960167730123
Telangana,Mancherial,2025-05-01,-0.3748125951336071,-0.3748125951336071,-0.3748125951336071
Telangana,Mancherial,2025-06-01,-0.3481579068762945,-0.3481579068762945,-0.3481579068762945
Telangana,Mancherial,2025-07-01,-0.3689851989012416,-0.3689851989012416,-0.3689851989012416
Telangana,Mancherial,2025-09-01,0.6675170171237832,0.6675170171237832,0.6675170171237832
Telangana,Mancherial,2025-10-01,-0.28969858594818015,-0.28969858594818015,-0.28969858594818015
Telangana,Mancherial,2025-11-01,-0.15100409590207745,-0.15100409590207745,-0.15100409590207745
Telangana,Mancherial,2025-12-01,-0.23572231951209835,-0.23572231951209835,-0.23572231951209835
Telangana,Medak,2025-03-01,0.6143449410392163,0.6143449410392163,0.6143449410392163
Telangana,Medak,2025-04-01,0.1954890078876389,0.1954890078876389,0.1954890078876389
Telangana,Medak,2025-05-01,0.2763171381802218,0.2763171381802218,0.2763171381802218
Telangana,Medak,2025-06-01,0.4255637867011257,0.4255637867011257,0.4255637867011257
Telangana,Medak,2025-07-01,0.44219709920531,0.44219709920531,0.44219709920531
Telangana,Medak,2025-09-01,0.8801089962575719,0.8801089962575719,0.8801089962575719
Telangana,Medak,2025-10-01,-0.03896622950886226,-0.03896622950886226,-0.03896622950886226
Telangana,Medak,2025-11-01,0.00963997879442862,0.00963997879442862,0.00963997879442862
Telangana,Medak,2025-12-01,-0.17413814809265288,-0.17413814809265288,-0.17413814809265288
Telangana,Medchal Malkajgiri,2025-06-01,-1.456140028641507,-1.456140028641507,-1.456140028641507
Telangana,Medchal Malkajgiri,2025-07-01,-1.3060869808801487,-1.3060869808801487,-1.3060869808801487
Telangana,Medchal-malkajgiri,2025-03-01,0.49668784237520125,0.49668784237520125,0.49668784237520125
Telangana,Medchal-malkajgiri,2025-04-01,0.5531731397243448,0.5531731397243448,0.5531731397243448
Telangana,Medchal-malkajgiri,2025-05-01,-0.5854458558507744,-0.5854458558507744,-0.5854458558507744
Telangana,Medchal-malkajgiri,2025-06-01,0.046767399346280866,0.046767399346280866,0.046767399346280866
Telangana,Medchal-malkajgiri,2025-07-01,0.36417275428521395,0.36417275428521395,0.36417275428521395
Telangana,Medchal-malkajgiri,2025-09-01,0.7912249469770198,0.7912249469770198,0.7912249469770198
Telangana,Medchal-malkajgiri,2025-10-01,-0.09996303302040635,-0.09996303302040635,-0.09996303302040635
Telangana,Medchal-malkajgiri,2025-11-01,-0.006857486775648194,-0.006857486775648194,-0.006857486775648194
Telangana,Medchal-malkajgiri,2025-12-01,-0.1456250648458683,-0.1456250648458683,-0.1456250648458683
Telangana,Medchal?malkajgiri,2025-03-01,-0.37233090185865053,-0.37233090185865053,-0.37233090185865053
Telangana,Medchal?malkajgiri,2025-09-01,-0.38948727626961166,-0.38948727626961166,-0.38948727626961166
Telangana,Medchal?malkajgiri,2025-10-01,-1.3533899385248611,-1.3533899385248611,-1.3533899385248611
Telangana,Medchal?malkajgiri,2025-11-01,-1.6315452896827347,-1.6315452896827347,-1.6315452896827347
Telangana,Medchal?malkajgiri,2025-12-01,-1.2174793662473757,-1.2174793662473757,-1.2174793662473757
Telangana,Medchalâmalkajgiri,2025-12-01,-1.3533531380983113,-1.3533531380983113,-1.3533531380983113
Telangana,Medchal−malkajgiri,2025-09-01,-0.4027305760770469,-0.4027305760770469,-0.4027305760770469
Telangana,Medchal−malkajgiri,2025-10-01,-0.457308213388618,-0.457308213388618,-0.457308213388618
Telangana,Medchal−malkajgiri,2025-11-01,-0.3607815326745633,-0.3607815326745633,-0.3607815326745633
Telangana,Medchal−malkajgiri,2025-12-01,-0.5206840370886852,-0.5206840370886852,-0.5206840370886852
Telangana,Mulugu,2025-03-01,-0.18614927689483224,-0.18614927689483224,-0.18614927689483224
Telangana,Mulugu,2025-04-01,-0.5533569302883652,-0.5533569302883652,-0.5533569302883652
Telangana,Mulugu,2025-05-01,-0.4930569004383867,-0.4930569004383867,-0.4930569004383867
Telangana,Mulugu,2025-06-01,-0.4256863159122192,-0.4256863159122192,-0.4256863159122192
Telangana,Mulugu,2025-07-01,-0.4493637047172868,-0.4493637047172868,-0.4493637047172868
Telangana,Mulugu,2025-09-01,0.5513007735377952,0.5513007735377952,0.5513007735377952
Telangana,Mulugu,2025-10-01,-0.43829458276602573,-0.43829458276602573,-0.43829458276602573
Telangana,Mulugu,2025-11-01,-0.316669895371953,-0.316669895371953,-0.316669895371953
Telangana,Mulugu,2025-12-01,-0.43439803144206746,-0.43439803144206746,-0.43439803144206746
Telangana,Nagarkurnool,2025-03-01,-0.03372530533121339,-0.03372530533121339,-0.03372530533121339
Telangana,Nagarkurnool,2025-04-01,-0.4154649398003251,-0.4154649398003251,-0.4154649398003251
Telangana,Nagarkurnool,2025-05-01,-0.4081108691206159,-0.4081108691206159,-0.4081108691206159
Telangana,Nagarkurnool,2025-06-01,-0.36574175534282904,-0.36574175534282904,-0.36574175534282904
Telangana,Nagarkurnool,2025-07-01,-0.32156301990884373,-0.32156301990884373,-0.32156301990884373
Telangana,Nagarkurnool,2025-09-01,0.6727735570654568,0.6727735570654568,0.6727735570654568
Telangana,Nagarkurnool,2025-10-01,-0.3797223628639882,-0.3797223628639882,-0.3797223628639882
Telangana,Nagarkurnool,2025-11-01,-0.15574949318792877,-0.15574949318792877,-0.15574949318792877
Telangana,Nagarkurnool,2025-12-01,-0.40236837265670705,-0.40236837265670705,-0.40236837265670705
Telangana,Nalgonda,2025-03-01,0.8671918816541504,0.8671918816541504,0.8671918816541504
Telangana,Nalgonda,2025-04-01,0.2772078703220585,0.2772078703220585,0.2772078703220585
Telangana,Nalgonda,2025-05-01,0.45618861596498317,0.45618861596498317,0.45618861596498317
Telangana,Nalgonda,2025-06-01,0.6008732129975908,0.6008732129975908,0.6008732129975908
Telangana,Nalgonda,2025-07-01,0.6571097788774487,0.6571097788774487,0.6571097788774487
Telangana,Nalgonda,2025-09-01,0.8840330414988153,0.8840330414988153,0.8840330414988153
Telangana,Nalgonda,2025-10-01,-0.06315288265865039,-0.06315288265865039,-0.06315288265865039
Telangana,Nalgonda,2025-11-01,0.07052646773537075,0.07052646773537075,0.07052646773537075
Telangana,Nalgonda,2025-12-01,-0.16528983892895557,-0.16528983892895557,-0.16528983892895557
Telangana,Narayanpet,2025-03-01,-0.20343431602093126,-0.20343431602093126,-0.20343431602093126
Telangana,Narayanpet,2025-04-01,-0.5374542743746377,-0.5374542743746377,-0.5374542743746377
Telangana,Narayanpet,2025-05-01,-0.5529610744578932,-0.5529610744578932,-0.5529610744578932
Telangana,Narayanpet,2025-06-01,-0.4364368037910594,-0.4364368037910594,-0.4364368037910594
Telangana,Narayanpet,2025-07-01,-0.3768956125272046,-0.3768956125272046,-0.3768956125272046
Telangana,Narayanpet,2025-09-01,0.6481657190463481,0.6481657190463481,0.6481657190463481
Telangana,Narayanpet,2025-10-01,-0.3772464904147787,-0.3772464904147787,-0.3772464904147787
Telangana,Narayanpet,2025-11-01,-0.2810982039032159,-0.2810982039032159,-0.2810982039032159
Telangana,Narayanpet,2025-12-01,-0.4168391589044519,-0.4168391589044519,-0.4168391589044519
Telangana,Nirmal,2025-03-01,-0.14793403558204868,-0.14793403558204868,-0.14793403558204868
Telangana,Nirmal,2025-04-01,-0.4666142357951529,-0.4666142357951529,-0.4666142357951529
Telangana,Nirmal,2025-05-01,-0.2761646268858339,-0.2761646268858339,-0.2761646268858339
Telangana,Nirmal,2025-06-01,-0.21433613073642677,-0.21433613073642677,-0.21433613073642677
Telangana,Nirmal,2025-07-01,-0.3256973705878223,-0.3256973705878223,-0.3256973705878223
Telangana,Nirmal,2025-09-01,0.7164761065861632,0.7164761065861632,0.7164761065861632
Telangana,Nirmal,2025-10-01,-0.3349768421433412,-0.3349768421433412,-0.3349768421433412
Telangana,Nirmal,2025-11-01,0.0204034585218711,0.0204034585218711,0.0204034585218711
Telangana,Nirmal,2025-12-01,-0.3105412376871865,-0.3105412376871865,-0.3105412376871865
Telangana,Nizamabad,2025-03-01,0.7968687357110121,0.7968687357110121,0.7968687357110121
Telangana,Nizamabad,2025-04-01,0.2331805659944613,0.2331805659944613,0.2331805659944613
Telangana,Nizamabad,2025-05-01,0.36509337072692427,0.36509337072692427,0.36509337072692427
Telangana,Nizamabad,2025-06-01,0.41824610645802907,0.41824610645802907,0.41824610645802907
Telangana,Nizamabad,2025-07-01,0.49658125072812287,0.49658125072812287,0.49658125072812287
Telangana,Nizamabad,2025-09-01,0.8465590136640029,0.8465590136640029,0.8465590136640029
Telangana,Nizamabad,2025-10-01,-0.10023317380402066,-0.10023317380402066,-0.10023317380402066
Telangana,Nizamabad,2025-11-01,0.0015805638952581628,0.0015805638952581628,0.0015805638952581628
Telangana,Nizamabad,2025-12-01,-0.1383183879765267,-0.1383183879765267,-0.1383183879765267
Telangana,Peddapalli,2025-03-01,-0.30340103133612684,-0.30340103133612684,-0.30340103133612684
Telangana,Peddapalli,2025-04-01,-0.5739506181758339,-0.5739506181758339,-0.5739506181758339
Telangana,Peddapalli,2025-05-01,-0.47806246973419647,-0.47806246973419647,-0.47806246973419647
Telangana,Peddapalli,2025-06-01,-0.45118235701506937,-0.45118235701506937,-0.45118235701506937
Telangana,Peddapalli,2025-07-01,-0.4523275086918508,-0.4523275086918508,-0.4523275086918508
Telangana,Peddapalli,2025-09-01,0.5735859845821208,0.5735859845821208,0.5735859845821208
Telangana,Peddapalli,2025-10-01,-0.46318629329527256,-0.46318629329527256,-0.46318629329527256
Telangana,Peddapalli,2025-11-01,-0.27783019466565295,-0.27783019466565295,-0.27783019466565295
Telangana,Peddapalli,2025-12-01,-0.4027750689944238,-0.4027750689944238,-0.4027750689944238
Telangana,Rajanna Sircilla,2025-03-01,-0.20333680640983176,-0.20333680640983176,-0.20333680640983176
Telangana,Rajanna Sircilla,2025-04-01,-0.5150222696704821,-0.5150222696704821,-0.5150222696704821
Telangana,Rajanna Sircilla,2025-05-01,-0.46125427193561513,-0.46125427193561513,-0.46125427193561513
Telangana,Rajanna Sircilla,2025-06-01,-0.43161237070616415,-0.43161237070616415,-0.43161237070616415
Telangana,Rajanna Sircilla,2025-07-01,-0.4156568919551067,-0.4156568919551067,-0.4156568919551067
Telangana,Rajanna Sircilla,2025-09-01,0.5857099981832723,0.5857099981832723,0.5857099981832723
Telangana,Rajanna Sircilla,2025-10-01,-0.30830527541634517,-0.30830527541634517,-0.30830527541634517
Telangana,Rajanna Sircilla,2025-11-01,-0.33431498749136834,-0.33431498749136834,-0.33431498749136834
Telangana,Rajanna Sircilla,2025-12-01,-0.39178798789925434,-0.39178798789925434,-0.39178798789925434
Telangana,Ranga Reddy,2025-07-01,-1.4561400200228607,-1.4561400200228607,-1.4561400200228607
Telangana,Rangareddy,2025-03-01,-0.30540270353568666,-0.30540270353568666,-0.30540270353568666
Telangana,Rangareddy,2025-04-01,-0.5752950817900104,-0.5752950817900104,-0.5752950817900104
Telangana,Rangareddy,2025-05-01,-0.6101357422980043,-0.6101357422980043,-0.6101357422980043
Telangana,Rangareddy,2025-06-01,-0.5378167312572639,-0.5378167312572639,-0.5378167312572639
Telangana,Rangareddy,2025-07-01,-0.5463649162439915,-0.5463649162439915,-0.5463649162439915
Telangana,Rangareddy,2025-09-01,0.43901235882181977,0.43901235882181977,0.43901235882181977
Telangana,Rangareddy,2025-10-01,-0.5443152089877922,-0.5443152089877922,-0.5443152089877922
Telangana,Rangareddy,2025-11-01,-0.3728243421829104,-0.3728243421829104,-0.3728243421829104
Telangana,Rangareddy,2025-12-01,-0.4548381055750409,-0.4548381055750409,-0.4548381055750409
Telangana,Sangareddy,2025-03-01,0.1061455590999946,0.1061455590999946,0.1061455590999946
Telangana,Sangareddy,2025-04-01,-0.2592180572806981,-0.2592180572806981,-0.2592180572806981
Telangana,Sangareddy,2025-05-01,-0.3037241970384542,-0.3037241970384542,-0.3037241970384542
Telangana,Sangareddy,2025-06-01,-0.06276122734262803,-0.06276122734262803,-0.06276122734262803
Telangana,Sangareddy,2025-07-01,0.034856981947899726,0.034856981947899726,0.034856981947899726
Telangana,Sangareddy,2025-09-01,0.6951621228035628,0.6951621228035628,0.6951621228035628
Telangana,Sangareddy,2025-10-01,-0.19678023664407404,-0.19678023664407404,-0.19678023664407404
Telangana,Sangareddy,2025-11-01,-0.10908900410105339,-0.10908900410105339,-0.10908900410105339
Telangana,Sangareddy,2025-12-01,-0.31212087732018284,-0.31212087732018284,-0.31212087732018284
Telangana,Siddipet,2025-03-01,-0.08526955448853463,-0.08526955448853463,-0.08526955448853463
Telangana,Siddipet,2025-04-01,-0.44224994633936027,-0.44224994633936027,-0.44224994633936027
Telangana,Siddipet,2025-05-01,-0.365418806940647,-0.365418806940647,-0.365418806940647
Telangana,Siddipet,2025-06-01,-0.24753686685397636,-0.24753686685397636,-0.24753686685397636
Telangana,Siddipet,2025-07-01,-0.24933278637863987,-0.24933278637863987,-0.24933278637863987
Telangana,Siddipet,2025-09-01,0.7494828885237567,0.7494828885237567,0.7494828885237567
Telangana,Siddipet,2025-10-01,-0.16745838994327095,-0.16745838994327095,-0.16745838994327095
Telangana,Siddipet,2025-11-01,-0.11237852680932124,-0.11237852680932124,-0.11237852680932124
Telangana,Siddipet,2025-12-01,-0.32311588054953355,-0.32311588054953355,-0.32311588054953355
Telangana,Suryapet,2025-03-01,0.06408290521236987,0.06408290521236987,0.06408290521236987
Telangana,Suryapet,2025-04-01,-0.24568864467581508,-0.24568864467581508,-0.24568864467581508
Telangana,Suryapet,2025-05-01,-0.26400183330164023,-0.26400183330164023,-0.26400183330164023
Telangana,Suryapet,2025-06-01,-0.20736487206836363,-0.20736487206836363,-0.20736487206836363
Telangana,Suryapet,2025-07-01,-0.07405594340945099,-0.07405594340945099,-0.07405594340945099
Telangana,Suryapet,2025-09-01,0.7599364508692423,0.7599364508692423,0.7599364508692423
Telangana,Suryapet,2025-10-01,-0.19359734617636268,-0.19359734617636268,-0.19359734617636268
Telangana,Suryapet,2025-11-01,-0.10052213239618331,-0.10052213239618331,-0.10052213239618331
Telangana,Suryapet,2025-12-01,-0.31718478120964705,-0.31718478120964705,-0.31718478120964705
Telangana,Vikarabad,2025-03-01,-0.04379000555847076,-0.04379000555847076,-0.04379000555847076
Telangana,Vikarabad,2025-04-01,-0.23093037049909787,-0.23093037049909787,-0.23093037049909787
Telangana,Vikarabad,2025-05-01,-0.39118025114425586,-0.39118025114425586,-0.39118025114425586
Telangana,Vikarabad,2025-06-01,-0.046394094047777286,-0.046394094047777286,-0.046394094047777286
Telangana,Vikarabad,2025-07-01,-0.03730187709587471,-0.03730187709587471,-0.03730187709587471
Telangana,Vikarabad,2025-09-01,0.8145833874171756,0.8145833874171756,0.8145833874171756
Telangana,Vikarabad,2025-10-01,-0.17935702248676322,-0.17935702248676322,-0.17935702248676322
Telangana,Vikarabad,2025-11-01,-0.021283458149593065,-0.021283458149593065,-0.021283458149593065
Telangana,Vikarabad,2025-12-01,-0.3222721959669652,-0.3222721959669652,-0.3222721959669652
Telangana,Wanaparthy,2025-03-01,0.041552660949948916,0.041552660949948916,0.041552660949948916
Telangana,Wanaparthy,2025-04-01,-0.43181978489351625,-0.43181978489351625,-0.43181978489351625
Telangana,Wanaparthy,2025-05-01,-0.4055314196494761,-0.4055314196494761,-0.4055314196494761
Telangana,Wanaparthy,2025-06-01,-0.348728514572983,-0.348728514572983,-0.348728514572983
Telangana,Wanaparthy,2025-07-01,-0.345888740033115,-0.345888740033115,-0.345888740033115
Telangana,Wanaparthy,2025-09-01,0.6758553210133438,0.6758553210133438,0.6758553210133438
Telangana,Wanaparthy,2025-10-01,-0.2925579958204863,-0.2925579958204863,-0.2925579958204863
Telangana,Wanaparthy,2025-11-01,-0.10996089529654618,-0.10996089529654618,-0.10996089529654618
Telangana,Wanaparthy,2025-12-01,-0.4164758721356929,-0.4164758721356929,-0.4164758721356929
Telangana,Warangal,2025-03-01,0.3755135831160078,0.3755135831160078,0.3755135831160078
Telangana,Warangal,2025-04-01,0.10779028421979771,0.10779028421979771,0.10779028421979771
Telangana,Warangal,2025-05-01,0.24064592662044026,0.24064592662044026,0.24064592662044026
Telangana,Warangal,2025-06-01,0.32282719075355926,0.32282719075355926,0.32282719075355926
Telangana,Warangal,2025-07-01,0.2899388358312946,0.2899388358312946,0.2899388358312946
Telangana,Warangal,2025-09-01,0.8008516316225373,0.8008516316225373,0.8008516316225373
Telangana,Warangal,2025-10-01,-0.16102033041173425,-0.16102033041173425,-0.16102033041173425
Telangana,Warangal,2025-11-01,-0.033074299120052546,-0.033074299120052546,-0.033074299120052546
Telangana,Warangal,2025-12-01,-0.23595094816984247,-0.23595094816984247,-0.23595094816984247
Telangana,Warangal (urban),2025-09-01,-0.8885830412685523,-0.8885830412685523,-0.8885830412685523
Telangana,Warangal (urban),2025-10-01,-1.1493512370883845,-1.1493512370883845,-1.1493512370883845
Telangana,Warangal (urban),2025-11-01,-1.3654859532624795,-1.3654859532624795,-1.3654859532624795
Telangana,Warangal (urban),2025-12-01,-0.1339675308454471,-0.1339675308454471,-0.1339675308454471
Telangana,Warangal Rural,2025-03-01,-0.1960628695921935,-0.1960628695921935,-0.1960628695921935
Telangana,Warangal Rural,2025-04-01,-0.5134311607509816,-0.5134311607509816,-0.5134311607509816
Telangana,Warangal Rural,2025-05-01,-0.5078151977409139,-0.5078151977409139,-0.5078151977409139
Telangana,Warangal Rural,2025-06-01,-0.43750083632614,-0.43750083632614,-0.43750083632614
Telangana,Warangal Rural,2025-07-01,-0.4110972987348735,-0.4110972987348735,-0.4110972987348735
Telangana,Warangal Rural,2025-09-01,0.6583893737808517,0.6583893737808517,0.6583893737808517
Telangana,Warangal Rural,2025-10-01,-0.32916426274118227,-0.32916426274118227,-0.32916426274118227
Telangana,Warangal Rural,2025-11-01,-0.18350616230634773,-0.18350616230634773,-0.18350616230634773
Telangana,Warangal Rural,2025-12-01,-0.35950352987058365,-0.35950352987058365,-0.35950352987058365
Telangana,Warangal Urban,2025-03-01,-0.08205055575551129,-0.08205055575551129,-0.08205055575551129
Telangana,Warangal Urban,2025-04-01,-0.4646480744160606,-0.4646480744160606,-0.4646480744160606
Telangana,Warangal Urban,2025-05-01,-0.17666275670478013,-0.17666275670478013,-0.17666275670478013
Telangana,Warangal Urban,2025-06-01,-0.39921434009388135,-0.39921434009388135,-0.39921434009388135
Telangana,Warangal Urban,2025-07-01,-0.20415958090726813,-0.20415958090726813,-0.20415958090726813
Telangana,Warangal Urban,2025-09-01,0.534818787793926,0.534818787793926,0.534818787793926
Telangana,Warangal Urban,2025-10-01,-0.45221876864357163,-0.45221876864357163,-0.45221876864357163
Telangana,Warangal Urban,2025-11-01,-0.2767231571427698,-0.2767231571427698,-0.2767231571427698
Telangana,Warangal Urban,2025-12-01,-0.4378979438307622,-0.4378979438307622,-0.4378979438307622
Telangana,Yadadri.,2025-03-01,0.23079970956179582,0.23079970956179582,0.23079970956179582
Telangana,Yadadri.,2025-04-01,-0.41053415696162315,-0.41053415696162315,-0.41053415696162315
Telangana,Yadadri.,2025-05-01,-0.39903652176642473,-0.39903652176642473,-0.39903652176642473
Telangana,Yadadri.,2025-06-01,-0.321050840344636,-0.321050840344636,-0.321050840344636
Telangana,Yadadri.,2025-07-01,-0.0854337643371737,-0.0854337643371737,-0.0854337643371737
Telangana,Yadadri.,2025-09-01,0.7409040154120267,0.7409040154120267,0.7409040154120267
Telangana,Yadadri.,2025-10-01,-0.3457370401849043,-0.3457370401849043,-0.3457370401849043
Telangana,Yadadri.,2025-11-01,-0.08826230849229806,-0.08826230849229806,-0.08826230849229806
Telangana,Yadadri.,2025-12-01,-0.327417262174564,-0.327417262174564,-0.327417262174564
The Dadra And Nagar Haveli And Daman And Diu,Dadra And Nagar Haveli,2025-06-01,-1.4561399942531086,-1.4561399942531086,-1.4561399942531086
The Dadra And Nagar Haveli And Daman And Diu,Dadra And Nagar Haveli,2025-07-01,-1.0936512767638222,-1.0936512767638222,-1.0936512767638222
Tripura,Dhalai,2025-03-01,0.23987931894572045,0.23987931894572045,0.23987931894572045
Tripura,Dhalai,2025-04-01,0.03061043464697695,0.03061043464697695,0.03061043464697695
Tripura,Dhalai,2025-05-01,-0.10888805867868502,-0.10888805867868502,-0.10888805867868502
Tripura,Dhalai,2025-06-01,0.6236435060862688,0.6236435060862688,0.6236435060862688
Tripura,Dhalai,2025-07-01,-0.5170639488926428,-0.5170639488926428,-0.5170639488926428
Tripura,Dhalai,2025-09-01,0.6031174520009469,0.6031174520009469,0.6031174520009469
Tripura,Dhalai,2025-10-01,-0.4837720985379023,-0.4837720985379023,-0.4837720985379023
Tripura,Dhalai,2025-11-01,0.15480457000677048,0.15480457000677048,0.15480457000677048
Tripura,Dhalai,2025-12-01,-0.2579622206604665,-0.2579622206604665,-0.2579622206604665
Tripura,Dhalai  *,2025-03-01,-0.7660995824640536,-0.7660995824640536,-0.7660995824640536
Tripura,Dhalai  *,2025-04-01,-0.7284308447357875,-0.7284308447357875,-0.7284308447357875
Tripura,Dhalai  *,2025-05-01,-0.8426011590634832,-0.8426011590634832,-0.8426011590634832
Tripura,Dhalai  *,2025-06-01,-0.8042664138888913,-0.8042664138888913,-0.8042664138888913
Tripura,Dhalai  *,2025-07-01,-0.8355050712456198,-0.8355050712456198,-0.8355050712456198
Tripura,Dhalai  *,2025-09-01,0.08275916179870416,0.08275916179870416,0.08275916179870416
Tripura,Dhalai  *,2025-10-01,-1.1352085779832661,-1.1352085779832661,-1.1352085779832661
Tripura,Dhalai  *,2025-11-01,0.10883157072887807,0.10883157072887807,0.10883157072887807
Tripura,Dhalai  *,2025-12-01,-0.7029491824584364,-0.7029491824584364,-0.7029491824584364
Tripura,Gomati,2025-03-01,0.037781975153630847,0.037781975153630847,0.037781975153630847
Tripura,Gomati,2025-04-01,-0.20974314121027982,-0.20974314121027982,-0.20974314121027982
Tripura,Gomati,2025-05-01,-0.3521806373363867,-0.3521806373363867,-0.3521806373363867
Tripura,Gomati,2025-06-01,-0.35088031549774357,-0.35088031549774357,-0.35088031549774357
Tripura,Gomati,2025-07-01,0.4253232102928711,0.4253232102928711,0.4253232102928711
Tripura,Gomati,2025-09-01,-0.19185541219491678,-0.19185541219491678,-0.19185541219491678
Tripura,Gomati,2025-10-01,-0.5905112322585693,-0.5905112322585693,-0.5905112322585693
Tripura,Gomati,2025-11-01,0.11181374136734099,0.11181374136734099,0.11181374136734099
Tripura,Gomati,2025-12-01,-0.2408272125226385,-0.2408272125226385,-0.2408272125226385
Tripura,Khowai,2025-03-01,-0.18862574628536885,-0.18862574628536885,-0.18862574628536885
Tripura,Khowai,2025-04-01,-0.3263493989690499,-0.3263493989690499,-0.3263493989690499
Tripura,Khowai,2025-05-01,-0.41034677257932567,-0.41034677257932567,-0.41034677257932567
Tripura,Khowai,2025-06-01,-0.4046176228868167,-0.4046176228868167,-0.4046176228868167
Tripura,Khowai,2025-07-01,-0.4181682719467282,-0.4181682719467282,-0.4181682719467282
Tripura,Khowai,2025-09-01,0.3965348295280634,0.3965348295280634,0.3965348295280634
Tripura,Khowai,2025-10-01,-0.627900925963761,-0.627900925963761,-0.627900925963761
Tripura,Khowai,2025-11-01,-0.11907790128433031,-0.11907790128433031,-0.11907790128433031
Tripura,Khowai,2025-12-01,-0.4480956515888445,-0.4480956515888445,-0.4480956515888445
Tripura,North Tripura,2025-03-01,0.333020890760079,0.333020890760079,0.333020890760079
Tripura,North Tripura,2025-04-01,0.05120063612493728,0.05120063612493728,0.05120063612493728
Tripura,North Tripura,2025-05-01,-0.09412929126094628,-0.09412929126094628,-0.09412929126094628
Tripura,North Tripura,2025-06-01,-0.013538094203264309,-0.013538094203264309,-0.013538094203264309
Tripura,North Tripura,2025-07-01,0.6638280358896022,0.6638280358896022,0.6638280358896022
Tripura,North Tripura,2025-09-01,0.2645314464082366,0.2645314464082366,0.2645314464082366
Tripura,North Tripura,2025-10-01,-0.4552550446876912,-0.4552550446876912,-0.4552550446876912
Tripura,North Tripura,2025-11-01,0.2226758468756909,0.2226758468756909,0.2226758468756909
Tripura,North Tripura,2025-12-01,-0.19930631821665487,-0.19930631821665487,-0.19930631821665487
Tripura,Sepahijala,2025-03-01,0.08595278850597254,0.08595278850597254,0.08595278850597254
Tripura,Sepahijala,2025-04-01,-0.14722467807985976,-0.14722467807985976,-0.14722467807985976
Tripura,Sepahijala,2025-05-01,-0.2626487509584454,-0.2626487509584454,-0.2626487509584454
Tripura,Sepahijala,2025-06-01,-0.18530448054475368,-0.18530448054475368,-0.18530448054475368
Tripura,Sepahijala,2025-07-01,0.49666521102494715,0.49666521102494715,0.49666521102494715
Tripura,Sepahijala,2025-09-01,-0.20928935922391417,-0.20928935922391417,-0.20928935922391417
Tripura,Sepahijala,2025-10-01,-0.4052300046521796,-0.4052300046521796,-0.4052300046521796
Tripura,Sepahijala,2025-11-01,-0.018173751682135742,-0.018173751682135742,-0.018173751682135742
Tripura,Sepahijala,2025-12-01,-0.19825596189987393,-0.19825596189987393,-0.19825596189987393
Tripura,South Tripura,2025-03-01,0.6252121566534529,0.6252121566534529,0.6252121566534529
Tripura,South Tripura,2025-04-01,0.16960147586121255,0.16960147586121255,0.16960147586121255
Tripura,South Tripura,2025-05-01,0.0062172442942552,0.0062172442942552,0.0062172442942552
Tripura,South Tripura,2025-06-01,0.025058766575985825,0.025058766575985825,0.025058766575985825
Tripura,South Tripura,2025-07-01,-0.019321819949551164,-0.019321819949551164,-0.019321819949551164
Tripura,South Tripura,2025-09-01,0.6946683929922152,0.6946683929922152,0.6946683929922152
Tripura,South Tripura,2025-10-01,-0.31862839198946696,-0.31862839198946696,-0.31862839198946696
Tripura,South Tripura,2025-11-01,0.20499538459944444,0.20499538459944444,0.20499538459944444
Tripura,South Tripura,2025-12-01,-0.14572995878850523,-0.14572995878850523,-0.14572995878850523
Tripura,Unakoti,2025-03-01,-0.06574671824424583,-0.06574671824424583,-0.06574671824424583
Tripura,Unakoti,2025-04-01,0.5984976204985311,0.5984976204985311,0.5984976204985311
Tripura,Unakoti,2025-05-01,-0.7266530321127393,-0.7266530321127393,-0.7266530321127393
Tripura,Unakoti,2025-06-01,-0.3616365659507335,-0.3616365659507335,-0.3616365659507335
Tripura,Unakoti,2025-07-01,-0.3799746282511854,-0.3799746282511854,-0.3799746282511854
Tripura,Unakoti,2025-09-01,0.4466799700907522,0.4466799700907522,0.4466799700907522
Tripura,Unakoti,2025-10-01,-0.5557601923185913,-0.5557601923185913,-0.5557601923185913
Tripura,Unakoti,2025-11-01,-0.27026621360345215,-0.27026621360345215,-0.27026621360345215
Tripura,Unakoti,2025-12-01,-0.3839468542506443,-0.3839468542506443,-0.3839468542506443
Tripura,West Tripura,2025-03-01,0.9636954061819027,0.9636954061819027,0.9636954061819027
Tripura,West Tripura,2025-04-01,0.7942709706347397,0.7942709706347397,0.7942709706347397
Tripura,West Tripura,2025-05-01,-0.17987219091213108,-0.17987219091213108,-0.17987219091213108
Tripura,West Tripura,2025-06-01,0.21709009856051187,0.21709009856051187,0.21709009856051187
Tripura,West Tripura,2025-07-01,0.22291110670884645,0.22291110670884645,0.22291110670884645
Tripura,West Tripura,2025-09-01,0.7690270890501252,0.7690270890501252,0.7690270890501252
Tripura,West Tripura,2025-10-01,-0.16150687908366299,-0.16150687908366299,-0.16150687908366299
Tripura,West Tripura,2025-11-01,0.1902314866929664,0.1902314866929664,0.1902314866929664
Tripura,West Tripura,2025-12-01,-0.1577536442095798,-0.1577536442095798,-0.1577536442095798
Uttar Pradesh,Agra,2025-03-01,0.1731643629863867,0.1731643629863867,0.1731643629863867
Uttar Pradesh,Agra,2025-04-01,0.33145045485488855,0.33145045485488855,0.33145045485488855
Uttar Pradesh,Agra,2025-05-01,0.43578599222620046,0.43578599222620046,0.43578599222620046
Uttar Pradesh,Agra,2025-06-01,0.21405235422551427,0.21405235422551427,0.21405235422551427
Uttar Pradesh,Agra,2025-07-01,0.21150928982568512,0.21150928982568512,0.21150928982568512
Uttar Pradesh,Agra,2025-09-01,0.25833318202772354,0.25833318202772354,0.25833318202772354
Uttar Pradesh,Agra,2025-10-01,-0.13323610309709302,-0.13323610309709302,-0.13323610309709302
Uttar Pradesh,Agra,2025-11-01,0.4068973946357277,0.4068973946357277,0.4068973946357277
Uttar Pradesh,Agra,2025-12-01,0.09507608680172391,0.09507608680172391,0.09507608680172391
Uttar Pradesh,Aligarh,2025-03-01,0.19819488498257037,0.19819488498257037,0.19819488498257037
Uttar Pradesh,Aligarh,2025-04-01,0.9028110936158084,0.9028110936158084,0.9028110936158084
Uttar Pradesh,Aligarh,2025-05-01,0.2946663034982346,0.2946663034982346,0.2946663034982346
Uttar Pradesh,Aligarh,2025-06-01,-0.015339550279542952,-0.015339550279542952,-0.015339550279542952
Uttar Pradesh,Aligarh,2025-07-01,0.7133568658123906,0.7133568658123906,0.7133568658123906
Uttar Pradesh,Aligarh,2025-09-01,-0.003900912091349941,-0.003900912091349941,-0.003900912091349941
Uttar Pradesh,Aligarh,2025-10-01,-0.15915394789216042,-0.15915394789216042,-0.15915394789216042
Uttar Pradesh,Aligarh,2025-11-01,0.2928849320017796,0.2928849320017796,0.2928849320017796
Uttar Pradesh,Aligarh,2025-12-01,0.09166211189329697,0.09166211189329697,0.09166211189329697
Uttar Pradesh,Allahabad,2025-03-01,1.615722519948385,1.5187791687514818,1.4743467994529011
Uttar Pradesh,Allahabad,2025-04-01,1.0756721584282405,1.0756721584282405,1.0756721584282405
Uttar Pradesh,Allahabad,2025-05-01,1.0612799232549313,1.0612799232549313,1.0612799232549313
Uttar Pradesh,Allahabad,2025-06-01,0.9866671502137927,0.9866671502137927,0.9866671502137927
Uttar Pradesh,Allahabad,2025-07-01,1.0915267620306737,1.0915267620306737,1.0915267620306737
Uttar Pradesh,Allahabad,2025-09-01,1.019380727573338,1.019380727573338,1.019380727573338
Uttar Pradesh,Allahabad,2025-10-01,-0.11512472473218412,-0.11512472473218412,-0.11512472473218412
Uttar Pradesh,Allahabad,2025-11-01,0.25932377260205736,0.25932377260205736,0.25932377260205736
Uttar Pradesh,Allahabad,2025-12-01,0.01753801479683239,0.01753801479683239,0.01753801479683239
Uttar Pradesh,Ambedkar Nagar,2025-03-01,0.7862956164519854,0.7862956164519854,0.7862956164519854
Uttar Pradesh,Ambedkar Nagar,2025-04-01,0.7259853635137679,0.7259853635137679,0.7259853635137679
Uttar Pradesh,Ambedkar Nagar,2025-05-01,-0.30032693101978447,-0.30032693101978447,-0.30032693101978447
Uttar Pradesh,Ambedkar Nagar,2025-06-01,0.1273879290959294,0.1273879290959294,0.1273879290959294
Uttar Pradesh,Ambedkar Nagar,2025-07-01,0.38231842880816364,0.38231842880816364,0.38231842880816364
Uttar Pradesh,Ambedkar Nagar,2025-09-01,0.8819330452543168,0.8819330452543168,0.8819330452543168
Uttar Pradesh,Ambedkar Nagar,2025-10-01,-0.24067698653107059,-0.24067698653107059,-0.24067698653107059
Uttar Pradesh,Ambedkar Nagar,2025-11-01,0.09677691434100963,0.09677691434100963,0.09677691434100963
Uttar Pradesh,Ambedkar Nagar,2025-12-01,-0.10749757275368446,-0.10749757275368446,-0.10749757275368446
Uttar Pradesh,Amethi,2025-03-01,0.8783975653784044,0.8783975653784044,0.8783975653784044
Uttar Pradesh,Amethi,2025-04-01,0.24314939104770417,0.24314939104770417,0.24314939104770417
Uttar Pradesh,Amethi,2025-05-01,0.2991955099681959,0.2991955099681959,0.2991955099681959
Uttar Pradesh,Amethi,2025-06-01,0.17266909205710024,0.17266909205710024,0.17266909205710024
Uttar Pradesh,Amethi,2025-07-01,0.38712122105435653,0.38712122105435653,0.38712122105435653
Uttar Pradesh,Amethi,2025-09-01,0.8755690820877035,0.8755690820877035,0.8755690820877035
Uttar Pradesh,Amethi,2025-10-01,-0.23745635140764415,-0.23745635140764415,-0.23745635140764415
Uttar Pradesh,Amethi,2025-11-01,0.04740892416800921,0.04740892416800921,0.04740892416800921
Uttar Pradesh,Amethi,2025-12-01,-0.028086702504573825,-0.028086702504573825,-0.028086702504573825
Uttar Pradesh,Amroha,2025-03-01,0.7578090262609257,0.7578090262609257,0.7578090262609257
Uttar Pradesh,Amroha,2025-04-01,0.7808489370475997,0.7808489370475997,0.7808489370475997
Uttar Pradesh,Amroha,2025-05-01,0.03892154803242077,0.03892154803242077,0.03892154803242077
Uttar Pradesh,Amroha,2025-06-01,0.715544992065436,0.715544992065436,0.715544992065436
Uttar Pradesh,Amroha,2025-07-01,0.13986592151542657,0.13986592151542657,0.13986592151542657
Uttar Pradesh,Amroha,2025-09-01,0.8537465653389958,0.8537465653389958,0.8537465653389958
Uttar Pradesh,Amroha,2025-10-01,-0.1980017468975859,-0.1980017468975859,-0.1980017468975859
Uttar Pradesh,Amroha,2025-11-01,0.22523957325565908,0.22523957325565908,0.22523957325565908
Uttar Pradesh,Amroha,2025-12-01,-0.0013230511322469898,-0.0013230511322469898,-0.0013230511322469898
Uttar Pradesh,Auraiya,2025-03-01,0.6431218757055879,0.6431218757055879,0.6431218757055879
Uttar Pradesh,Auraiya,2025-04-01,0.07812554017969144,0.07812554017969144,0.07812554017969144
Uttar Pradesh,Auraiya,2025-05-01,0.10183729827277087,0.10183729827277087,0.10183729827277087
Uttar Pradesh,Auraiya,2025-06-01,0.06945258447722302,0.06945258447722302,0.06945258447722302
Uttar Pradesh,Auraiya,2025-07-01,0.2702028315266372,0.2702028315266372,0.2702028315266372
Uttar Pradesh,Auraiya,2025-09-01,0.8010351570362324,0.8010351570362324,0.8010351570362324
Uttar Pradesh,Auraiya,2025-10-01,-0.3649370255250856,-0.3649370255250856,-0.3649370255250856
Uttar Pradesh,Auraiya,2025-11-01,0.24523104010687136,0.24523104010687136,0.24523104010687136
Uttar Pradesh,Auraiya,2025-12-01,-0.15381108575864105,-0.15381108575864105,-0.15381108575864105
Uttar Pradesh,Auraiya *,2025-11-01,-1.3533429602460259,-1.3533429602460259,-1.3533429602460259
Uttar Pradesh,Ayodhya,2025-03-01,-0.05519104967546824,-0.05519104967546824,-0.05519104967546824
Uttar Pradesh,Ayodhya,2025-04-01,-0.4173923513340337,-0.4173923513340337,-0.4173923513340337
Uttar Pradesh,Ayodhya,2025-05-01,-0.4244811159174822,-0.4244811159174822,-0.4244811159174822
Uttar Pradesh,Ayodhya,2025-06-01,0.2860393585200353,0.2860393585200353,0.2860393585200353
Uttar Pradesh,Ayodhya,2025-07-01,0.4313850139585582,0.4313850139585582,0.4313850139585582
Uttar Pradesh,Ayodhya,2025-09-01,-0.38798499444502194,-0.38798499444502194,-0.38798499444502194
Uttar Pradesh,Ayodhya,2025-10-01,-0.5472769536661275,-0.5472769536661275,-0.5472769536661275
Uttar Pradesh,Ayodhya,2025-11-01,-0.10364419067122432,-0.10364419067122432,-0.10364419067122432
Uttar Pradesh,Ayodhya,2025-12-01,-0.3958396543525132,-0.3958396543525132,-0.3958396543525132
Uttar Pradesh,Azamgarh,2025-03-01,1.4107595968096456,1.3261140210010667,1.2873181320888016
Uttar Pradesh,Azamgarh,2025-04-01,0.8531653393492791,0.8531653393492791,0.8531653393492791
Uttar Pradesh,Azamgarh,2025-05-01,0.1285818011014201,0.1285818011014201,0.1285818011014201
Uttar Pradesh,Azamgarh,2025-06-01,0.7915179271567883,0.7915179271567883,0.7915179271567883
Uttar Pradesh,Azamgarh,2025-07-01,0.8821141045957785,0.8821141045957785,0.8821141045957785
Uttar Pradesh,Azamgarh,2025-09-01,0.4464716900601773,0.4464716900601773,0.4464716900601773
Uttar Pradesh,Azamgarh,2025-10-01,-0.10793716990903233,-0.10793716990903233,-0.10793716990903233
Uttar Pradesh,Azamgarh,2025-11-01,0.17895450456141332,0.17895450456141332,0.17895450456141332
Uttar Pradesh,Azamgarh,2025-12-01,0.004532000336148277,0.004532000336148277,0.004532000336148277
Uttar Pradesh,Baghpat,2025-03-01,0.552695109799537,0.552695109799537,0.552695109799537
Uttar Pradesh,Baghpat,2025-04-01,0.767081867962096,0.767081867962096,0.767081867962096
Uttar Pradesh,Baghpat,2025-05-01,-0.40924792808134064,-0.40924792808134064,-0.40924792808134064
Uttar Pradesh,Baghpat,2025-06-01,0.6547107321101567,0.6547107321101567,0.6547107321101567
Uttar Pradesh,Baghpat,2025-07-01,0.16519309692350442,0.16519309692350442,0.16519309692350442
Uttar Pradesh,Baghpat,2025-09-01,0.8089071961548373,0.8089071961548373,0.8089071961548373
Uttar Pradesh,Baghpat,2025-10-01,-0.32237905157094965,-0.32237905157094965,-0.32237905157094965
Uttar Pradesh,Baghpat,2025-11-01,0.05945851184201723,0.05945851184201723,0.05945851184201723
Uttar Pradesh,Baghpat,2025-12-01,-0.15092044453901438,-0.15092044453901438,-0.15092044453901438
Uttar Pradesh,Baghpat *,2025-09-01,-1.3533531380983113,-1.3533531380983113,-1.3533531380983113
Uttar Pradesh,Baghpat *,2025-10-01,-1.2932484716713615,-1.2932484716713615,-1.2932484716713615
Uttar Pradesh,Bagpat,2025-09-01,-1.217489544099661,-1.217489544099661,-1.217489544099661
Uttar Pradesh,Bagpat,2025-10-01,-1.2505872131043743,-1.2505872131043743,-1.2505872131043743
Uttar Pradesh,Bagpat,2025-11-01,-0.422579463700332,-0.422579463700332,-0.422579463700332
Uttar Pradesh,Bagpat,2025-12-01,-1.5443193135713076,-1.5443193135713076,-1.5443193135713076
Uttar Pradesh,Bahraich,2025-03-01,0.17270062243305473,0.17270062243305473,0.17270062243305473
Uttar Pradesh,Bahraich,2025-04-01,0.8754832199800907,0.8754832199800907,0.8754832199800907
Uttar Pradesh,Bahraich,2025-05-01,-0.02220893303787675,-0.02220893303787675,-0.02220893303787675
Uttar Pradesh,Bahraich,2025-06-01,-0.019843912843851185,-0.019843912843851185,-0.019843912843851185
Uttar Pradesh,Bahraich,2025-07-01,0.6724536787556014,0.6724536787556014,0.6724536787556014
Uttar Pradesh,Bahraich,2025-09-01,-0.004281745389883157,-0.004281745389883157,-0.004281745389883157
Uttar Pradesh,Bahraich,2025-10-01,-0.13833950703137876,-0.13833950703137876,-0.13833950703137876
Uttar Pradesh,Bahraich,2025-11-01,0.043978435871457375,0.043978435871457375,0.043978435871457375
Uttar Pradesh,Bahraich,2025-12-01,0.06068738280623755,0.06068738280623755,0.06068738280623755
Uttar Pradesh,Ballia,2025-03-01,1.1120751833769988,1.0453506723743788,1.0147686048315114
Uttar Pradesh,Ballia,2025-04-01,0.42990803602662303,0.42990803602662303,0.42990803602662303
Uttar Pradesh,Ballia,2025-05-01,0.44466434148968687,0.44466434148968687,0.44466434148968687
Uttar Pradesh,Ballia,2025-06-01,0.3715376608731634,0.3715376608731634,0.3715376608731634
Uttar Pradesh,Ballia,2025-07-01,0.6893373248272016,0.6893373248272016,0.6893373248272016
Uttar Pradesh,Ballia,2025-09-01,0.9396099337444335,0.9396099337444335,0.9396099337444335
Uttar Pradesh,Ballia,2025-10-01,-0.14483451924874988,-0.14483451924874988,-0.14483451924874988
Uttar Pradesh,Ballia,2025-11-01,0.22261163190805533,0.22261163190805533,0.22261163190805533
Uttar Pradesh,Ballia,2025-12-01,-0.06261833754659686,-0.06261833754659686,-0.06261833754659686
Uttar Pradesh,Balrampur,2025-03-01,0.9802838802758151,0.9802838802758151,0.9802838802758151
Uttar Pradesh,Balrampur,2025-04-01,0.7647943608750061,0.7647943608750061,0.7647943608750061
Uttar Pradesh,Balrampur,2025-05-01,-0.2381630003218489,-0.2381630003218489,-0.2381630003218489
Uttar Pradesh,Balrampur,2025-06-01,0.7044765601712017,0.7044765601712017,0.7044765601712017
Uttar Pradesh,Balrampur,2025-07-01,0.7775088064955159,0.7775088064955159,0.7775088064955159
Uttar Pradesh,Balrampur,2025-09-01,0.03568095697944293,0.03568095697944293,0.03568095697944293
Uttar Pradesh,Balrampur,2025-10-01,-0.13795796840018662,-0.13795796840018662,-0.13795796840018662
Uttar Pradesh,Balrampur,2025-11-01,0.12706863066932378,0.12706863066932378,0.12706863066932378
Uttar Pradesh,Balrampur,2025-12-01,0.01508758775878162,0.01508758775878162,0.01508758775878162
Uttar Pradesh,Banda,2025-03-01,0.09466148035695374,0.09466148035695374,0.09466148035695374
Uttar Pradesh,Banda,2025-04-01,0.7532094997170806,0.7532094997170806,0.7532094997170806
Uttar Pradesh,Banda,2025-05-01,0.26245017694493156,0.26245017694493156,0.26245017694493156
Uttar Pradesh,Banda,2025-06-01,-0.36525534311574914,-0.36525534311574914,-0.36525534311574914
Uttar Pradesh,Banda,2025-07-01,0.16224949201003966,0.16224949201003966,0.16224949201003966
Uttar Pradesh,Banda,2025-09-01,0.4909872945597972,0.4909872945597972,0.4909872945597972
Uttar Pradesh,Banda,2025-10-01,-0.25901689262424565,-0.25901689262424565,-0.25901689262424565
Uttar Pradesh,Banda,2025-11-01,0.1528293204456317,0.1528293204456317,0.1528293204456317
Uttar Pradesh,Banda,2025-12-01,-0.1009631856742485,-0.1009631856742485,-0.1009631856742485
Uttar Pradesh,Bara Banki,2025-03-01,1.3771190663560122,1.2944919223746514,1.256621148049861
Uttar Pradesh,Bara Banki,2025-04-01,0.8457655272914224,0.8457655272914224,0.8457655272914224
Uttar Pradesh,Bara Banki,2025-05-01,0.11487856996905528,0.11487856996905528,0.11487856996905528
Uttar Pradesh,Bara Banki,2025-06-01,0.6434512813302988,0.6434512813302988,0.6434512813302988
Uttar Pradesh,Bara Banki,2025-07-01,0.8968238467775678,0.8968238467775678,0.8968238467775678
Uttar Pradesh,Bara Banki,2025-09-01,0.9436538224261556,0.9436538224261556,0.9436538224261556
Uttar Pradesh,Bara Banki,2025-10-01,-0.2358463262661839,-0.2358463262661839,-0.2358463262661839
Uttar Pradesh,Bara Banki,2025-11-01,0.2595657298181032,0.2595657298181032,0.2595657298181032
Uttar Pradesh,Bara Banki,2025-12-01,0.008602185020711178,0.008602185020711178,0.008602185020711178
Uttar Pradesh,Barabanki,2025-03-01,-0.6025667657149152,-0.6025667657149152,-0.6025667657149152
Uttar Pradesh,Barabanki,2025-04-01,-0.5682433353959658,-0.5682433353959658,-0.5682433353959658
Uttar Pradesh,Barabanki,2025-05-01,-0.5933122112669814,-0.5933122112669814,-0.5933122112669814
Uttar Pradesh,Barabanki,2025-06-01,-0.6101357422980043,-0.6101357422980043,-0.6101357422980043
Uttar Pradesh,Barabanki,2025-07-01,0.31937025418670417,0.31937025418670417,0.31937025418670417
Uttar Pradesh,Barabanki,2025-09-01,-0.7013201407101926,-0.7013201407101926,-0.7013201407101926
Uttar Pradesh,Barabanki,2025-10-01,-0.6854218330302287,-0.6854218330302287,-0.6854218330302287
Uttar Pradesh,Barabanki,2025-11-01,-0.2713325344875688,-0.2713325344875688,-0.2713325344875688
Uttar Pradesh,Barabanki,2025-12-01,-0.41868832924779864,-0.41868832924779864,-0.41868832924779864
Uttar Pradesh,Bareilly,2025-03-01,1.7184929916153808,1.6153834121184578,1.568124854849035
Uttar Pradesh,Bareilly,2025-04-01,0.9495478255503033,0.9495478255503033,0.9495478255503033
Uttar Pradesh,Bareilly,2025-05-01,-0.10763278774989257,-0.10763278774989257,-0.10763278774989257
Uttar Pradesh,Bareilly,2025-06-01,0.20024602213526171,0.20024602213526171,0.20024602213526171
Uttar Pradesh,Bareilly,2025-07-01,0.24385699849172296,0.24385699849172296,0.24385699849172296
Uttar Pradesh,Bareilly,2025-09-01,0.4770100811562061,0.4770100811562061,0.4770100811562061
Uttar Pradesh,Bareilly,2025-10-01,-0.08449484714551266,-0.08449484714551266,-0.08449484714551266
Uttar Pradesh,Bareilly,2025-11-01,0.3683087883666687,0.3683087883666687,0.3683087883666687
Uttar Pradesh,Bareilly,2025-12-01,0.04832200496107722,0.04832200496107722,0.04832200496107722
Uttar Pradesh,Basti,2025-03-01,0.9548852757854258,0.9548852757854258,0.9548852757854258
Uttar Pradesh,Basti,2025-04-01,0.7971068219016584,0.7971068219016584,0.7971068219016584
Uttar Pradesh,Basti,2025-05-01,-0.10852005920070316,-0.10852005920070316,-0.10852005920070316
Uttar Pradesh,Basti,2025-06-01,0.15302721094646354,0.15302721094646354,0.15302721094646354
Uttar Pradesh,Basti,2025-07-01,0.5084083091817304,0.5084083091817304,0.5084083091817304
Uttar Pradesh,Basti,2025-09-01,0.8913726225099953,0.8913726225099953,0.8913726225099953
Uttar Pradesh,Basti,2025-10-01,-0.1493224159149555,-0.1493224159149555,-0.1493224159149555
Uttar Pradesh,Basti,2025-11-01,0.131817295814931,0.131817295814931,0.131817295814931
Uttar Pradesh,Basti,2025-12-01,-0.0498475246630537,-0.0498475246630537,-0.0498475246630537
Uttar Pradesh,Bhadohi,2025-03-01,0.01301476384967884,0.01301476384967884,0.01301476384967884
Uttar Pradesh,Bhadohi,2025-04-01,-0.41681227884520006,-0.41681227884520006,-0.41681227884520006
Uttar Pradesh,Bhadohi,2025-05-01,-0.4823034343969951,-0.4823034343969951,-0.4823034343969951
Uttar Pradesh,Bhadohi,2025-06-01,-0.47340121015138825,-0.47340121015138825,-0.47340121015138825
Uttar Pradesh,Bhadohi,2025-07-01,-0.42090675865896876,-0.42090675865896876,-0.42090675865896876
Uttar Pradesh,Bhadohi,2025-09-01,0.5100618244304952,0.5100618244304952,0.5100618244304952
Uttar Pradesh,Bhadohi,2025-10-01,-0.5642633943429162,-0.5642633943429162,-0.5642633943429162
Uttar Pradesh,Bhadohi,2025-11-01,-0.37772768373955423,-0.37772768373955423,-0.37772768373955423
Uttar Pradesh,Bhadohi,2025-12-01,-0.37066568442254655,-0.37066568442254655,-0.37066568442254655
Uttar Pradesh,Bijnor,2025-03-01,1.5439541259658178,1.4513168784078687,1.4088581399438087
Uttar Pradesh,Bijnor,2025-04-01,1.0637071971674525,1.0637071971674525,1.0637071971674525
Uttar Pradesh,Bijnor,2025-05-01,0.9446896844794259,0.9446896844794259,0.9446896844794259
Uttar Pradesh,Bijnor,2025-06-01,0.8243608274406453,0.8243608274406453,0.8243608274406453
Uttar Pradesh,Bijnor,2025-07-01,1.6789073185309475,1.5781728794190906,1.5320029281594896
Uttar Pradesh,Bijnor,2025-09-01,0.954096809406248,0.954096809406248,0.954096809406248
Uttar Pradesh,Bijnor,2025-10-01,0.0057758673043483005,0.0057758673043483005,0.0057758673043483005
Uttar Pradesh,Bijnor,2025-11-01,0.2887033225192719,0.2887033225192719,0.2887033225192719
Uttar Pradesh,Bijnor,2025-12-01,-0.0009262750440432142,-0.0009262750440432142,-0.0009262750440432142
Uttar Pradesh,Budaun,2025-03-01,1.2286070003379834,1.1548905803177043,1.1211038878084099
Uttar Pradesh,Budaun,2025-04-01,0.8645426405182297,0.8645426405182297,0.8645426405182297
Uttar Pradesh,Budaun,2025-05-01,-0.249457859055834,-0.249457859055834,-0.249457859055834
Uttar Pradesh,Budaun,2025-06-01,-0.017111058272368977,-0.017111058272368977,-0.017111058272368977
Uttar Pradesh,Budaun,2025-07-01,0.8215929934433891,0.8215929934433891,0.8215929934433891
Uttar Pradesh,Budaun,2025-09-01,0.24529144441843442,0.24529144441843442,0.24529144441843442
Uttar Pradesh,Budaun,2025-10-01,-0.24146522248419924,-0.24146522248419924,-0.24146522248419924
Uttar Pradesh,Budaun,2025-11-01,0.3540493269175213,0.3540493269175213,0.3540493269175213
Uttar Pradesh,Budaun,2025-12-01,0.004523841047247134,0.004523841047247134,0.004523841047247134
Uttar Pradesh,Bulandshahar,2025-09-01,-0.6777686613607006,-0.6777686613607006,-0.6777686613607006
Uttar Pradesh,Bulandshahar,2025-10-01,-0.9025063106558447,-0.9025063106558447,-0.9025063106558447
Uttar Pradesh,Bulandshahar,2025-11-01,-0.4129676788622284,-0.4129676788622284,-0.4129676788622284
Uttar Pradesh,Bulandshahar,2025-12-01,-0.8989904789398494,-0.8989904789398494,-0.8989904789398494
Uttar Pradesh,Bulandshahr,2025-03-01,0.19078618738336015,0.19078618738336015,0.19078618738336015
Uttar Pradesh,Bulandshahr,2025-04-01,0.9360161908235638,0.9360161908235638,0.9360161908235638
Uttar Pradesh,Bulandshahr,2025-05-01,0.5295720047180881,0.5295720047180881,0.5295720047180881
Uttar Pradesh,Bulandshahr,2025-06-01,0.897728252520339,0.897728252520339,0.897728252520339
Uttar Pradesh,Bulandshahr,2025-07-01,0.8732874210775838,0.8732874210775838,0.8732874210775838
Uttar Pradesh,Bulandshahr,2025-09-01,0.9405451973010458,0.9405451973010458,0.9405451973010458
Uttar Pradesh,Bulandshahr,2025-10-01,-0.17568694020481712,-0.17568694020481712,-0.17568694020481712
Uttar Pradesh,Bulandshahr,2025-11-01,0.3166265583683823,0.3166265583683823,0.3166265583683823
Uttar Pradesh,Bulandshahr,2025-12-01,0.031795771542600035,0.031795771542600035,0.031795771542600035
Uttar Pradesh,Chandauli,2025-03-01,1.1069239926140082,1.0405085530571676,1.0100681432602825
Uttar Pradesh,Chandauli,2025-04-01,0.7765849038047997,0.7765849038047997,0.7765849038047997
Uttar Pradesh,Chandauli,2025-05-01,-0.11620680437393457,-0.11620680437393457,-0.11620680437393457
Uttar Pradesh,Chandauli,2025-06-01,-0.08720420602515622,-0.08720420602515622,-0.08720420602515622
Uttar Pradesh,Chandauli,2025-07-01,0.7871447393755363,0.7871447393755363,0.7871447393755363
Uttar Pradesh,Chandauli,2025-09-01,0.3979150614744201,0.3979150614744201,0.3979150614744201
Uttar Pradesh,Chandauli,2025-10-01,-0.2926305010961505,-0.2926305010961505,-0.2926305010961505
Uttar Pradesh,Chandauli,2025-11-01,0.42218124363247617,0.42218124363247617,0.42218124363247617
Uttar Pradesh,Chandauli,2025-12-01,-0.17903999858941544,-0.17903999858941544,-0.17903999858941544
Uttar Pradesh,Chandauli *,2025-12-01,-1.2932382938190763,-1.2932382938190763,-1.2932382938190763
Uttar Pradesh,Chitrakoot,2025-03-01,0.5914491714914867,0.5914491714914867,0.5914491714914867
Uttar Pradesh,Chitrakoot,2025-04-01,0.16175367483448705,0.16175367483448705,0.16175367483448705
Uttar Pradesh,Chitrakoot,2025-05-01,0.07329994695965905,0.07329994695965905,0.07329994695965905
Uttar Pradesh,Chitrakoot,2025-06-01,0.014737748646352064,0.014737748646352064,0.014737748646352064
Uttar Pradesh,Chitrakoot,2025-07-01,0.11999400985731044,0.11999400985731044,0.11999400985731044
Uttar Pradesh,Chitrakoot,2025-09-01,0.7979275614426734,0.7979275614426734,0.7979275614426734
Uttar Pradesh,Chitrakoot,2025-10-01,-0.24136599776168194,-0.24136599776168194,-0.24136599776168194
Uttar Pradesh,Chitrakoot,2025-11-01,-0.015547857740782305,-0.015547857740782305,-0.015547857740782305
Uttar Pradesh,Chitrakoot,2025-12-01,-0.03002473623542694,-0.03002473623542694,-0.03002473623542694
Uttar Pradesh,Chitrakoot *,2025-12-01,-1.3533531380983113,-1.3533531380983113,-1.3533531380983113
Uttar Pradesh,Deoria,2025-03-01,1.1553433166180485,1.0860227176209656,1.0542507764139692
Uttar Pradesh,Deoria,2025-04-01,0.6010295983028136,0.6010295983028136,0.6010295983028136
Uttar Pradesh,Deoria,2025-05-01,0.800594580402239,0.800594580402239,0.800594580402239
Uttar Pradesh,Deoria,2025-06-01,-0.16435075585888914,-0.16435075585888914,-0.16435075585888914
Uttar Pradesh,Deoria,2025-07-01,0.8689493792391701,0.8689493792391701,0.8689493792391701
Uttar Pradesh,Deoria,2025-09-01,0.9322255450749815,0.9322255450749815,0.9322255450749815
Uttar Pradesh,Deoria,2025-10-01,-0.20335921201101662,-0.20335921201101662,-0.20335921201101662
Uttar Pradesh,Deoria,2025-11-01,0.23598146201849812,0.23598146201849812,0.23598146201849812
Uttar Pradesh,Deoria,2025-12-01,-0.01504206568641079,-0.01504206568641079,-0.01504206568641079
Uttar Pradesh,Etah,2025-03-01,0.6178531014076738,0.6178531014076738,0.6178531014076738
Uttar Pradesh,Etah,2025-04-01,0.8070121456501378,0.8070121456501378,0.8070121456501378
Uttar Pradesh,Etah,2025-05-01,0.14752428809939822,0.14752428809939822,0.14752428809939822
Uttar Pradesh,Etah,2025-06-01,-0.2756012649190913,-0.2756012649190913,-0.2756012649190913
Uttar Pradesh,Etah,2025-07-01,0.7542791707953133,0.7542791707953133,0.7542791707953133
Uttar Pradesh,Etah,2025-09-01,-0.20059078841530922,-0.20059078841530922,-0.20059078841530922
Uttar Pradesh,Etah,2025-10-01,-0.29324745519167533,-0.29324745519167533,-0.29324745519167533
Uttar Pradesh,Etah,2025-11-01,0.3289042770005913,0.3289042770005913,0.3289042770005913
Uttar Pradesh,Etah,2025-12-01,-0.1071259089961962,-0.1071259089961962,-0.1071259089961962
Uttar Pradesh,Etawah,2025-03-01,0.5591031685530139,0.5591031685530139,0.5591031685530139
Uttar Pradesh,Etawah,2025-04-01,0.8015114697997399,0.8015114697997399,0.8015114697997399
Uttar Pradesh,Etawah,2025-05-01,-0.0708334920557143,-0.0708334920557143,-0.0708334920557143
Uttar Pradesh,Etawah,2025-06-01,0.06293226199811507,0.06293226199811507,0.06293226199811507
Uttar Pradesh,Etawah,2025-07-01,0.764574417020411,0.764574417020411,0.764574417020411
Uttar Pradesh,Etawah,2025-09-01,0.4894853770166521,0.4894853770166521,0.4894853770166521
Uttar Pradesh,Etawah,2025-10-01,-0.32919505477967526,-0.32919505477967526,-0.32919505477967526
Uttar Pradesh,Etawah,2025-11-01,0.18601526551581152,0.18601526551581152,0.18601526551581152
Uttar Pradesh,Etawah,2025-12-01,-0.12209639856951297,-0.12209639856951297,-0.12209639856951297
Uttar Pradesh,Faizabad,2025-03-01,0.7748670509430713,0.7748670509430713,0.7748670509430713
Uttar Pradesh,Faizabad,2025-04-01,0.3095415269569539,0.3095415269569539,0.3095415269569539
Uttar Pradesh,Faizabad,2025-05-01,0.25248996588429223,0.25248996588429223,0.25248996588429223
Uttar Pradesh,Faizabad,2025-06-01,0.07435116434420246,0.07435116434420246,0.07435116434420246
Uttar Pradesh,Faizabad,2025-07-01,0.4872779908738253,0.4872779908738253,0.4872779908738253
Uttar Pradesh,Faizabad,2025-09-01,0.8767547301426087,0.8767547301426087,0.8767547301426087
Uttar Pradesh,Faizabad,2025-10-01,-0.24687765172565818,-0.24687765172565818,-0.24687765172565818
Uttar Pradesh,Faizabad,2025-11-01,0.0908027459897401,0.0908027459897401,0.0908027459897401
Uttar Pradesh,Faizabad,2025-12-01,-0.08806493864179707,-0.08806493864179707,-0.08806493864179707
Uttar Pradesh,Farrukhabad,2025-03-01,0.6189257931137664,0.6189257931137664,0.6189257931137664
Uttar Pradesh,Farrukhabad,2025-04-01,0.18377394050318202,0.18377394050318202,0.18377394050318202
Uttar Pradesh,Farrukhabad,2025-05-01,0.15715606862946024,0.15715606862946024,0.15715606862946024
Uttar Pradesh,Farrukhabad,2025-06-01,0.6941031849217457,0.6941031849217457,0.6941031849217457
Uttar Pradesh,Farrukhabad,2025-07-01,-0.16539272756464224,-0.16539272756464224,-0.16539272756464224
Uttar Pradesh,Farrukhabad,2025-09-01,0.8479810231675433,0.8479810231675433,0.8479810231675433
Uttar Pradesh,Farrukhabad,2025-10-01,-0.2669766413184769,-0.2669766413184769,-0.2669766413184769
Uttar Pradesh,Farrukhabad,2025-11-01,0.26126246264253744,0.26126246264253744,0.26126246264253744
Uttar Pradesh,Farrukhabad,2025-12-01,-0.025652811324743993,-0.025652811324743993,-0.025652811324743993
Uttar Pradesh,Fatehpur,2025-03-01,1.256023948037266,1.18066251115503,1.1461218525840051
Uttar Pradesh,Fatehpur,2025-04-01,0.7946551210450845,0.7946551210450845,0.7946551210450845
Uttar Pradesh,Fatehpur,2025-05-01,0.2017019119365236,0.2017019119365236,0.2017019119365236
Uttar Pradesh,Fatehpur,2025-06-01,-0.012734197782120295,-0.012734197782120295,-0.012734197782120295
Uttar Pradesh,Fatehpur,2025-07-01,0.8501871001067333,0.8501871001067333,0.8501871001067333
Uttar Pradesh,Fatehpur,2025-09-01,0.16636995615610778,0.16636995615610778,0.16636995615610778
Uttar Pradesh,Fatehpur,2025-10-01,-0.22890528363773233,-0.22890528363773233,-0.22890528363773233
Uttar Pradesh,Fatehpur,2025-11-01,0.20536709331569233,0.20536709331569233,0.20536709331569233
Uttar Pradesh,Fatehpur,2025-12-01,-0.02995868333454623,-0.02995868333454623,-0.02995868333454623
Uttar Pradesh,Firozabad,2025-03-01,0.08588685279495502,0.08588685279495502,0.08588685279495502
Uttar Pradesh,Firozabad,2025-04-01,0.414670983992417,0.414670983992417,0.414670983992417
Uttar Pradesh,Firozabad,2025-05-01,0.4718579464000894,0.4718579464000894,0.4718579464000894
Uttar Pradesh,Firozabad,2025-06-01,0.7385400163700924,0.7385400163700924,0.7385400163700924
Uttar Pradesh,Firozabad,2025-07-01,0.2298795323649565,0.2298795323649565,0.2298795323649565
Uttar Pradesh,Firozabad,2025-09-01,0.02365518597364069,0.02365518597364069,0.02365518597364069
Uttar Pradesh,Firozabad,2025-10-01,-0.25703085279404986,-0.25703085279404986,-0.25703085279404986
Uttar Pradesh,Firozabad,2025-11-01,0.25620865564614903,0.25620865564614903,0.25620865564614903
Uttar Pradesh,Firozabad,2025-12-01,0.026898100297069606,0.026898100297069606,0.026898100297069606
Uttar Pradesh,Gautam Buddha Nagar,2025-03-01,0.09897206094286208,0.09897206094286208,0.09897206094286208
Uttar Pradesh,Gautam Buddha Nagar,2025-04-01,0.7973541564290654,0.7973541564290654,0.7973541564290654
Uttar Pradesh,Gautam Buddha Nagar,2025-05-01,-0.01600421118087326,-0.01600421118087326,-0.01600421118087326
Uttar Pradesh,Gautam Buddha Nagar,2025-06-01,-0.07337439675180953,-0.07337439675180953,-0.07337439675180953
Uttar Pradesh,Gautam Buddha Nagar,2025-07-01,0.40419243767560814,0.40419243767560814,0.40419243767560814
Uttar Pradesh,Gautam Buddha Nagar,2025-09-01,0.02115807775261753,0.02115807775261753,0.02115807775261753
Uttar Pradesh,Gautam Buddha Nagar,2025-10-01,-0.24513691931957715,-0.24513691931957715,-0.24513691931957715
Uttar Pradesh,Gautam Buddha Nagar,2025-11-01,0.20674422468785728,0.20674422468785728,0.20674422468785728
Uttar Pradesh,Gautam Buddha Nagar,2025-12-01,-0.08834275740425772,-0.08834275740425772,-0.08834275740425772
Uttar Pradesh,Gautam Buddha Nagar *,2025-10-01,-1.293228115966791,-1.293228115966791,-1.293228115966791
Uttar Pradesh,Ghaziabad,2025-03-01,0.2110520777232267,0.2110520777232267,0.2110520777232267
Uttar Pradesh,Ghaziabad,2025-04-01,1.1063224483898049,1.0399431014864164,1.0095192341556969
Uttar Pradesh,Ghaziabad,2025-05-01,0.9349971330425877,0.9349971330425877,0.9349971330425877
Uttar Pradesh,Ghaziabad,2025-06-01,0.32370896936407184,0.32370896936407184,0.32370896936407184
Uttar Pradesh,Ghaziabad,2025-07-01,0.35232775136494965,0.35232775136494965,0.35232775136494965
Uttar Pradesh,Ghaziabad,2025-09-01,0.3183118076272708,0.3183118076272708,0.3183118076272708
Uttar Pradesh,Ghaziabad,2025-10-01,-0.19666593941910532,-0.19666593941910532,-0.19666593941910532
Uttar Pradesh,Ghaziabad,2025-11-01,0.38990776378647735,0.38990776378647735,0.38990776378647735
Uttar Pradesh,Ghaziabad,2025-12-01,-0.02467048132695669,-0.02467048132695669,-0.02467048132695669
Uttar Pradesh,Ghazipur,2025-03-01,1.3492893419195697,1.2683319814043954,1.2312265245016074
Uttar Pradesh,Ghazipur,2025-04-01,0.6967160867441109,0.6967160867441109,0.6967160867441109
Uttar Pradesh,Ghazipur,2025-05-01,0.45872465604824836,0.45872465604824836,0.45872465604824836
Uttar Pradesh,Ghazipur,2025-06-01,0.4048545670756543,0.4048545670756543,0.4048545670756543
Uttar Pradesh,Ghazipur,2025-07-01,0.6777668740909234,0.6777668740909234,0.6777668740909234
Uttar Pradesh,Ghazipur,2025-09-01,0.9552883821816891,0.9552883821816891,0.9552883821816891
Uttar Pradesh,Ghazipur,2025-10-01,-0.20952838369562962,-0.20952838369562962,-0.20952838369562962
Uttar Pradesh,Ghazipur,2025-11-01,0.2110651302731258,0.2110651302731258,0.2110651302731258
Uttar Pradesh,Ghazipur,2025-12-01,-0.04027576585401052,-0.04027576585401052,-0.04027576585401052
Uttar Pradesh,Gonda,2025-03-01,1.5247694096839732,1.4332832451029347,1.3913520863366255
Uttar Pradesh,Gonda,2025-04-01,0.8500106792122563,0.8500106792122563,0.8500106792122563
Uttar Pradesh,Gonda,2025-05-01,-0.0006345415570919583,-0.0006345415570919583,-0.0006345415570919583
Uttar Pradesh,Gonda,2025-06-01,0.30529626151768174,0.30529626151768174,0.30529626151768174
Uttar Pradesh,Gonda,2025-07-01,0.8561705485680409,0.8561705485680409,0.8561705485680409
Uttar Pradesh,Gonda,2025-09-01,0.3953132864273557,0.3953132864273557,0.3953132864273557
Uttar Pradesh,Gonda,2025-10-01,-0.1789357630867246,-0.1789357630867246,-0.1789357630867246
Uttar Pradesh,Gonda,2025-11-01,0.21735646817291807,0.21735646817291807,0.21735646817291807
Uttar Pradesh,Gonda,2025-12-01,-0.01427006277993395,-0.01427006277993395,-0.01427006277993395
Uttar Pradesh,Gorakhpur,2025-03-01,0.22554246362782593,0.22554246362782593,0.22554246362782593
Uttar Pradesh,Gorakhpur,2025-04-01,0.8550624534919542,0.8550624534919542,0.8550624534919542
Uttar Pradesh,Gorakhpur,2025-05-01,-0.24045475981725006,-0.24045475981725006,-0.24045475981725006
Uttar Pradesh,Gorakhpur,2025-06-01,0.20705207421048155,0.20705207421048155,0.20705207421048155
Uttar Pradesh,Gorakhpur,2025-07-01,0.9044210629735163,0.9044210629735163,0.9044210629735163
Uttar Pradesh,Gorakhpur,2025-09-01,0.32303641636788255,0.32303641636788255,0.32303641636788255
Uttar Pradesh,Gorakhpur,2025-10-01,-0.1399708442087263,-0.1399708442087263,-0.1399708442087263
Uttar Pradesh,Gorakhpur,2025-11-01,0.2704226452491157,0.2704226452491157,0.2704226452491157
Uttar Pradesh,Gorakhpur,2025-12-01,-0.002982716053814116,-0.002982716053814116,-0.002982716053814116
Uttar Pradesh,Hamirpur,2025-03-01,0.4312002082099482,0.4312002082099482,0.4312002082099482
Uttar Pradesh,Hamirpur,2025-04-01,-0.010196663979468973,-0.010196663979468973,-0.010196663979468973
Uttar Pradesh,Hamirpur,2025-05-01,-0.07113023690495249,-0.07113023690495249,-0.07113023690495249
Uttar Pradesh,Hamirpur,2025-06-01,-0.1044010816839965,-0.1044010816839965,-0.1044010816839965
Uttar Pradesh,Hamirpur,2025-07-01,0.3393810862200394,0.3393810862200394,0.3393810862200394
Uttar Pradesh,Hamirpur,2025-09-01,0.8023694532127169,0.8023694532127169,0.8023694532127169
Uttar Pradesh,Hamirpur,2025-10-01,-0.38779969497521255,-0.38779969497521255,-0.38779969497521255
Uttar Pradesh,Hamirpur,2025-11-01,0.2387799591213366,0.2387799591213366,0.2387799591213366
Uttar Pradesh,Hamirpur,2025-12-01,-0.1891413252657253,-0.1891413252657253,-0.1891413252657253
Uttar Pradesh,Hapur,2025-03-01,0.34925189997060735,0.34925189997060735,0.34925189997060735
Uttar Pradesh,Hapur,2025-04-01,0.04426779125528571,0.04426779125528571,0.04426779125528571
Uttar Pradesh,Hapur,2025-05-01,0.7902172642167945,0.7902172642167945,0.7902172642167945
Uttar Pradesh,Hapur,2025-06-01,-0.37912170811148527,-0.37912170811148527,-0.37912170811148527
Uttar Pradesh,Hapur,2025-07-01,0.6853131070086231,0.6853131070086231,0.6853131070086231
Uttar Pradesh,Hapur,2025-09-01,-0.13996463397335931,-0.13996463397335931,-0.13996463397335931
Uttar Pradesh,Hapur,2025-10-01,-0.30809241913173974,-0.30809241913173974,-0.30809241913173974
Uttar Pradesh,Hapur,2025-11-01,0.04371954665270375,0.04371954665270375,0.04371954665270375
Uttar Pradesh,Hapur,2025-12-01,-0.054353883467111674,-0.054353883467111674,-0.054353883467111674
Uttar Pradesh,Hardoi,2025-03-01,1.6638927327535982,1.5640591687883822,1.5183021186376582
Uttar Pradesh,Hardoi,2025-04-01,1.0587413423027774,1.0587413423027774,1.0587413423027774
Uttar Pradesh,Hardoi,2025-05-01,0.7635931052046323,0.7635931052046323,0.7635931052046323
Uttar Pradesh,Hardoi,2025-06-01,0.8101938702556348,0.8101938702556348,0.8101938702556348
Uttar Pradesh,Hardoi,2025-07-01,0.8792130463121388,0.8792130463121388,0.8792130463121388
Uttar Pradesh,Hardoi,2025-09-01,0.008787271442541204,0.008787271442541204,0.008787271442541204
Uttar Pradesh,Hardoi,2025-10-01,-0.158045133003671,-0.158045133003671,-0.158045133003671
Uttar Pradesh,Hardoi,2025-11-01,0.3050552534324935,0.3050552534324935,0.3050552534324935
Uttar Pradesh,Hardoi,2025-12-01,-0.0018679524654520024,-0.0018679524654520024,-0.0018679524654520024
Uttar Pradesh,Hathras,2025-03-01,0.7627343460954272,0.7627343460954272,0.7627343460954272
Uttar Pradesh,Hathras,2025-04-01,0.28631102682427595,0.28631102682427595,0.28631102682427595
Uttar Pradesh,Hathras,2025-05-01,0.7488000849188984,0.7488000849188984,0.7488000849188984
Uttar Pradesh,Hathras,2025-06-01,-0.3177523464729201,-0.3177523464729201,-0.3177523464729201
Uttar Pradesh,Hathras,2025-07-01,-0.10108722948768449,-0.10108722948768449,-0.10108722948768449
Uttar Pradesh,Hathras,2025-09-01,0.8305666653680502,0.8305666653680502,0.8305666653680502
Uttar Pradesh,Hathras,2025-10-01,-0.34379763034892574,-0.34379763034892574,-0.34379763034892574
Uttar Pradesh,Hathras,2025-11-01,0.2735515856989106,0.2735515856989106,0.2735515856989106
Uttar Pradesh,Hathras,2025-12-01,-0.009074376293391716,-0.009074376293391716,-0.009074376293391716
Uttar Pradesh,Jalaun,2025-03-01,0.7477444488723466,0.7477444488723466,0.7477444488723466
Uttar Pradesh,Jalaun,2025-04-01,0.7323417388162106,0.7323417388162106,0.7323417388162106
Uttar Pradesh,Jalaun,2025-05-01,-0.2899384085985265,-0.2899384085985265,-0.2899384085985265
Uttar Pradesh,Jalaun,2025-06-01,0.6885723786008104,0.6885723786008104,0.6885723786008104
Uttar Pradesh,Jalaun,2025-07-01,-0.10475617192505242,-0.10475617192505242,-0.10475617192505242
Uttar Pradesh,Jalaun,2025-09-01,0.827966449803806,0.827966449803806,0.827966449803806
Uttar Pradesh,Jalaun,2025-10-01,-0.33016643411951196,-0.33016643411951196,-0.33016643411951196
Uttar Pradesh,Jalaun,2025-11-01,0.292172383890403,0.292172383890403,0.292172383890403
Uttar Pradesh,Jalaun,2025-12-01,-0.14331442209203715,-0.14331442209203715,-0.14331442209203715
Uttar Pradesh,Jaunpur,2025-03-01,0.19103450328715693,0.19103450328715693,0.19103450328715693
Uttar Pradesh,Jaunpur,2025-04-01,0.839717694467709,0.839717694467709,0.839717694467709
Uttar Pradesh,Jaunpur,2025-05-01,0.15645092013123119,0.15645092013123119,0.15645092013123119
Uttar Pradesh,Jaunpur,2025-06-01,0.42622625413138826,0.42622625413138826,0.42622625413138826
Uttar Pradesh,Jaunpur,2025-07-01,0.8926437734694403,0.8926437734694403,0.8926437734694403
Uttar Pradesh,Jaunpur,2025-09-01,0.9959452202501379,0.9959452202501379,0.9959452202501379
Uttar Pradesh,Jaunpur,2025-10-01,-0.09991991097424188,-0.09991991097424188,-0.09991991097424188
Uttar Pradesh,Jaunpur,2025-11-01,0.16387877627012562,0.16387877627012562,0.16387877627012562
Uttar Pradesh,Jaunpur,2025-12-01,0.010767500523420931,0.010767500523420931,0.010767500523420931
Uttar Pradesh,Jhansi,2025-03-01,0.9225649140396386,0.9225649140396386,0.9225649140396386
Uttar Pradesh,Jhansi,2025-04-01,0.388888099368803,0.388888099368803,0.388888099368803
Uttar Pradesh,Jhansi,2025-05-01,0.31096219176672335,0.31096219176672335,0.31096219176672335
Uttar Pradesh,Jhansi,2025-06-01,0.20027726079235253,0.20027726079235253,0.20027726079235253
Uttar Pradesh,Jhansi,2025-07-01,0.8202311826921533,0.8202311826921533,0.8202311826921533
Uttar Pradesh,Jhansi,2025-09-01,0.8732551927756455,0.8732551927756455,0.8732551927756455
Uttar Pradesh,Jhansi,2025-10-01,-0.2917772138552151,-0.2917772138552151,-0.2917772138552151
Uttar Pradesh,Jhansi,2025-11-01,0.4004026481740639,0.4004026481740639,0.4004026481740639
Uttar Pradesh,Jhansi,2025-12-01,-0.06927932426283205,-0.06927932426283205,-0.06927932426283205
Uttar Pradesh,Jyotiba Phule Nagar,2025-09-01,-0.7269547317402898,-0.7269547317402898,-0.7269547317402898
Uttar Pradesh,Jyotiba Phule Nagar,2025-10-01,-0.8911316981582675,-0.8911316981582675,-0.8911316981582675
Uttar Pradesh,Jyotiba Phule Nagar,2025-11-01,-0.5565959603201552,-0.5565959603201552,-0.5565959603201552
Uttar Pradesh,Jyotiba Phule Nagar,2025-12-01,-0.7302244123459083,-0.7302244123459083,-0.7302244123459083
Uttar Pradesh,Jyotiba Phule Nagar *,2025-11-01,-1.3533531380983113,-1.3533531380983113,-1.3533531380983113
Uttar Pradesh,Kannauj,2025-03-01,0.6138243681838143,0.6138243681838143,0.6138243681838143
Uttar Pradesh,Kannauj,2025-04-01,0.2041610534568138,0.2041610534568138,0.2041610534568138
Uttar Pradesh,Kannauj,2025-05-01,0.11501898717269145,0.11501898717269145,0.11501898717269145
Uttar Pradesh,Kannauj,2025-06-01,0.09574571589155474,0.09574571589155474,0.09574571589155474
Uttar Pradesh,Kannauj,2025-07-01,0.7336832184483828,0.7336832184483828,0.7336832184483828
Uttar Pradesh,Kannauj,2025-09-01,0.4647923855846373,0.4647923855846373,0.4647923855846373
Uttar Pradesh,Kannauj,2025-10-01,-0.33213662869623356,-0.33213662869623356,-0.33213662869623356
Uttar Pradesh,Kannauj,2025-11-01,0.24289269010226974,0.24289269010226974,0.24289269010226974
Uttar Pradesh,Kannauj,2025-12-01,-0.1410545828208926,-0.1410545828208926,-0.1410545828208926
Uttar Pradesh,Kanpur Dehat,2025-03-01,0.904451537920847,0.904451537920847,0.904451537920847
Uttar Pradesh,Kanpur Dehat,2025-04-01,0.7396497478605732,0.7396497478605732,0.7396497478605732
Uttar Pradesh,Kanpur Dehat,2025-05-01,-0.23997878429939834,-0.23997878429939834,-0.23997878429939834
Uttar Pradesh,Kanpur Dehat,2025-06-01,0.07161545547717738,0.07161545547717738,0.07161545547717738
Uttar Pradesh,Kanpur Dehat,2025-07-01,0.7696483089536249,0.7696483089536249,0.7696483089536249
Uttar Pradesh,Kanpur Dehat,2025-09-01,0.07093214262668296,0.07093214262668296,0.07093214262668296
Uttar Pradesh,Kanpur Dehat,2025-10-01,-0.32820447165546307,-0.32820447165546307,-0.32820447165546307
Uttar Pradesh,Kanpur Dehat,2025-11-01,0.23375508532637737,0.23375508532637737,0.23375508532637737
Uttar Pradesh,Kanpur Dehat,2025-12-01,-0.09837828118614529,-0.09837828118614529,-0.09837828118614529
Uttar Pradesh,Kanpur Nagar,2025-03-01,0.1688387219956564,0.1688387219956564,0.1688387219956564
Uttar Pradesh,Kanpur Nagar,2025-04-01,0.8897663193277783,0.8897663193277783,0.8897663193277783
Uttar Pradesh,Kanpur Nagar,2025-05-01,-0.08959379411291415,-0.08959379411291415,-0.08959379411291415
Uttar Pradesh,Kanpur Nagar,2025-06-01,-0.18383064546289285,-0.18383064546289285,-0.18383064546289285
Uttar Pradesh,Kanpur Nagar,2025-07-01,0.9125961616156179,0.9125961616156179,0.9125961616156179
Uttar Pradesh,Kanpur Nagar,2025-09-01,0.44638938389674676,0.44638938389674676,0.44638938389674676
Uttar Pradesh,Kanpur Nagar,2025-10-01,-0.1668068382319938,-0.1668068382319938,-0.1668068382319938
Uttar Pradesh,Kanpur Nagar,2025-11-01,0.3774315103158486,0.3774315103158486,0.3774315103158486
Uttar Pradesh,Kanpur Nagar,2025-12-01,-0.006682004953349304,-0.006682004953349304,-0.006682004953349304
Uttar Pradesh,Kasganj,2025-03-01,0.43551409484624676,0.43551409484624676,0.43551409484624676
Uttar Pradesh,Kasganj,2025-04-01,0.1884631556671849,0.1884631556671849,0.1884631556671849
Uttar Pradesh,Kasganj,2025-05-01,0.1433029563599615,0.1433029563599615,0.1433029563599615
Uttar Pradesh,Kasganj,2025-06-01,0.06818408496333889,0.06818408496333889,0.06818408496333889
Uttar Pradesh,Kasganj,2025-07-01,0.7461123421482143,0.7461123421482143,0.7461123421482143
Uttar Pradesh,Kasganj,2025-09-01,-0.17198952488169697,-0.17198952488169697,-0.17198952488169697
Uttar Pradesh,Kasganj,2025-10-01,-0.32100949127396367,-0.32100949127396367,-0.32100949127396367
Uttar Pradesh,Kasganj,2025-11-01,0.2572929492809193,0.2572929492809193,0.2572929492809193
Uttar Pradesh,Kasganj,2025-12-01,-0.07492151007356553,-0.07492151007356553,-0.07492151007356553
Uttar Pradesh,Kaushambi,2025-03-01,0.9234450160859407,0.9234450160859407,0.9234450160859407
Uttar Pradesh,Kaushambi,2025-04-01,0.7995109216763897,0.7995109216763897,0.7995109216763897
Uttar Pradesh,Kaushambi,2025-05-01,-0.046188058932292206,-0.046188058932292206,-0.046188058932292206
Uttar Pradesh,Kaushambi,2025-06-01,0.13799045267874127,0.13799045267874127,0.13799045267874127
Uttar Pradesh,Kaushambi,2025-07-01,0.8488699502610445,0.8488699502610445,0.8488699502610445
Uttar Pradesh,Kaushambi,2025-09-01,0.42476660619226375,0.42476660619226375,0.42476660619226375
Uttar Pradesh,Kaushambi,2025-10-01,-0.2664143784541741,-0.2664143784541741,-0.2664143784541741
Uttar Pradesh,Kaushambi,2025-11-01,0.20149650579772563,0.20149650579772563,0.20149650579772563
Uttar Pradesh,Kaushambi,2025-12-01,-0.09930808266454244,-0.09930808266454244,-0.09930808266454244
Uttar Pradesh,Kheri,2025-03-01,1.7307727423213857,1.6269263777821024,1.5793301273682643
Uttar Pradesh,Kheri,2025-04-01,0.8452786812143929,0.8452786812143929,0.8452786812143929
Uttar Pradesh,Kheri,2025-05-01,0.1375384555874855,0.1375384555874855,0.1375384555874855
Uttar Pradesh,Kheri,2025-06-01,-0.24253561655599917,-0.24253561655599917,-0.24253561655599917
Uttar Pradesh,Kheri,2025-07-01,0.9071388248884938,0.9071388248884938,0.9071388248884938
Uttar Pradesh,Kheri,2025-09-01,0.360321242550041,0.360321242550041,0.360321242550041
Uttar Pradesh,Kheri,2025-10-01,-0.17423780805257827,-0.17423780805257827,-0.17423780805257827
Uttar Pradesh,Kheri,2025-11-01,0.2858744373991238,0.2858744373991238,0.2858744373991238
Uttar Pradesh,Kheri,2025-12-01,0.015162320729217891,0.015162320729217891,0.015162320729217891
Uttar Pradesh,Kushi Nagar,2025-07-01,-1.45614017069987,-1.45614017069987,-1.45614017069987
Uttar Pradesh,Kushinagar,2025-03-01,1.3457431395626747,1.2649985511889141,1.2279906148509405
Uttar Pradesh,Kushinagar,2025-04-01,0.5424581817566106,0.5424581817566106,0.5424581817566106
Uttar Pradesh,Kushinagar,2025-05-01,0.7886327502350788,0.7886327502350788,0.7886327502350788
Uttar Pradesh,Kushinagar,2025-06-01,-0.21511775392276156,-0.21511775392276156,-0.21511775392276156
Uttar Pradesh,Kushinagar,2025-07-01,1.3441978719599663,1.2635459996423684,1.2265805581634692
Uttar Pradesh,Kushinagar,2025-09-01,0.9347767792995909,0.9347767792995909,0.9347767792995909
Uttar Pradesh,Kushinagar,2025-10-01,-0.19488260548045067,-0.19488260548045067,-0.19488260548045067
Uttar Pradesh,Kushinagar,2025-11-01,0.3810357106174368,0.3810357106174368,0.3810357106174368
Uttar Pradesh,Kushinagar,2025-12-01,0.019795002981355336,0.019795002981355336,0.019795002981355336
Uttar Pradesh,Kushinagar *,2025-07-01,-0.9511757613722734,-0.9511757613722734,-0.9511757613722734
Uttar Pradesh,Kushinagar *,2025-09-01,-0.03361327551544342,-0.03361327551544342,-0.03361327551544342
Uttar Pradesh,Kushinagar *,2025-10-01,-0.9674278137546445,-0.9674278137546445,-0.9674278137546445
Uttar Pradesh,Kushinagar *,2025-11-01,-0.43738749007180433,-0.43738749007180433,-0.43738749007180433
Uttar Pradesh,Kushinagar *,2025-12-01,-0.8673538631808145,-0.8673538631808145,-0.8673538631808145
Uttar Pradesh,Lalitpur,2025-03-01,0.5997753933842782,0.5997753933842782,0.5997753933842782
Uttar Pradesh,Lalitpur,2025-04-01,0.13408836274518238,0.13408836274518238,0.13408836274518238
Uttar Pradesh,Lalitpur,2025-05-01,0.6601665699958897,0.6601665699958897,0.6601665699958897
Uttar Pradesh,Lalitpur,2025-06-01,-0.28565219081802107,-0.28565219081802107,-0.28565219081802107
Uttar Pradesh,Lalitpur,2025-07-01,0.44704713225985104,0.44704713225985104,0.44704713225985104
Uttar Pradesh,Lalitpur,2025-09-01,0.8369498161165335,0.8369498161165335,0.8369498161165335
Uttar Pradesh,Lalitpur,2025-10-01,-0.3822953110340137,-0.3822953110340137,-0.3822953110340137
Uttar Pradesh,Lalitpur,2025-11-01,0.4220703877089438,0.4220703877089438,0.4220703877089438
Uttar Pradesh,Lalitpur,2025-12-01,-0.16642003639684524,-0.16642003639684524,-0.16642003639684524
Uttar Pradesh,Lucknow,2025-03-01,0.1915325752516968,0.1915325752516968,0.1915325752516968
Uttar Pradesh,Lucknow,2025-04-01,0.9195668333151327,0.9195668333151327,0.9195668333151327
Uttar Pradesh,Lucknow,2025-05-01,-0.12356506544743309,-0.12356506544743309,-0.12356506544743309
Uttar Pradesh,Lucknow,2025-06-01,-0.28801152142903075,-0.28801152142903075,-0.28801152142903075
Uttar Pradesh,Lucknow,2025-07-01,0.9841837436168815,0.9841837436168815,0.9841837436168815
Uttar Pradesh,Lucknow,2025-09-01,0.7050447287556892,0.7050447287556892,0.7050447287556892
Uttar Pradesh,Lucknow,2025-10-01,-0.09208417798920555,-0.09208417798920555,-0.09208417798920555
Uttar Pradesh,Lucknow,2025-11-01,0.21784251535928917,0.21784251535928917,0.21784251535928917
Uttar Pradesh,Lucknow,2025-12-01,0.086194750184169,0.086194750184169,0.086194750184169
Uttar Pradesh,Maharajganj,2025-03-01,0.14508619250456334,0.14508619250456334,0.14508619250456334
Uttar Pradesh,Maharajganj,2025-04-01,0.7642289093060335,0.7642289093060335,0.7642289093060335
Uttar Pradesh,Maharajganj,2025-05-01,-0.23216113951365713,-0.23216113951365713,-0.23216113951365713
Uttar Pradesh,Maharajganj,2025-06-01,-0.38883863177308,-0.38883863177308,-0.38883863177308
Uttar Pradesh,Maharajganj,2025-07-01,0.8178260176124188,0.8178260176124188,0.8178260176124188
Uttar Pradesh,Maharajganj,2025-09-01,0.039316987167832024,0.039316987167832024,0.039316987167832024
Uttar Pradesh,Maharajganj,2025-10-01,-0.239628915163448,-0.239628915163448,-0.239628915163448
Uttar Pradesh,Maharajganj,2025-11-01,0.22010862840046028,0.22010862840046028,0.22010862840046028
Uttar Pradesh,Maharajganj,2025-12-01,-0.03120175754866887,-0.03120175754866887,-0.03120175754866887
Uttar Pradesh,Mahoba,2025-03-01,0.2628741186189971,0.2628741186189971,0.2628741186189971
Uttar Pradesh,Mahoba,2025-04-01,-0.04724172292141371,-0.04724172292141371,-0.04724172292141371
Uttar Pradesh,Mahoba,2025-05-01,-0.11834052995364014,-0.11834052995364014,-0.11834052995364014
Uttar Pradesh,Mahoba,2025-06-01,-0.07087217993853648,-0.07087217993853648,-0.07087217993853648
Uttar Pradesh,Mahoba,2025-07-01,0.12094611596549544,0.12094611596549544,0.12094611596549544
Uttar Pradesh,Mahoba,2025-09-01,0.7749308689186217,0.7749308689186217,0.7749308689186217
Uttar Pradesh,Mahoba,2025-10-01,-0.42263765126285124,-0.42263765126285124,-0.42263765126285124
Uttar Pradesh,Mahoba,2025-11-01,0.1388741861860492,0.1388741861860492,0.1388741861860492
Uttar Pradesh,Mahoba,2025-12-01,-0.1390109294186321,-0.1390109294186321,-0.1390109294186321
Uttar Pradesh,Mahoba *,2025-09-01,-1.3533429602460259,-1.3533429602460259,-1.3533429602460259
Uttar Pradesh,Mahrajganj,2025-09-01,-1.0452179624837452,-1.0452179624837452,-1.0452179624837452
Uttar Pradesh,Mahrajganj,2025-10-01,-1.0477045816155925,-1.0477045816155925,-1.0477045816155925
Uttar Pradesh,Mahrajganj,2025-11-01,-0.9672365441531252,-0.9672365441531252,-0.9672365441531252
Uttar Pradesh,Mahrajganj,2025-12-01,-1.3017707769101918,-1.3017707769101918,-1.3017707769101918
Uttar Pradesh,Mainpuri,2025-03-01,0.7581271134927401,0.7581271134927401,0.7581271134927401
Uttar Pradesh,Mainpuri,2025-04-01,0.6846161537255309,0.6846161537255309,0.6846161537255309
Uttar Pradesh,Mainpuri,2025-05-01,-0.23897499822641527,-0.23897499822641527,-0.23897499822641527
Uttar Pradesh,Mainpuri,2025-06-01,0.6661679035505539,0.6661679035505539,0.6661679035505539
Uttar Pradesh,Mainpuri,2025-07-01,0.7634508214795548,0.7634508214795548,0.7634508214795548
Uttar Pradesh,Mainpuri,2025-09-01,0.16551816763961616,0.16551816763961616,0.16551816763961616
Uttar Pradesh,Mainpuri,2025-10-01,-0.3128021674930996,-0.3128021674930996,-0.3128021674930996
Uttar Pradesh,Mainpuri,2025-11-01,0.16091200884351745,0.16091200884351745,0.16091200884351745
Uttar Pradesh,Mainpuri,2025-12-01,-0.07151689022002093,-0.07151689022002093,-0.07151689022002093
Uttar Pradesh,Mathura,2025-03-01,0.15700091101933406,0.15700091101933406,0.15700091101933406
Uttar Pradesh,Mathura,2025-04-01,0.0244976449818637,0.0244976449818637,0.0244976449818637
Uttar Pradesh,Mathura,2025-05-01,0.38130600336829706,0.38130600336829706,0.38130600336829706
Uttar Pradesh,Mathura,2025-06-01,0.8021087217996634,0.8021087217996634,0.8021087217996634
Uttar Pradesh,Mathura,2025-07-01,-0.30867753964207084,-0.30867753964207084,-0.30867753964207084
Uttar Pradesh,Mathura,2025-09-01,0.8954040158159383,0.8954040158159383,0.8954040158159383
Uttar Pradesh,Mathura,2025-10-01,-0.21619549641527774,-0.21619549641527774,-0.21619549641527774
Uttar Pradesh,Mathura,2025-11-01,0.2697458275994126,0.2697458275994126,0.2697458275994126
Uttar Pradesh,Mathura,2025-12-01,-0.030610020381636238,-0.030610020381636238,-0.030610020381636238
Uttar Pradesh,Mau,2025-03-01,0.9327324498777096,0.9327324498777096,0.9327324498777096
Uttar Pradesh,Mau,2025-04-01,0.21838571064506185,0.21838571064506185,0.21838571064506185
Uttar Pradesh,Mau,2025-05-01,0.13418732010900536,0.13418732010900536,0.13418732010900536
Uttar Pradesh,Mau,2025-06-01,0.0921961382896239,0.0921961382896239,0.0921961382896239
Uttar Pradesh,Mau,2025-07-01,0.334856701232185,0.334856701232185,0.334856701232185
Uttar Pradesh,Mau,2025-09-01,0.8827288948126347,0.8827288948126347,0.8827288948126347
Uttar Pradesh,Mau,2025-10-01,-0.2264111036794198,-0.2264111036794198,-0.2264111036794198
Uttar Pradesh,Mau,2025-11-01,0.11430573418761159,0.11430573418761159,0.11430573418761159
Uttar Pradesh,Mau,2025-12-01,-0.09902029635918229,-0.09902029635918229,-0.09902029635918229
Uttar Pradesh,Meerut,2025-03-01,1.6187150256106084,1.5215921240739718,1.4770774608696802
Uttar Pradesh,Meerut,2025-04-01,0.8713667283036701,0.8713667283036701,0.8713667283036701
Uttar Pradesh,Meerut,2025-05-01,0.22019180417037654,0.22019180417037654,0.22019180417037654
Uttar Pradesh,Meerut,2025-06-01,-0.3804605506288021,-0.3804605506288021,-0.3804605506288021
Uttar Pradesh,Meerut,2025-07-01,0.9151860474442848,0.9151860474442848,0.9151860474442848
Uttar Pradesh,Meerut,2025-09-01,0.18681273633333711,0.18681273633333711,0.18681273633333711
Uttar Pradesh,Meerut,2025-10-01,-0.10792028601668988,-0.10792028601668988,-0.10792028601668988
Uttar Pradesh,Meerut,2025-11-01,0.265640991615637,0.265640991615637,0.265640991615637
Uttar Pradesh,Meerut,2025-12-01,-0.03115857861048571,-0.03115857861048571,-0.03115857861048571
Uttar Pradesh,Mirzapur,2025-03-01,0.9662546757795099,0.9662546757795099,0.9662546757795099
Uttar Pradesh,Mirzapur,2025-04-01,0.42817123851271277,0.42817123851271277,0.42817123851271277
Uttar Pradesh,Mirzapur,2025-05-01,0.2973920475114705,0.2973920475114705,0.2973920475114705
Uttar Pradesh,Mirzapur,2025-06-01,0.3736877081877136,0.3736877081877136,0.3736877081877136
Uttar Pradesh,Mirzapur,2025-07-01,0.4912009308567695,0.4912009308567695,0.4912009308567695
Uttar Pradesh,Mirzapur,2025-09-01,0.8920964089692577,0.8920964089692577,0.8920964089692577
Uttar Pradesh,Mirzapur,2025-10-01,-0.24954843335498486,-0.24954843335498486,-0.24954843335498486
Uttar Pradesh,Mirzapur,2025-11-01,0.23830004278663128,0.23830004278663128,0.23830004278663128
Uttar Pradesh,Mirzapur,2025-12-01,-0.09122728038277403,-0.09122728038277403,-0.09122728038277403
Uttar Pradesh,Moradabad,2025-03-01,1.329805309695204,1.2500169911134917,1.2134473450968737
Uttar Pradesh,Moradabad,2025-04-01,0.8641890461704476,0.8641890461704476,0.8641890461704476
Uttar Pradesh,Moradabad,2025-05-01,0.16014652205282554,0.16014652205282554,0.16014652205282554
Uttar Pradesh,Moradabad,2025-06-01,-0.01988504802681646,-0.01988504802681646,-0.01988504802681646
Uttar Pradesh,Moradabad,2025-07-01,0.6012397879579973,0.6012397879579973,0.6012397879579973
Uttar Pradesh,Moradabad,2025-09-01,0.04074671246937363,0.04074671246937363,0.04074671246937363
Uttar Pradesh,Moradabad,2025-10-01,-0.1323156637451155,-0.1323156637451155,-0.1323156637451155
Uttar Pradesh,Moradabad,2025-11-01,0.3750666384540291,0.3750666384540291,0.3750666384540291
Uttar Pradesh,Moradabad,2025-12-01,-0.06512851983329754,-0.06512851983329754,-0.06512851983329754
Uttar Pradesh,Muzaffarnagar,2025-03-01,1.432438485945429,1.3464921767887033,1.307100118425204
Uttar Pradesh,Muzaffarnagar,2025-04-01,0.8813048045217209,0.8813048045217209,0.8813048045217209
Uttar Pradesh,Muzaffarnagar,2025-05-01,0.2633852798939405,0.2633852798939405,0.2633852798939405
Uttar Pradesh,Muzaffarnagar,2025-06-01,0.6052153788874878,0.6052153788874878,0.6052153788874878
Uttar Pradesh,Muzaffarnagar,2025-07-01,0.9288743714060995,0.9288743714060995,0.9288743714060995
Uttar Pradesh,Muzaffarnagar,2025-09-01,0.42513087210438794,0.42513087210438794,0.42513087210438794
Uttar Pradesh,Muzaffarnagar,2025-10-01,-0.10355589977164768,-0.10355589977164768,-0.10355589977164768
Uttar Pradesh,Muzaffarnagar,2025-11-01,0.266666526374575,0.266666526374575,0.266666526374575
Uttar Pradesh,Muzaffarnagar,2025-12-01,-0.07727451421392124,-0.07727451421392124,-0.07727451421392124
Uttar Pradesh,Pilibhit,2025-03-01,1.3527899041518459,1.271622509902735,1.2344207875385593
Uttar Pradesh,Pilibhit,2025-04-01,0.9013948541393454,0.9013948541393454,0.9013948541393454
Uttar Pradesh,Pilibhit,2025-05-01,0.6032274707519264,0.6032274707519264,0.6032274707519264
Uttar Pradesh,Pilibhit,2025-06-01,-0.14694691128904933,-0.14694691128904933,-0.14694691128904933
Uttar Pradesh,Pilibhit,2025-07-01,0.36622442439665825,0.36622442439665825,0.36622442439665825
Uttar Pradesh,Pilibhit,2025-09-01,0.007645370979212113,0.007645370979212113,0.007645370979212113
Uttar Pradesh,Pilibhit,2025-10-01,-0.22536127357110095,-0.22536127357110095,-0.22536127357110095
Uttar Pradesh,Pilibhit,2025-11-01,0.2702422743771895,0.2702422743771895,0.2702422743771895
Uttar Pradesh,Pilibhit,2025-12-01,-0.05206392055969328,-0.05206392055969328,-0.05206392055969328
Uttar Pradesh,Pratapgarh,2025-03-01,1.2948522547291144,1.2171611194453675,1.1815526824403169
Uttar Pradesh,Pratapgarh,2025-04-01,0.5926929271912089,0.5926929271912089,0.5926929271912089
Uttar Pradesh,Pratapgarh,2025-05-01,0.43061068538061537,0.43061068538061537,0.43061068538061537
Uttar Pradesh,Pratapgarh,2025-06-01,0.27006868942111584,0.27006868942111584,0.27006868942111584
Uttar Pradesh,Pratapgarh,2025-07-01,0.5994263388798586,0.5994263388798586,0.5994263388798586
Uttar Pradesh,Pratapgarh,2025-09-01,0.9335109588336821,0.9335109588336821,0.9335109588336821
Uttar Pradesh,Pratapgarh,2025-10-01,-0.1683237624533348,-0.1683237624533348,-0.1683237624533348
Uttar Pradesh,Pratapgarh,2025-11-01,0.0754115223095753,0.0754115223095753,0.0754115223095753
Uttar Pradesh,Pratapgarh,2025-12-01,-0.02751120624506843,-0.02751120624506843,-0.02751120624506843
Uttar Pradesh,Prayagraj,2025-03-01,0.16283807830421687,0.16283807830421687,0.16283807830421687
Uttar Pradesh,Prayagraj,2025-04-01,-0.19198006221770175,-0.19198006221770175,-0.19198006221770175
Uttar Pradesh,Prayagraj,2025-05-01,0.5361635059982967,0.5361635059982967,0.5361635059982967
Uttar Pradesh,Prayagraj,2025-06-01,-0.6483119023818302,-0.6483119023818302,-0.6483119023818302
Uttar Pradesh,Prayagraj,2025-07-01,0.6416653941194129,0.6416653941194129,0.6416653941194129
Uttar Pradesh,Prayagraj,2025-09-01,-0.36608674192311824,-0.36608674192311824,-0.36608674192311824
Uttar Pradesh,Prayagraj,2025-10-01,-0.38164924544494694,-0.38164924544494694,-0.38164924544494694
Uttar Pradesh,Prayagraj,2025-11-01,-0.11908341998991502,-0.11908341998991502,-0.11908341998991502
Uttar Pradesh,Prayagraj,2025-12-01,-0.2498335342088099,-0.2498335342088099,-0.2498335342088099
Uttar Pradesh,Rae Bareli,2025-03-01,1.3094814767923344,1.2309125881847942,1.194901847573005
Uttar Pradesh,Rae Bareli,2025-04-01,0.5243198771935345,0.5243198771935345,0.5243198771935345
Uttar Pradesh,Rae Bareli,2025-05-01,0.39321536954722786,0.39321536954722786,0.39321536954722786
Uttar Pradesh,Rae Bareli,2025-06-01,0.24487666341396236,0.24487666341396236,0.24487666341396236
Uttar Pradesh,Rae Bareli,2025-07-01,0.532265460149713,0.532265460149713,0.532265460149713
Uttar Pradesh,Rae Bareli,2025-09-01,0.9282967647348677,0.9282967647348677,0.9282967647348677
Uttar Pradesh,Rae Bareli,2025-10-01,-0.12585806952118114,-0.12585806952118114,-0.12585806952118114
Uttar Pradesh,Rae Bareli,2025-11-01,0.10309940231390816,0.10309940231390816,0.10309940231390816
Uttar Pradesh,Rae Bareli,2025-12-01,0.019266305198023925,0.019266305198023925,0.019266305198023925
Uttar Pradesh,Raebareli,2025-09-01,-1.1905353991781036,-1.1905353991781036,-1.1905353991781036
Uttar Pradesh,Raebareli,2025-10-01,-1.6315351118304493,-1.6315351118304493,-1.6315351118304493
Uttar Pradesh,Raebareli,2025-11-01,-1.190451227824868,-1.190451227824868,-1.190451227824868
Uttar Pradesh,Raebareli,2025-12-01,-0.2867715912893215,-0.2867715912893215,-0.2867715912893215
Uttar Pradesh,Rampur,2025-03-01,1.1160578385891577,1.0490943682738083,1.0184027777126063
Uttar Pradesh,Rampur,2025-04-01,0.8857017762358628,0.8857017762358628,0.8857017762358628
Uttar Pradesh,Rampur,2025-05-01,0.22080437981423043,0.22080437981423043,0.22080437981423043
Uttar Pradesh,Rampur,2025-06-01,-0.028082252516700597,-0.028082252516700597,-0.028082252516700597
Uttar Pradesh,Rampur,2025-07-01,0.9477358118510577,0.9477358118510577,0.9477358118510577
Uttar Pradesh,Rampur,2025-09-01,-0.1474017992482231,-0.1474017992482231,-0.1474017992482231
Uttar Pradesh,Rampur,2025-10-01,-0.15871354167046584,-0.15871354167046584,-0.15871354167046584
Uttar Pradesh,Rampur,2025-11-01,0.2571371177565233,0.2571371177565233,0.2571371177565233
Uttar Pradesh,Rampur,2025-12-01,-0.04649444507716622,-0.04649444507716622,-0.04649444507716622
Uttar Pradesh,Saharanpur,2025-03-01,0.1581756850188365,0.1581756850188365,0.1581756850188365
Uttar Pradesh,Saharanpur,2025-04-01,0.9323907968153432,0.9323907968153432,0.9323907968153432
Uttar Pradesh,Saharanpur,2025-05-01,0.6412224175730833,0.6412224175730833,0.6412224175730833
Uttar Pradesh,Saharanpur,2025-06-01,0.8543288625912778,0.8543288625912778,0.8543288625912778
Uttar Pradesh,Saharanpur,2025-07-01,0.48140152564419164,0.48140152564419164,0.48140152564419164
Uttar Pradesh,Saharanpur,2025-09-01,0.2525765493947161,0.2525765493947161,0.2525765493947161
Uttar Pradesh,Saharanpur,2025-10-01,-0.09500462328383896,-0.09500462328383896,-0.09500462328383896
Uttar Pradesh,Saharanpur,2025-11-01,0.30716160784357244,0.30716160784357244,0.30716160784357244
Uttar Pradesh,Saharanpur,2025-12-01,0.04101408779196347,0.04101408779196347,0.04101408779196347
Uttar Pradesh,Sambhal,2025-03-01,1.0948908704519118,1.0948908704519118,1.0948908704519118
Uttar Pradesh,Sambhal,2025-04-01,0.40848525336004093,0.40848525336004093,0.40848525336004093
Uttar Pradesh,Sambhal,2025-05-01,0.27395440865036486,0.27395440865036486,0.27395440865036486
Uttar Pradesh,Sambhal,2025-06-01,0.16541909196168736,0.16541909196168736,0.16541909196168736
Uttar Pradesh,Sambhal,2025-07-01,0.7762716208972297,0.7762716208972297,0.7762716208972297
Uttar Pradesh,Sambhal,2025-09-01,0.8948389144363542,0.8948389144363542,0.8948389144363542
Uttar Pradesh,Sambhal,2025-10-01,-0.26717908036647264,-0.26717908036647264,-0.26717908036647264
Uttar Pradesh,Sambhal,2025-11-01,0.28891997889677595,0.28891997889677595,0.28891997889677595
Uttar Pradesh,Sambhal,2025-12-01,0.041570125346775386,0.041570125346775386,0.041570125346775386
Uttar Pradesh,Sant Kabir Nagar,2025-03-01,1.047557932186022,1.047557932186022,1.047557932186022
Uttar Pradesh,Sant Kabir Nagar,2025-04-01,0.37085945102347645,0.37085945102347645,0.37085945102347645
Uttar Pradesh,Sant Kabir Nagar,2025-05-01,0.13121470811036834,0.13121470811036834,0.13121470811036834
Uttar Pradesh,Sant Kabir Nagar,2025-06-01,0.012021882930153036,0.012021882930153036,0.012021882930153036
Uttar Pradesh,Sant Kabir Nagar,2025-07-01,0.3579326090573831,0.3579326090573831,0.3579326090573831
Uttar Pradesh,Sant Kabir Nagar,2025-09-01,0.8608941627058232,0.8608941627058232,0.8608941627058232
Uttar Pradesh,Sant Kabir Nagar,2025-10-01,-0.17628055158868572,-0.17628055158868572,-0.17628055158868572
Uttar Pradesh,Sant Kabir Nagar,2025-11-01,0.12600576987928758,0.12600576987928758,0.12600576987928758
Uttar Pradesh,Sant Kabir Nagar,2025-12-01,-0.07342788701549735,-0.07342788701549735,-0.07342788701549735
Uttar Pradesh,Sant Ravidas Nagar,2025-03-01,0.5140192503740282,0.5140192503740282,0.5140192503740282
Uttar Pradesh,Sant Ravidas Nagar,2025-04-01,0.1540000152899021,0.1540000152899021,0.1540000152899021
Uttar Pradesh,Sant Ravidas Nagar,2025-05-01,0.07461377864927976,0.07461377864927976,0.07461377864927976
Uttar Pradesh,Sant Ravidas Nagar,2025-06-01,0.00495918493063633,0.00495918493063633,0.00495918493063633
Uttar Pradesh,Sant Ravidas Nagar,2025-07-01,0.18315691417460545,0.18315691417460545,0.18315691417460545
Uttar Pradesh,Sant Ravidas Nagar,2025-09-01,0.8428102026944457,0.8428102026944457,0.8428102026944457
Uttar Pradesh,Sant Ravidas Nagar,2025-10-01,-0.2714784766639356,-0.2714784766639356,-0.2714784766639356
Uttar Pradesh,Sant Ravidas Nagar,2025-11-01,0.05774959427842623,0.05774959427842623,0.05774959427842623
Uttar Pradesh,Sant Ravidas Nagar,2025-12-01,-0.13187216642609514,-0.13187216642609514,-0.13187216642609514
Uttar Pradesh,Sant Ravidas Nagar Bhadohi,2025-09-01,-0.7636189358462951,-0.7636189358462951,-0.7636189358462951
Uttar Pradesh,Sant Ravidas Nagar Bhadohi,2025-10-01,-0.9684915906916168,-0.9684915906916168,-0.9684915906916168
Uttar Pradesh,Sant Ravidas Nagar Bhadohi,2025-11-01,-0.9017957549311874,-0.9017957549311874,-0.9017957549311874
Uttar Pradesh,Sant Ravidas Nagar Bhadohi,2025-12-01,-0.7898335621282936,-0.7898335621282936,-0.7898335621282936
Uttar Pradesh,Shahjahanpur,2025-03-01,1.3781969890742012,1.295505169729749,1.2576047525302085
Uttar Pradesh,Shahjahanpur,2025-04-01,0.8202929382323215,0.8202929382323215,0.8202929382323215
Uttar Pradesh,Shahjahanpur,2025-05-01,-0.026824756732896762,-0.026824756732896762,-0.026824756732896762
Uttar Pradesh,Shahjahanpur,2025-06-01,-0.021956084883985327,-0.021956084883985327,-0.021956084883985327
Uttar Pradesh,Shahjahanpur,2025-07-01,0.9230399083770748,0.9230399083770748,0.9230399083770748
Uttar Pradesh,Shahjahanpur,2025-09-01,-0.08670491887197214,-0.08670491887197214,-0.08670491887197214
Uttar Pradesh,Shahjahanpur,2025-10-01,-0.1839863598115603,-0.1839863598115603,-0.1839863598115603
Uttar Pradesh,Shahjahanpur,2025-11-01,0.3077042377214905,0.3077042377214905,0.3077042377214905
Uttar Pradesh,Shahjahanpur,2025-12-01,-0.050239652241842556,-0.050239652241842556,-0.050239652241842556
Uttar Pradesh,Shamli,2025-03-01,0.7188567349095847,0.7188567349095847,0.7188567349095847
Uttar Pradesh,Shamli,2025-04-01,0.848025451170854,0.848025451170854,0.848025451170854
Uttar Pradesh,Shamli,2025-05-01,0.07642953878213116,0.07642953878213116,0.07642953878213116
Uttar Pradesh,Shamli,2025-06-01,0.1570590852974016,0.1570590852974016,0.1570590852974016
Uttar Pradesh,Shamli,2025-07-01,0.4922573328112082,0.4922573328112082,0.4922573328112082
Uttar Pradesh,Shamli,2025-09-01,0.8168916320348575,0.8168916320348575,0.8168916320348575
Uttar Pradesh,Shamli,2025-10-01,-0.19117647746170688,-0.19117647746170688,-0.19117647746170688
Uttar Pradesh,Shamli,2025-11-01,0.3060034434868622,0.3060034434868622,0.3060034434868622
Uttar Pradesh,Shamli,2025-12-01,-0.11029179703376078,-0.11029179703376078,-0.11029179703376078
Uttar Pradesh,Shravasti,2025-06-01,-1.4561401482841658,-1.4561401482841658,-1.4561401482841658
Uttar Pradesh,Shravasti,2025-07-01,-1.1664476780058448,-1.1664476780058448,-1.1664476780058448
Uttar Pradesh,Shrawasti,2025-03-01,0.8318897439997694,0.8318897439997694,0.8318897439997694
Uttar Pradesh,Shrawasti,2025-04-01,0.6970895133628443,0.6970895133628443,0.6970895133628443
Uttar Pradesh,Shrawasti,2025-05-01,0.004699819973597953,0.004699819973597953,0.004699819973597953
Uttar Pradesh,Shrawasti,2025-06-01,-0.47404738487802156,-0.47404738487802156,-0.47404738487802156
Uttar Pradesh,Shrawasti,2025-07-01,0.13808906178997682,0.13808906178997682,0.13808906178997682
Uttar Pradesh,Shrawasti,2025-09-01,0.8082219660693571,0.8082219660693571,0.8082219660693571
Uttar Pradesh,Shrawasti,2025-10-01,-0.3441275957295112,-0.3441275957295112,-0.3441275957295112
Uttar Pradesh,Shrawasti,2025-11-01,0.07697032578425472,0.07697032578425472,0.07697032578425472
Uttar Pradesh,Shrawasti,2025-12-01,-0.08173959071980738,-0.08173959071980738,-0.08173959071980738
Uttar Pradesh,Siddharth Nagar,2025-06-01,-1.4561400709456853,-1.4561400709456853,-1.4561400709456853
Uttar Pradesh,Siddharth Nagar,2025-07-01,-0.6280694110511746,-0.6280694110511746,-0.6280694110511746
Uttar Pradesh,Siddharthnagar,2025-03-01,0.9649698312733768,0.9649698312733768,0.9649698312733768
Uttar Pradesh,Siddharthnagar,2025-04-01,0.7824613018676527,0.7824613018676527,0.7824613018676527
Uttar Pradesh,Siddharthnagar,2025-05-01,-0.13845019720035556,-0.13845019720035556,-0.13845019720035556
Uttar Pradesh,Siddharthnagar,2025-06-01,-0.29650080156759184,-0.29650080156759184,-0.29650080156759184
Uttar Pradesh,Siddharthnagar,2025-07-01,0.49798290636393117,0.49798290636393117,0.49798290636393117
Uttar Pradesh,Siddharthnagar,2025-09-01,0.8832617919101459,0.8832617919101459,0.8832617919101459
Uttar Pradesh,Siddharthnagar,2025-10-01,-0.2167212096476286,-0.2167212096476286,-0.2167212096476286
Uttar Pradesh,Siddharthnagar,2025-11-01,0.2785611124569225,0.2785611124569225,0.2785611124569225
Uttar Pradesh,Siddharthnagar,2025-12-01,-0.014045803088826997,-0.014045803088826997,-0.014045803088826997
Uttar Pradesh,Sitapur,2025-03-01,1.863876563207223,1.7520439694147896,1.700787363926591
Uttar Pradesh,Sitapur,2025-04-01,0.9471437044241121,0.9471437044241121,0.9471437044241121
Uttar Pradesh,Sitapur,2025-05-01,-0.1426295718661299,-0.1426295718661299,-0.1426295718661299
Uttar Pradesh,Sitapur,2025-06-01,0.293251636466672,0.293251636466672,0.293251636466672
Uttar Pradesh,Sitapur,2025-07-01,0.9309668830596158,0.9309668830596158,0.9309668830596158
Uttar Pradesh,Sitapur,2025-09-01,0.08476146983398716,0.08476146983398716,0.08476146983398716
Uttar Pradesh,Sitapur,2025-10-01,-0.1846719312441372,-0.1846719312441372,-0.1846719312441372
Uttar Pradesh,Sitapur,2025-11-01,0.34553409718974165,0.34553409718974165,0.34553409718974165
Uttar Pradesh,Sitapur,2025-12-01,0.09995474516777933,0.09995474516777933,0.09995474516777933
Uttar Pradesh,Sonbhadra,2025-03-01,1.2107976953467152,1.1381498336259122,1.1048528970038776
Uttar Pradesh,Sonbhadra,2025-04-01,0.43787377515570314,0.43787377515570314,0.43787377515570314
Uttar Pradesh,Sonbhadra,2025-05-01,0.16825698418158247,0.16825698418158247,0.16825698418158247
Uttar Pradesh,Sonbhadra,2025-06-01,0.22272667592586076,0.22272667592586076,0.22272667592586076
Uttar Pradesh,Sonbhadra,2025-07-01,0.4471703212766252,0.4471703212766252,0.4471703212766252
Uttar Pradesh,Sonbhadra,2025-09-01,0.8753556027248381,0.8753556027248381,0.8753556027248381
Uttar Pradesh,Sonbhadra,2025-10-01,-0.3476427158157744,-0.3476427158157744,-0.3476427158157744
Uttar Pradesh,Sonbhadra,2025-11-01,0.3078852999056883,0.3078852999056883,0.3078852999056883
Uttar Pradesh,Sonbhadra,2025-12-01,-0.10660592916545661,-0.10660592916545661,-0.10660592916545661
Uttar Pradesh,Sultanpur,2025-03-01,0.832109546007068,0.832109546007068,0.832109546007068
Uttar Pradesh,Sultanpur,2025-04-01,0.7583722297472866,0.7583722297472866,0.7583722297472866
Uttar Pradesh,Sultanpur,2025-05-01,-0.16328389581205174,-0.16328389581205174,-0.16328389581205174
Uttar Pradesh,Sultanpur,2025-06-01,-0.212155236652564,-0.212155236652564,-0.212155236652564
Uttar Pradesh,Sultanpur,2025-07-01,0.7894251085160714,0.7894251085160714,0.7894251085160714
Uttar Pradesh,Sultanpur,2025-09-01,0.900074380041315,0.900074380041315,0.900074380041315
Uttar Pradesh,Sultanpur,2025-10-01,-0.18301638143459323,-0.18301638143459323,-0.18301638143459323
Uttar Pradesh,Sultanpur,2025-11-01,0.08617064470562501,0.08617064470562501,0.08617064470562501
Uttar Pradesh,Sultanpur,2025-12-01,-0.0921687222966531,-0.0921687222966531,-0.0921687222966531
Uttar Pradesh,Unnao,2025-03-01,0.16259252101615213,0.16259252101615213,0.16259252101615213
Uttar Pradesh,Unnao,2025-04-01,0.8375179507610758,0.8375179507610758,0.8375179507610758
Uttar Pradesh,Unnao,2025-05-01,0.026373900513992257,0.026373900513992257,0.026373900513992257
Uttar Pradesh,Unnao,2025-06-01,-0.08354271731509526,-0.08354271731509526,-0.08354271731509526
Uttar Pradesh,Unnao,2025-07-01,0.5850396288382289,0.5850396288382289,0.5850396288382289
Uttar Pradesh,Unnao,2025-09-01,0.15265685759808018,0.15265685759808018,0.15265685759808018
Uttar Pradesh,Unnao,2025-10-01,-0.1954367011568112,-0.1954367011568112,-0.1954367011568112
Uttar Pradesh,Unnao,2025-11-01,0.42332012831518867,0.42332012831518867,0.42332012831518867
Uttar Pradesh,Unnao,2025-12-01,-0.06330518969163572,-0.06330518969163572,-0.06330518969163572
Uttar Pradesh,Varanasi,2025-03-01,1.3838623694809742,1.3008306273121157,1.2627744121513889
Uttar Pradesh,Varanasi,2025-04-01,0.8575488237262313,0.8575488237262313,0.8575488237262313
Uttar Pradesh,Varanasi,2025-05-01,0.05495285661977739,0.05495285661977739,0.05495285661977739
Uttar Pradesh,Varanasi,2025-06-01,-0.1645865650770431,-0.1645865650770431,-0.1645865650770431
Uttar Pradesh,Varanasi,2025-07-01,0.8891126730524668,0.8891126730524668,0.8891126730524668
Uttar Pradesh,Varanasi,2025-09-01,0.040574042571449934,0.040574042571449934,0.040574042571449934
Uttar Pradesh,Varanasi,2025-10-01,-0.15939722049804178,-0.15939722049804178,-0.15939722049804178
Uttar Pradesh,Varanasi,2025-11-01,0.2568991730107635,0.2568991730107635,0.2568991730107635
Uttar Pradesh,Varanasi,2025-12-01,0.03269289917111643,0.03269289917111643,0.03269289917111643
Uttarakhand,Almora,2025-03-01,0.04657599940437953,0.04657599940437953,0.04657599940437953
Uttarakhand,Almora,2025-04-01,-0.11904814034313671,-0.11904814034313671,-0.11904814034313671
Uttarakhand,Almora,2025-05-01,-0.2023952206213966,-0.2023952206213966,-0.2023952206213966
Uttarakhand,Almora,2025-06-01,-0.16822945815830964,-0.16822945815830964,-0.16822945815830964
Uttarakhand,Almora,2025-07-01,-0.14542020266904762,-0.14542020266904762,-0.14542020266904762
Uttarakhand,Almora,2025-09-01,0.6396001570586739,0.6396001570586739,0.6396001570586739
Uttarakhand,Almora,2025-10-01,-0.3682226069440615,-0.3682226069440615,-0.3682226069440615
Uttarakhand,Almora,2025-11-01,-0.008400018460371514,-0.008400018460371514,-0.008400018460371514
Uttarakhand,Almora,2025-12-01,-0.18382909840717288,-0.18382909840717288,-0.18382909840717288
Uttarakhand,Bageshwar,2025-03-01,-0.06958344075258605,-0.06958344075258605,-0.06958344075258605
Uttarakhand,Bageshwar,2025-04-01,-0.2090368139235042,-0.2090368139235042,-0.2090368139235042
Uttarakhand,Bageshwar,2025-05-01,-0.20561332479135574,-0.20561332479135574,-0.20561332479135574
Uttarakhand,Bageshwar,2025-06-01,-0.23162868955229754,-0.23162868955229754,-0.23162868955229754
Uttarakhand,Bageshwar,2025-07-01,-0.2084199242711005,-0.2084199242711005,-0.2084199242711005
Uttarakhand,Bageshwar,2025-09-01,0.5400918909417245,0.5400918909417245,0.5400918909417245
Uttarakhand,Bageshwar,2025-10-01,-0.5294039861919178,-0.5294039861919178,-0.5294039861919178
Uttarakhand,Bageshwar,2025-11-01,-0.017217729934424907,-0.017217729934424907,-0.017217729934424907
Uttarakhand,Bageshwar,2025-12-01,-0.4076341338431016,-0.4076341338431016,-0.4076341338431016
Uttarakhand,Chamoli,2025-03-01,0.0802497444091311,0.0802497444091311,0.0802497444091311
Uttarakhand,Chamoli,2025-04-01,-0.12863397709009677,-0.12863397709009677,-0.12863397709009677
Uttarakhand,Chamoli,2025-05-01,-0.23608541664818383,-0.23608541664818383,-0.23608541664818383
Uttarakhand,Chamoli,2025-06-01,-0.19164347239477797,-0.19164347239477797,-0.19164347239477797
Uttarakhand,Chamoli,2025-07-01,-0.14235468252155792,-0.14235468252155792,-0.14235468252155792
Uttarakhand,Chamoli,2025-09-01,0.6017454101278569,0.6017454101278569,0.6017454101278569
Uttarakhand,Chamoli,2025-10-01,-0.4676276386545984,-0.4676276386545984,-0.4676276386545984
Uttarakhand,Chamoli,2025-11-01,-0.1745452549660342,-0.1745452549660342,-0.1745452549660342
Uttarakhand,Chamoli,2025-12-01,-0.1135595585710868,-0.1135595585710868,-0.1135595585710868
Uttarakhand,Champawat,2025-03-01,-0.03256675272666121,-0.03256675272666121,-0.03256675272666121
Uttarakhand,Champawat,2025-04-01,-0.14442934497235035,-0.14442934497235035,-0.14442934497235035
Uttarakhand,Champawat,2025-05-01,-0.2109595730168633,-0.2109595730168633,-0.2109595730168633
Uttarakhand,Champawat,2025-06-01,-0.24745190107839032,-0.24745190107839032,-0.24745190107839032
Uttarakhand,Champawat,2025-07-01,-0.24244795607534214,-0.24244795607534214,-0.24244795607534214
Uttarakhand,Champawat,2025-09-01,0.5945979646017898,0.5945979646017898,0.5945979646017898
Uttarakhand,Champawat,2025-10-01,-0.43464313609414906,-0.43464313609414906,-0.43464313609414906
Uttarakhand,Champawat,2025-11-01,-0.19902524003560573,-0.19902524003560573,-0.19902524003560573
Uttarakhand,Champawat,2025-12-01,-0.2941880154665463,-0.2941880154665463,-0.2941880154665463
Uttarakhand,Dehradun,2025-03-01,0.06580384638224242,0.06580384638224242,0.06580384638224242
Uttarakhand,Dehradun,2025-04-01,0.8249016974417033,0.8249016974417033,0.8249016974417033
Uttarakhand,Dehradun,2025-05-01,-0.012339685995449174,-0.012339685995449174,-0.012339685995449174
Uttarakhand,Dehradun,2025-06-01,-0.2727762601066869,-0.2727762601066869,-0.2727762601066869
Uttarakhand,Dehradun,2025-07-01,0.8708562250598868,0.8708562250598868,0.8708562250598868
Uttarakhand,Dehradun,2025-09-01,0.1926351940927847,0.1926351940927847,0.1926351940927847
Uttarakhand,Dehradun,2025-10-01,-0.22244890873378842,-0.22244890873378842,-0.22244890873378842
Uttarakhand,Dehradun,2025-11-01,0.17613858541806166,0.17613858541806166,0.17613858541806166
Uttarakhand,Dehradun,2025-12-01,-0.03930772886901948,-0.03930772886901948,-0.03930772886901948
Uttarakhand,Garhwal,2025-09-01,-0.7011219634471118,-0.7011219634471118,-0.7011219634471118
Uttarakhand,Garhwal,2025-10-01,-0.6505307177989703,-0.6505307177989703,-0.6505307177989703
Uttarakhand,Garhwal,2025-11-01,-0.9457596754124462,-0.9457596754124462,-0.9457596754124462
Uttarakhand,Garhwal,2025-12-01,-0.8434266921749987,-0.8434266921749987,-0.8434266921749987
Uttarakhand,Hardwar,2025-09-01,-0.573383909888977,-0.573383909888977,-0.573383909888977
Uttarakhand,Hardwar,2025-10-01,-0.6696676836980309,-0.6696676836980309,-0.6696676836980309
Uttarakhand,Hardwar,2025-11-01,-0.5077357094792452,-0.5077357094792452,-0.5077357094792452
Uttarakhand,Hardwar,2025-12-01,-0.711425705122339,-0.711425705122339,-0.711425705122339
Uttarakhand,Haridwar,2025-03-01,0.057998211740064406,0.057998211740064406,0.057998211740064406
Uttarakhand,Haridwar,2025-04-01,-0.0928377860540515,-0.0928377860540515,-0.0928377860540515
Uttarakhand,Haridwar,2025-05-01,0.22953503848547374,0.22953503848547374,0.22953503848547374
Uttarakhand,Haridwar,2025-06-01,0.2837817059869683,0.2837817059869683,0.2837817059869683
Uttarakhand,Haridwar,2025-07-01,0.7910243834191119,0.7910243834191119,0.7910243834191119
Uttarakhand,Haridwar,2025-09-01,0.4906817378960192,0.4906817378960192,0.4906817378960192
Uttarakhand,Haridwar,2025-10-01,-0.17023404468395442,-0.17023404468395442,-0.17023404468395442
Uttarakhand,Haridwar,2025-11-01,0.1376919267892597,0.1376919267892597,0.1376919267892597
Uttarakhand,Haridwar,2025-12-01,0.08992895352602659,0.08992895352602659,0.08992895352602659
Uttarakhand,Nainital,2025-03-01,-0.06033609747770095,-0.06033609747770095,-0.06033609747770095
Uttarakhand,Nainital,2025-04-01,0.7928540228902485,0.7928540228902485,0.7928540228902485
Uttarakhand,Nainital,2025-05-01,-0.2516009250619916,-0.2516009250619916,-0.2516009250619916
Uttarakhand,Nainital,2025-06-01,0.0017469139741604772,0.0017469139741604772,0.0017469139741604772
Uttarakhand,Nainital,2025-07-01,0.37555369189147786,0.37555369189147786,0.37555369189147786
Uttarakhand,Nainital,2025-09-01,0.7512357948781102,0.7512357948781102,0.7512357948781102
Uttarakhand,Nainital,2025-10-01,-0.22746596506436262,-0.22746596506436262,-0.22746596506436262
Uttarakhand,Nainital,2025-11-01,0.021153909543331875,0.021153909543331875,0.021153909543331875
Uttarakhand,Nainital,2025-12-01,-0.1294116683474667,-0.1294116683474667,-0.1294116683474667
Uttarakhand,Pauri Garhwal,2025-03-01,-0.01061916187376373,-0.01061916187376373,-0.01061916187376373
Uttarakhand,Pauri Garhwal,2025-04-01,-0.05852141666258553,-0.05852141666258553,-0.05852141666258553
Uttarakhand,Pauri Garhwal,2025-05-01,-0.14012505476224207,-0.14012505476224207,-0.14012505476224207
Uttarakhand,Pauri Garhwal,2025-06-01,-0.13058958535765375,-0.13058958535765375,-0.13058958535765375
Uttarakhand,Pauri Garhwal,2025-07-01,0.07641526105351633,0.07641526105351633,0.07641526105351633
Uttarakhand,Pauri Garhwal,2025-09-01,0.6963812714054104,0.6963812714054104,0.6963812714054104
Uttarakhand,Pauri Garhwal,2025-10-01,-0.2578628857791649,-0.2578628857791649,-0.2578628857791649
Uttarakhand,Pauri Garhwal,2025-11-01,-0.11210697674231287,-0.11210697674231287,-0.11210697674231287
Uttarakhand,Pauri Garhwal,2025-12-01,-0.1289430976012221,-0.1289430976012221,-0.1289430976012221
Uttarakhand,Pithoragarh,2025-03-01,0.03879965919126696,0.03879965919126696,0.03879965919126696
Uttarakhand,Pithoragarh,2025-04-01,-0.13923633200524266,-0.13923633200524266,-0.13923633200524266
Uttarakhand,Pithoragarh,2025-05-01,-0.2062253952576581,-0.2062253952576581,-0.2062253952576581
Uttarakhand,Pithoragarh,2025-06-01,-0.18274872318131874,-0.18274872318131874,-0.18274872318131874
Uttarakhand,Pithoragarh,2025-07-01,-0.10881871950345869,-0.10881871950345869,-0.10881871950345869
Uttarakhand,Pithoragarh,2025-09-01,0.6218167641761574,0.6218167641761574,0.6218167641761574
Uttarakhand,Pithoragarh,2025-10-01,-0.4474755046218539,-0.4474755046218539,-0.4474755046218539
Uttarakhand,Pithoragarh,2025-11-01,-0.09477385420645187,-0.09477385420645187,-0.09477385420645187
Uttarakhand,Pithoragarh,2025-12-01,-0.13336117217358714,-0.13336117217358714,-0.13336117217358714
Uttarakhand,Rudraprayag,2025-03-01,-0.044178794836966184,-0.044178794836966184,-0.044178794836966184
Uttarakhand,Rudraprayag,2025-04-01,-0.22160727744565184,-0.22160727744565184,-0.22160727744565184
Uttarakhand,Rudraprayag,2025-05-01,-0.27908530649942853,-0.27908530649942853,-0.27908530649942853
Uttarakhand,Rudraprayag,2025-06-01,-0.21833129899667303,-0.21833129899667303,-0.21833129899667303
Uttarakhand,Rudraprayag,2025-07-01,-0.19425998018819324,-0.19425998018819324,-0.19425998018819324
Uttarakhand,Rudraprayag,2025-09-01,0.5537341253697821,0.5537341253697821,0.5537341253697821
Uttarakhand,Rudraprayag,2025-10-01,-0.4930542320380179,-0.4930542320380179,-0.4930542320380179
Uttarakhand,Rudraprayag,2025-11-01,-0.1059689714298881,-0.1059689714298881,-0.1059689714298881
Uttarakhand,Rudraprayag,2025-12-01,-0.24822266807597893,-0.24822266807597893,-0.24822266807597893
Uttarakhand,Tehri Garhwal,2025-03-01,0.21466553404834424,0.21466553404834424,0.21466553404834424
Uttarakhand,Tehri Garhwal,2025-04-01,0.005645669989546576,0.005645669989546576,0.005645669989546576
Uttarakhand,Tehri Garhwal,2025-05-01,-0.09385997286801182,-0.09385997286801182,-0.09385997286801182
Uttarakhand,Tehri Garhwal,2025-06-01,0.05516934252531053,0.05516934252531053,0.05516934252531053
Uttarakhand,Tehri Garhwal,2025-07-01,0.0036989319429929154,0.0036989319429929154,0.0036989319429929154
Uttarakhand,Tehri Garhwal,2025-09-01,0.7418854024808603,0.7418854024808603,0.7418854024808603
Uttarakhand,Tehri Garhwal,2025-10-01,-0.34851053723592446,-0.34851053723592446,-0.34851053723592446
Uttarakhand,Tehri Garhwal,2025-11-01,0.15585083446729106,0.15585083446729106,0.15585083446729106
Uttarakhand,Tehri Garhwal,2025-12-01,-0.08073073770172587,-0.08073073770172587,-0.08073073770172587
Uttarakhand,Udham Singh Nagar,2025-03-01,0.9400864484764495,0.9400864484764495,0.9400864484764495
Uttarakhand,Udham Singh Nagar,2025-04-01,0.7908571098555381,0.7908571098555381,0.7908571098555381
Uttarakhand,Udham Singh Nagar,2025-05-01,0.6887975264951798,0.6887975264951798,0.6887975264951798
Uttarakhand,Udham Singh Nagar,2025-06-01,0.6148927806276526,0.6148927806276526,0.6148927806276526
Uttarakhand,Udham Singh Nagar,2025-07-01,0.8871415295781456,0.8871415295781456,0.8871415295781456
Uttarakhand,Udham Singh Nagar,2025-09-01,0.8420386291678893,0.8420386291678893,0.8420386291678893
Uttarakhand,Udham Singh Nagar,2025-10-01,-0.21904597331746323,-0.21904597331746323,-0.21904597331746323
Uttarakhand,Udham Singh Nagar,2025-11-01,0.1834712346664833,0.1834712346664833,0.1834712346664833
Uttarakhand,Udham Singh Nagar,2025-12-01,0.09903537882599169,0.09903537882599169,0.09903537882599169
Uttarakhand,Uttarkashi,2025-03-01,-0.08850333874544947,-0.08850333874544947,-0.08850333874544947
Uttarakhand,Uttarkashi,2025-04-01,-0.09116587772644585,-0.09116587772644585,-0.09116587772644585
Uttarakhand,Uttarkashi,2025-05-01,-0.25313958801499076,-0.25313958801499076,-0.25313958801499076
Uttarakhand,Uttarkashi,2025-06-01,-0.2800748760376588,-0.2800748760376588,-0.2800748760376588
Uttarakhand,Uttarkashi,2025-07-01,-0.21978344574270126,-0.21978344574270126,-0.21978344574270126
Uttarakhand,Uttarkashi,2025-09-01,0.5612594843361804,0.5612594843361804,0.5612594843361804
Uttarakhand,Uttarkashi,2025-10-01,-0.37040451971996485,-0.37040451971996485,-0.37040451971996485
Uttarakhand,Uttarkashi,2025-11-01,0.052454410093982384,0.052454410093982384,0.052454410093982384
Uttarakhand,Uttarkashi,2025-12-01,-0.1876271144906596,-0.1876271144906596,-0.1876271144906596
Uttaranchal,Almora,2025-09-01,-1.3533429602460259,-1.3533429602460259,-1.3533429602460259
Uttaranchal,Garhwal,2025-12-01,-1.3533429602460259,-1.3533429602460259,-1.3533429602460259
Uttaranchal,Tehri Garhwal,2025-12-01,-1.2932484716713615,-1.2932484716713615,-1.2932484716713615
Uttaranchal,Udham Singh Nagar *,2025-12-01,-1.2505973909566597,-1.2505973909566597,-1.2505973909566597
WEST BENGAL,HOOGHLY,2025-09-01,-1.0877534221100378,-1.0877534221100378,-1.0877534221100378
WEST BENGAL,HOOGHLY,2025-10-01,-1.4787104390820756,-1.4787104390820756,-1.4787104390820756
WEST BENGAL,HOOGHLY,2025-11-01,-0.24789772252314757,-0.24789772252314757,-0.24789772252314757
WEST BENGAL,HOOGHLY,2025-12-01,-1.392619011390644,-1.392619011390644,-1.392619011390644
WEST BENGAL,HOWRAH,2025-09-01,-1.0544200764154465,-1.0544200764154465,-1.0544200764154465
WEST BENGAL,HOWRAH,2025-10-01,-1.1477586504053234,-1.1477586504053234,-1.1477586504053234
WEST BENGAL,HOWRAH,2025-11-01,-1.0273903674015368,-1.0273903674015368,-1.0273903674015368
WEST BENGAL,HOWRAH,2025-12-01,-1.2174691883950903,-1.2174691883950903,-1.2174691883950903
WEST BENGAL,hooghly,2025-09-01,-1.2932382938190763,-1.2932382938190763,-1.2932382938190763
WEST BENGAL,hooghly,2025-10-01,-1.2932484716713615,-1.2932484716713615,-1.2932484716713615
WEST BENGAL,hooghly,2025-11-01,-1.3533429602460259,-1.3533429602460259,-1.3533429602460259
WEST BENGAL,hooghly,2025-12-01,-1.3533531380983113,-1.3533531380983113,-1.3533531380983113
WESTBENGAL,HOOGHLY,2025-09-01,-1.064736116317284,-1.064736116317284,-1.064736116317284
WESTBENGAL,HOOGHLY,2025-10-01,-1.1005257695634543,-1.1005257695634543,-1.1005257695634543
WESTBENGAL,HOOGHLY,2025-11-01,-0.13935194507149518,-0.13935194507149518,-0.13935194507149518
WESTBENGAL,HOOGHLY,2025-12-01,-1.4185094602103518,-1.4185094602103518,-1.4185094602103518
West  Bengal,Hooghly,2025-09-01,-0.8919734384359418,-0.8919734384359418,-0.8919734384359418
West  Bengal,Hooghly,2025-10-01,-1.3756602885280234,-1.3756602885280234,-1.3756602885280234
West  Bengal,Hooghly,2025-11-01,-0.07744340047198263,-0.07744340047198263,-0.07744340047198263
West  Bengal,Hooghly,2025-12-01,-1.1858812383810657,-1.1858812383810657,-1.1858812383810657
West Bangal,Hooghly,2025-09-01,-0.97300546019026,-0.97300546019026,-0.97300546019026
West Bangal,Hooghly,2025-10-01,-0.5838685255450192,-0.5838685255450192,-0.5838685255450192
West Bangal,Hooghly,2025-11-01,-1.0952761856880329,-1.0952761856880329,-1.0952761856880329
West Bangal,Hooghly,2025-12-01,-0.5067187027441041,-0.5067187027441041,-0.5067187027441041
West Bangal,Howrah,2025-09-01,-1.0277145268230488,-1.0277145268230488,-1.0277145268230488
West Bangal,Howrah,2025-10-01,-1.3766863866697046,-1.3766863866697046,-1.3766863866697046
West Bangal,Howrah,2025-11-01,-1.3757009999371648,-1.3757009999371648,-1.3757009999371648
West Bangal,Howrah,2025-12-01,-1.035881482618147,-1.035881482618147,-1.035881482618147
West Bangal,South 24 Parganas,2025-09-01,-1.2932382938190763,-1.2932382938190763,-1.2932382938190763
West Bangal,South 24 Parganas,2025-11-01,-1.1477993618144646,-1.1477993618144646,-1.1477993618144646
West Bangal,South 24 Parganas,2025-12-01,-1.1904715835294384,-1.1904715835294384,-1.1904715835294384
West Bengal,24 Paraganas North,2025-06-01,-1.4561401541782926,-1.4561401541782926,-1.4561401541782926
West Bengal,24 Paraganas North,2025-07-01,-0.6280694140452321,-0.6280694140452321,-0.6280694140452321
West Bengal,24 Paraganas South,2025-07-01,-1.4561400972496423,-1.4561400972496423,-1.4561400972496423
West Bengal,Alipurduar,2025-03-01,-0.18615896525092587,-0.18615896525092587,-0.18615896525092587
West Bengal,Alipurduar,2025-04-01,0.36118760826385055,0.36118760826385055,0.36118760826385055
West Bengal,Alipurduar,2025-05-01,-0.2175622645584448,-0.2175622645584448,-0.2175622645584448
West Bengal,Alipurduar,2025-06-01,0.39455896177322936,0.39455896177322936,0.39455896177322936
West Bengal,Alipurduar,2025-07-01,0.2523949790724859,0.2523949790724859,0.2523949790724859
West Bengal,Alipurduar,2025-09-01,-0.5615203579083081,-0.5615203579083081,-0.5615203579083081
West Bengal,Alipurduar,2025-10-01,-0.5420120356207104,-0.5420120356207104,-0.5420120356207104
West Bengal,Alipurduar,2025-11-01,-0.20038892689166557,-0.20038892689166557,-0.20038892689166557
West Bengal,Alipurduar,2025-12-01,-0.16935160164024612,-0.16935160164024612,-0.16935160164024612
West Bengal,Bally Jagachha,2025-09-01,-1.293228115966791,-1.293228115966791,-1.293228115966791
West Bengal,Bally Jagachha,2025-10-01,-1.3533429602460259,-1.3533429602460259,-1.3533429602460259
West Bengal,Bally Jagachha,2025-11-01,-1.3533429602460259,-1.3533429602460259,-1.3533429602460259
West Bengal,Bally Jagachha,2025-12-01,-1.2932382938190763,-1.2932382938190763,-1.2932382938190763
West Bengal,Bankura,2025-03-01,0.8815301945549232,0.8815301945549232,0.8815301945549232
West Bengal,Bankura,2025-04-01,0.1885104349060776,0.1885104349060776,0.1885104349060776
West Bengal,Bankura,2025-05-01,0.3169582423787825,0.3169582423787825,0.3169582423787825
West Bengal,Bankura,2025-06-01,0.3499413361800566,0.3499413361800566,0.3499413361800566
West Bengal,Bankura,2025-07-01,0.6115709638983373,0.6115709638983373,0.6115709638983373
West Bengal,Bankura,2025-09-01,0.9668105642953491,0.9668105642953491,0.9668105642953491
West Bengal,Bankura,2025-10-01,-0.10145056846492542,-0.10145056846492542,-0.10145056846492542
West Bengal,Bankura,2025-11-01,0.40304884907930316,0.40304884907930316,0.40304884907930316
West Bengal,Bankura,2025-12-01,-0.10841884394196413,-0.10841884394196413,-0.10841884394196413
West Bengal,Barddhaman,2025-03-01,1.1324673747354403,1.0645193322513138,1.0333764794460893
West Bengal,Barddhaman,2025-04-01,0.5342985955520367,0.5342985955520367,0.5342985955520367
West Bengal,Barddhaman,2025-05-01,0.6845518796209509,0.6845518796209509,0.6845518796209509
West Bengal,Barddhaman,2025-06-01,0.6418057293039808,0.6418057293039808,0.6418057293039808
West Bengal,Barddhaman,2025-07-01,1.0519040565718016,1.0519040565718016,1.0519040565718016
West Bengal,Barddhaman,2025-09-01,1.0147946570106834,1.0147946570106834,1.0147946570106834
West Bengal,Barddhaman,2025-10-01,-0.10532217869709788,-0.10532217869709788,-0.10532217869709788
West Bengal,Barddhaman,2025-11-01,0.2824158318264858,0.2824158318264858,0.2824158318264858
West Bengal,Barddhaman,2025-12-01,0.004527119799672907,0.004527119799672907,0.004527119799672907
West Bengal,Bardhaman,2025-03-01,-0.39203947454133714,-0.39203947454133714,-0.39203947454133714
West Bengal,Bardhaman,2025-04-01,-0.45141086046996465,-0.45141086046996465,-0.45141086046996465
West Bengal,Bardhaman,2025-05-01,-0.3545097862996435,-0.3545097862996435,-0.3545097862996435
West Bengal,Bardhaman,2025-06-01,-0.41053415696162315,-0.41053415696162315,-0.41053415696162315
West Bengal,Bardhaman,2025-07-01,-0.25924077703772336,-0.25924077703772336,-0.25924077703772336
West Bengal,Bardhaman,2025-09-01,0.7089438866990188,0.7089438866990188,0.7089438866990188
West Bengal,Bardhaman,2025-10-01,-0.39141333892936186,-0.39141333892936186,-0.39141333892936186
West Bengal,Bardhaman,2025-11-01,0.006007923824308235,0.006007923824308235,0.006007923824308235
West Bengal,Bardhaman,2025-12-01,-0.306483568394441,-0.306483568394441,-0.306483568394441
West Bengal,Birbhum,2025-03-01,0.9843595807592076,0.9843595807592076,0.9843595807592076
West Bengal,Birbhum,2025-04-01,0.24208626917386655,0.24208626917386655,0.24208626917386655
West Bengal,Birbhum,2025-05-01,0.8102886383068594,0.8102886383068594,0.8102886383068594
West Bengal,Birbhum,2025-06-01,-0.10369344100345508,-0.10369344100345508,-0.10369344100345508
West Bengal,Birbhum,2025-07-01,0.8442570593242441,0.8442570593242441,0.8442570593242441
West Bengal,Birbhum,2025-09-01,0.9708985694854396,0.9708985694854396,0.9708985694854396
West Bengal,Birbhum,2025-10-01,-0.035007214417823604,-0.035007214417823604,-0.035007214417823604
West Bengal,Birbhum,2025-11-01,0.18230718109649463,0.18230718109649463,0.18230718109649463
West Bengal,Birbhum,2025-12-01,-0.03612446002855846,-0.03612446002855846,-0.03612446002855846
West Bengal,Burdwan,2025-09-01,-1.2174691883950903,-1.2174691883950903,-1.2174691883950903
West Bengal,Burdwan,2025-10-01,-0.5253280329592762,-0.5253280329592762,-0.5253280329592762
West Bengal,Cooch Behar,2025-03-01,0.5134444938889775,0.5134444938889775,0.5134444938889775
West Bengal,Cooch Behar,2025-04-01,0.6408181538600242,0.6408181538600242,0.6408181538600242
West Bengal,Cooch Behar,2025-05-01,0.6551712866153432,0.6551712866153432,0.6551712866153432
West Bengal,Cooch Behar,2025-06-01,-0.2372486586229567,-0.2372486586229567,-0.2372486586229567
West Bengal,Cooch Behar,2025-07-01,0.12193199022031913,0.12193199022031913,0.12193199022031913
West Bengal,Cooch Behar,2025-09-01,0.9256467918762253,0.9256467918762253,0.9256467918762253
West Bengal,Cooch Behar,2025-10-01,-0.005686168131383784,-0.005686168131383784,-0.005686168131383784
West Bengal,Cooch Behar,2025-11-01,-0.04033137958779748,-0.04033137958779748,-0.04033137958779748
West Bengal,Cooch Behar,2025-12-01,-0.19788279955715798,-0.19788279955715798,-0.19788279955715798
West Bengal,Coochbehar,2025-03-01,-1.4561391754679545,-1.4561391754679545,-1.4561391754679545
West Bengal,Coochbehar,2025-06-01,-1.0007007803218941,-1.0007007803218941,-1.0007007803218941
West Bengal,Coochbehar,2025-07-01,-0.62806941200942,-0.62806941200942,-0.62806941200942
West Bengal,Dakshin Dinajpur,2025-03-01,0.3955530751709051,0.3955530751709051,0.3955530751709051
West Bengal,Dakshin Dinajpur,2025-04-01,0.09187781090029071,0.09187781090029071,0.09187781090029071
West Bengal,Dakshin Dinajpur,2025-05-01,0.6727009675001342,0.6727009675001342,0.6727009675001342
West Bengal,Dakshin Dinajpur,2025-06-01,-0.42090679797570846,-0.42090679797570846,-0.42090679797570846
West Bengal,Dakshin Dinajpur,2025-07-01,0.25449922727707447,0.25449922727707447,0.25449922727707447
West Bengal,Dakshin Dinajpur,2025-09-01,0.8876103631548667,0.8876103631548667,0.8876103631548667
West Bengal,Dakshin Dinajpur,2025-10-01,-0.26360199642154564,-0.26360199642154564,-0.26360199642154564
West Bengal,Dakshin Dinajpur,2025-11-01,-0.032298347823557366,-0.032298347823557366,-0.032298347823557366
West Bengal,Dakshin Dinajpur,2025-12-01,-0.13710714553374864,-0.13710714553374864,-0.13710714553374864
West Bengal,Darjeeling,2025-03-01,0.35170792814971447,0.35170792814971447,0.35170792814971447
West Bengal,Darjeeling,2025-04-01,0.6207734383298977,0.6207734383298977,0.6207734383298977
West Bengal,Darjeeling,2025-05-01,-0.236561838538968,-0.236561838538968,-0.236561838538968
West Bengal,Darjeeling,2025-06-01,-0.16337317340153046,-0.16337317340153046,-0.16337317340153046
West Bengal,Darjeeling,2025-07-01,0.3206854567016682,0.3206854567016682,0.3206854567016682
West Bengal,Darjeeling,2025-09-01,-0.07362883982031088,-0.07362883982031088,-0.07362883982031088
West Bengal,Darjeeling,2025-10-01,-0.34607527696850227,-0.34607527696850227,-0.34607527696850227
West Bengal,Darjeeling,2025-11-01,0.15101112560572766,0.15101112560572766,0.15101112560572766
West Bengal,Darjeeling,2025-12-01,-0.052190846994509946,-0.052190846994509946,-0.052190846994509946
West Bengal,Darjiling,2025-03-01,-0.6478774990323257,-0.6478774990323257,-0.6478774990323257
West Bengal,Darjiling,2025-04-01,-0.6326114385863482,-0.6326114385863482,-0.6326114385863482
West Bengal,Darjiling,2025-05-01,-0.6009884808186285,-0.6009884808186285,-0.6009884808186285
West Bengal,Darjiling,2025-06-01,-0.6146204156494426,-0.6146204156494426,-0.6146204156494426
West Bengal,Darjiling,2025-07-01,-0.5598159884557429,-0.5598159884557429,-0.5598159884557429
West Bengal,Darjiling,2025-09-01,0.5204154615136135,0.5204154615136135,0.5204154615136135
West Bengal,Darjiling,2025-10-01,-0.6423044334809267,-0.6423044334809267,-0.6423044334809267
West Bengal,Darjiling,2025-11-01,-0.25059431542133925,-0.25059431542133925,-0.25059431542133925
West Bengal,Darjiling,2025-12-01,-0.49387795223662134,-0.49387795223662134,-0.49387795223662134
West Bengal,Dinajpur Dakshin,2025-07-01,-1.4561401515275372,-1.4561401515275372,-1.4561401515275372
West Bengal,Dinajpur Uttar,2025-03-01,-1.4561394754834527,-1.4561394754834527,-1.4561394754834527
West Bengal,Dinajpur Uttar,2025-06-01,-0.6280694046655272,-0.6280694046655272,-0.6280694046655272
West Bengal,Dinajpur Uttar,2025-07-01,-0.6280694184642369,-0.6280694184642369,-0.6280694184642369
West Bengal,Domjur,2025-09-01,-1.3533429602460259,-1.3533429602460259,-1.3533429602460259
West Bengal,Domjur,2025-11-01,-1.2505872131043743,-1.2505872131043743,-1.2505872131043743
West Bengal,Domjur,2025-12-01,-1.3533429602460259,-1.3533429602460259,-1.3533429602460259
West Bengal,East Midnapore,2025-03-01,-0.22574681125013918,-0.22574681125013918,-0.22574681125013918
West Bengal,East Midnapore,2025-04-01,-0.2657804305757022,-0.2657804305757022,-0.2657804305757022
West Bengal,East Midnapore,2025-05-01,-0.18037304360245804,-0.18037304360245804,-0.18037304360245804
West Bengal,East Midnapore,2025-06-01,-0.17501952133229515,-0.17501952133229515,-0.17501952133229515
West Bengal,East Midnapore,2025-07-01,-0.08863589269006839,-0.08863589269006839,-0.08863589269006839
West Bengal,East Midnapore,2025-09-01,0.6956082430499136,0.6956082430499136,0.6956082430499136
West Bengal,East Midnapore,2025-10-01,-0.270005530770496,-0.270005530770496,-0.270005530770496
West Bengal,East Midnapore,2025-11-01,-0.004058190882893581,-0.004058190882893581,-0.004058190882893581
West Bengal,East Midnapore,2025-12-01,-0.355564458503239,-0.355564458503239,-0.355564458503239
West Bengal,East Midnapur,2025-09-01,-1.147889407389544,-1.147889407389544,-1.147889407389544
West Bengal,East Midnapur,2025-10-01,-1.5443091357190222,-1.5443091357190222,-1.5443091357190222
West Bengal,East Midnapur,2025-11-01,-1.1005054138588837,-1.1005054138588837,-1.1005054138588837
West Bengal,East Midnapur,2025-12-01,-1.1303042793973745,-1.1303042793973745,-1.1303042793973745
West Bengal,East midnapore,2025-09-01,-1.3533429602460259,-1.3533429602460259,-1.3533429602460259
West Bengal,East midnapore,2025-10-01,-1.2174997219519461,-1.2174997219519461,-1.2174997219519461
West Bengal,East midnapore,2025-11-01,-1.293228115966791,-1.293228115966791,-1.293228115966791
West Bengal,East midnapore,2025-12-01,-1.3533429602460259,-1.3533429602460259,-1.3533429602460259
West Bengal,HOOGHLY,2025-09-01,-1.1904715835294384,-1.1904715835294384,-1.1904715835294384
West Bengal,HOOGHLY,2025-10-01,-0.38950763197418226,-0.38950763197418226,-0.38950763197418226
West Bengal,HOOGHLY,2025-11-01,-1.0877534221100378,-1.0877534221100378,-1.0877534221100378
West Bengal,HOOGHLY,2025-12-01,-1.5443600249804486,-1.5443600249804486,-1.5443600249804486
West Bengal,HOWRAH,2025-09-01,-1.0649610967897134,-1.0649610967897134,-1.0649610967897134
West Bengal,HOWRAH,2025-10-01,-1.5443091357190222,-1.5443091357190222,-1.5443091357190222
West Bengal,HOWRAH,2025-11-01,-0.226584580700467,-0.226584580700467,-0.226584580700467
West Bengal,HOWRAH,2025-12-01,-1.5816329583387965,-1.5816329583387965,-1.5816329583387965
West Bengal,Haora,2025-03-01,-0.1783366034138399,-0.1783366034138399,-0.1783366034138399
West Bengal,Haora,2025-04-01,-0.1987764009815553,-0.1987764009815553,-0.1987764009815553
West Bengal,Haora,2025-05-01,-0.14662235449648328,-0.14662235449648328,-0.14662235449648328
West Bengal,Haora,2025-06-01,-0.17752498116306797,-0.17752498116306797,-0.17752498116306797
West Bengal,Haora,2025-07-01,-0.038265244830594194,-0.038265244830594194,-0.038265244830594194
West Bengal,Haora,2025-09-01,0.7593092881535607,0.7593092881535607,0.7593092881535607
West Bengal,Haora,2025-10-01,-0.2795982965164422,-0.2795982965164422,-0.2795982965164422
West Bengal,Haora,2025-11-01,0.03869043640969991,0.03869043640969991,0.03869043640969991
West Bengal,Haora,2025-12-01,-0.33167909557514963,-0.33167909557514963,-0.33167909557514963
West Bengal,Hawrah,2025-09-01,-1.1006627934173692,-1.1006627934173692,-1.1006627934173692
West Bengal,Hawrah,2025-10-01,-0.33968129917481105,-0.33968129917481105,-0.33968129917481105
West Bengal,Hawrah,2025-11-01,-1.4414054015754696,-1.4414054015754696,-1.4414054015754696
West Bengal,Hawrah,2025-12-01,-1.0757287105358033,-1.0757287105358033,-1.0757287105358033
West Bengal,Hooghiy,2025-09-01,-1.2506502434573386,-1.2506502434573386,-1.2506502434573386
West Bengal,Hooghiy,2025-10-01,-1.4685063555553763,-1.4685063555553763,-1.4685063555553763
West Bengal,Hooghiy,2025-11-01,-1.1477790061098938,-1.1477790061098938,-1.1477790061098938
West Bengal,Hooghiy,2025-12-01,-1.0449065908188981,-1.0449065908188981,-1.0449065908188981
West Bengal,Hooghly,2025-03-01,1.3449207034294162,1.2642254612236512,1.2272401418793422
West Bengal,Hooghly,2025-04-01,0.5187180408398081,0.5187180408398081,0.5187180408398081
West Bengal,Hooghly,2025-05-01,0.6501340363983005,0.6501340363983005,0.6501340363983005
West Bengal,Hooghly,2025-06-01,0.6472371438467497,0.6472371438467497,0.6472371438467497
West Bengal,Hooghly,2025-07-01,0.9105573728328393,0.9105573728328393,0.9105573728328393
West Bengal,Hooghly,2025-09-01,0.987579195667818,0.987579195667818,0.987579195667818
West Bengal,Hooghly,2025-10-01,-0.07646577058860304,-0.07646577058860304,-0.07646577058860304
West Bengal,Hooghly,2025-11-01,0.19339304132565793,0.19339304132565793,0.19339304132565793
West Bengal,Hooghly,2025-12-01,0.025752793971968856,0.025752793971968856,0.025752793971968856
West Bengal,Howrah,2025-03-01,0.9433767407299757,0.9433767407299757,0.9433767407299757
West Bengal,Howrah,2025-04-01,0.2752476358371382,0.2752476358371382,0.2752476358371382
West Bengal,Howrah,2025-05-01,0.33727098907376607,0.33727098907376607,0.33727098907376607
West Bengal,Howrah,2025-06-01,0.311463988035345,0.311463988035345,0.311463988035345
West Bengal,Howrah,2025-07-01,0.8383717662714041,0.8383717662714041,0.8383717662714041
West Bengal,Howrah,2025-09-01,0.9013544143368931,0.9013544143368931,0.9013544143368931
West Bengal,Howrah,2025-10-01,-0.14925593857633881,-0.14925593857633881,-0.14925593857633881
West Bengal,Howrah,2025-11-01,0.13723292619416314,0.13723292619416314,0.13723292619416314
West Bengal,Howrah,2025-12-01,-0.1413299786957366,-0.1413299786957366,-0.1413299786957366
West Bengal,Hugli,2025-09-01,-0.5681718212612014,-0.5681718212612014,-0.5681718212612014
West Bengal,Hugli,2025-10-01,-0.8553061750814853,-0.8553061750814853,-0.8553061750814853
West Bengal,Hugli,2025-11-01,-0.512355631378482,-0.512355631378482,-0.512355631378482
West Bengal,Hugli,2025-12-01,-0.510714590203307,-0.510714590203307,-0.510714590203307
West Bengal,Jalpaiguri,2025-03-01,0.7846506574420549,0.7846506574420549,0.7846506574420549
West Bengal,Jalpaiguri,2025-04-01,0.724637486643496,0.724637486643496,0.724637486643496
West Bengal,Jalpaiguri,2025-05-01,0.7294131168355658,0.7294131168355658,0.7294131168355658
West Bengal,Jalpaiguri,2025-06-01,-0.37842356969169944,-0.37842356969169944,-0.37842356969169944
West Bengal,Jalpaiguri,2025-07-01,0.3857832076632975,0.3857832076632975,0.3857832076632975
West Bengal,Jalpaiguri,2025-09-01,1.010868289273308,1.010868289273308,1.010868289273308
West Bengal,Jalpaiguri,2025-10-01,-0.11154421880414028,-0.11154421880414028,-0.11154421880414028
West Bengal,Jalpaiguri,2025-11-01,0.2728730834748757,0.2728730834748757,0.2728730834748757
West Bengal,Jalpaiguri,2025-12-01,0.02855736601041898,0.02855736601041898,0.02855736601041898
West Bengal,Jhargram,2025-03-01,-0.2400970020964124,-0.2400970020964124,-0.2400970020964124
West Bengal,Jhargram,2025-04-01,0.26543288880229826,0.26543288880229826,0.26543288880229826
West Bengal,Jhargram,2025-05-01,-0.9562604195071506,-0.9562604195071506,-0.9562604195071506
West Bengal,Jhargram,2025-06-01,-0.48582028954417134,-0.48582028954417134,-0.48582028954417134
West Bengal,Jhargram,2025-07-01,-0.5150222696704821,-0.5150222696704821,-0.5150222696704821
West Bengal,Jhargram,2025-09-01,0.5110487267955242,0.5110487267955242,0.5110487267955242
West Bengal,Jhargram,2025-10-01,-0.6513138206465703,-0.6513138206465703,-0.6513138206465703
West Bengal,Jhargram,2025-11-01,-0.218997395909558,-0.218997395909558,-0.218997395909558
West Bengal,Jhargram,2025-12-01,-0.4629035218807328,-0.4629035218807328,-0.4629035218807328
West Bengal,KOLKATA,2025-09-01,-1.1477891839621792,-1.1477891839621792,-1.1477891839621792
West Bengal,KOLKATA,2025-10-01,-0.422579463700332,-0.422579463700332,-0.422579463700332
West Bengal,KOLKATA,2025-11-01,-1.4897844561188773,-1.4897844561188773,-1.4897844561188773
West Bengal,KOLKATA,2025-12-01,-1.2505973909566597,-1.2505973909566597,-1.2505973909566597
West Bengal,Kalimpong,2025-03-01,-0.5593947717544517,-0.5593947717544517,-0.5593947717544517
West Bengal,Kalimpong,2025-04-01,-0.8718873389837183,-0.8718873389837183,-0.8718873389837183
West Bengal,Kalimpong,2025-05-01,-0.023819114910578174,-0.023819114910578174,-0.023819114910578174
West Bengal,Kalimpong,2025-06-01,-1.251869255560461,-1.251869255560461,-1.251869255560461
West Bengal,Kalimpong,2025-07-01,0.005676931688566658,0.005676931688566658,0.005676931688566658
West Bengal,Kalimpong,2025-09-01,-0.7507079499112367,-0.7507079499112367,-0.7507079499112367
West Bengal,Kalimpong,2025-10-01,-0.9088469768510771,-0.9088469768510771,-0.9088469768510771
West Bengal,Kalimpong,2025-11-01,-0.3262505715833494,-0.3262505715833494,-0.3262505715833494
West Bengal,Kalimpong,2025-12-01,0.10995193395773828,0.10995193395773828,0.10995193395773828
West Bengal,Koch Bihar,2025-03-01,-0.39551016553392987,-0.39551016553392987,-0.39551016553392987
West Bengal,Koch Bihar,2025-04-01,-0.38642900567906036,-0.38642900567906036,-0.38642900567906036
West Bengal,Koch Bihar,2025-05-01,-0.33202663927573234,-0.33202663927573234,-0.33202663927573234
West Bengal,Koch Bihar,2025-06-01,-0.3328290005698288,-0.3328290005698288,-0.3328290005698288
West Bengal,Koch Bihar,2025-07-01,-0.2608883772936751,-0.2608883772936751,-0.2608883772936751
West Bengal,Koch Bihar,2025-09-01,0.8396967758619633,0.8396967758619633,0.8396967758619633
West Bengal,Koch Bihar,2025-10-01,-0.09745093247110916,-0.09745093247110916,-0.09745093247110916
West Bengal,Koch Bihar,2025-11-01,-0.032844399217248424,-0.032844399217248424,-0.032844399217248424
West Bengal,Koch Bihar,2025-12-01,-0.37927781546334605,-0.37927781546334605,-0.37927781546334605
West Bengal,Kolkata,2025-03-01,0.8431856324436089,0.8431856324436089,0.8431856324436089
West Bengal,Kolkata,2025-04-01,0.7508600519196332,0.7508600519196332,0.7508600519196332
West Bengal,Kolkata,2025-05-01,0.7604315954843115,0.7604315954843115,0.7604315954843115
West Bengal,Kolkata,2025-06-01,0.024042697558796258,0.024042697558796258,0.024042697558796258
West Bengal,Kolkata,2025-07-01,0.05974562083697571,0.05974562083697571,0.05974562083697571
West Bengal,Kolkata,2025-09-01,0.8854371597938787,0.8854371597938787,0.8854371597938787
West Bengal,Kolkata,2025-10-01,-0.17594750094739733,-0.17594750094739733,-0.17594750094739733
West Bengal,Kolkata,2025-11-01,0.22383151122002895,0.22383151122002895,0.22383151122002895
West Bengal,Kolkata,2025-12-01,-0.03463731518483172,-0.03463731518483172,-0.03463731518483172
West Bengal,MALDA,2025-09-01,-0.9169139865888506,-0.9169139865888506,-0.9169139865888506
West Bengal,MALDA,2025-10-01,-0.7257184445204028,-0.7257184445204028,-0.7257184445204028
West Bengal,MALDA,2025-11-01,-1.1152946641391808,-1.1152946641391808,-1.1152946641391808
West Bengal,MALDA,2025-12-01,-1.3049733564565893,-1.3049733564565893,-1.3049733564565893
West Bengal,Malda,2025-03-01,1.0968685879666737,1.0968685879666737,1.0968685879666737
West Bengal,Malda,2025-04-01,0.7656559409200949,0.7656559409200949,0.7656559409200949
West Bengal,Malda,2025-05-01,0.12768815505230216,0.12768815505230216,0.12768815505230216
West Bengal,Malda,2025-06-01,0.8900602722116491,0.8900602722116491,0.8900602722116491
West Bengal,Malda,2025-07-01,0.2547521141989416,0.2547521141989416,0.2547521141989416
West Bengal,Malda,2025-09-01,0.9760718807968463,0.9760718807968463,0.9760718807968463
West Bengal,Malda,2025-10-01,-0.07824185191306005,-0.07824185191306005,-0.07824185191306005
West Bengal,Malda,2025-11-01,0.047489545277157125,0.047489545277157125,0.047489545277157125
West Bengal,Malda,2025-12-01,0.07603080053761435,0.07603080053761435,0.07603080053761435
West Bengal,Maldah,2025-03-01,-0.3555359354287105,-0.3555359354287105,-0.3555359354287105
West Bengal,Maldah,2025-04-01,-0.3941153294382407,-0.3941153294382407,-0.3941153294382407
West Bengal,Maldah,2025-05-01,-0.35819500876085486,-0.35819500876085486,-0.35819500876085486
West Bengal,Maldah,2025-06-01,-0.40498267744544697,-0.40498267744544697,-0.40498267744544697
West Bengal,Maldah,2025-07-01,-0.2311580790525053,-0.2311580790525053,-0.2311580790525053
West Bengal,Maldah,2025-09-01,0.7037584978354537,0.7037584978354537,0.7037584978354537
West Bengal,Maldah,2025-10-01,-0.3496710970147996,-0.3496710970147996,-0.3496710970147996
West Bengal,Maldah,2025-11-01,-0.10803154778038251,-0.10803154778038251,-0.10803154778038251
West Bengal,Maldah,2025-12-01,-0.3215733516443999,-0.3215733516443999,-0.3215733516443999
West Bengal,Medinipur,2025-09-01,-0.8374071402818672,-0.8374071402818672,-0.8374071402818672
West Bengal,Medinipur,2025-10-01,-1.008277839133049,-1.008277839133049,-1.008277839133049
West Bengal,Medinipur,2025-11-01,-0.8029051147066069,-0.8029051147066069,-0.8029051147066069
West Bengal,Medinipur,2025-12-01,-1.0097641219499118,-1.0097641219499118,-1.0097641219499118
West Bengal,Medinipur West,2025-06-01,-1.4561397775896512,-1.4561397775896512,-1.4561397775896512
West Bengal,Medinipur West,2025-07-01,-0.6280693242212902,-0.6280693242212902,-0.6280693242212902
West Bengal,Murshidabad,2025-03-01,1.5655364332267339,1.4716042472331297,1.4285519953193946
West Bengal,Murshidabad,2025-04-01,0.9791323960264133,0.9791323960264133,0.9791323960264133
West Bengal,Murshidabad,2025-05-01,1.1596634672511938,1.090083659216122,1.0581929138667143
West Bengal,Murshidabad,2025-06-01,1.5169434600161333,1.4259268524151651,1.3842109072647217
West Bengal,Murshidabad,2025-07-01,1.8343365164211272,1.7242763254358595,1.6738320712342785
West Bengal,Murshidabad,2025-09-01,1.0785908266387234,1.0785908266387234,1.0785908266387234
West Bengal,Murshidabad,2025-10-01,-0.002146426963604505,-0.002146426963604505,-0.002146426963604505
West Bengal,Murshidabad,2025-11-01,0.21151306432196515,0.21151306432196515,0.21151306432196515
West Bengal,Murshidabad,2025-12-01,0.032743209195594355,0.032743209195594355,0.032743209195594355
West Bengal,NADIA,2025-09-01,-1.217597856422746,-1.217597856422746,-1.217597856422746
West Bengal,NADIA,2025-10-01,-1.45766793839659,-1.45766793839659,-1.45766793839659
West Bengal,NADIA,2025-11-01,-1.7072736836975795,-1.7072736836975795,-1.7072736836975795
West Bengal,NADIA,2025-12-01,-1.075749066240374,-1.075749066240374,-1.075749066240374
West Bengal,Nadia,2025-03-01,1.2783365041719337,1.2016363139216175,1.1664820600568895
West Bengal,Nadia,2025-04-01,0.7898811097761693,0.7898811097761693,0.7898811097761693
West Bengal,Nadia,2025-05-01,0.6237526283626491,0.6237526283626491,0.6237526283626491
West Bengal,Nadia,2025-06-01,-0.10850406164360286,-0.10850406164360286,-0.10850406164360286
West Bengal,Nadia,2025-07-01,0.8425341307894469,0.8425341307894469,0.8425341307894469
West Bengal,Nadia,2025-09-01,0.7897481122444945,0.7897481122444945,0.7897481122444945
West Bengal,Nadia,2025-10-01,-0.014498865695037458,-0.014498865695037458,-0.014498865695037458
West Bengal,Nadia,2025-11-01,0.17642333976804422,0.17642333976804422,0.17642333976804422
West Bengal,Nadia,2025-12-01,0.020954426678832034,0.020954426678832034,0.020954426678832034
West Bengal,Naihati Anandabazar,2025-10-01,-1.2932484716713615,-1.2932484716713615,-1.2932484716713615
West Bengal,North 24 Parganas,2025-03-01,1.6700677994940671,1.569863731524423,1.5239368670383362
West Bengal,North 24 Parganas,2025-04-01,0.8626933053199811,0.8626933053199811,0.8626933053199811
West Bengal,North 24 Parganas,2025-05-01,0.8906465654707346,0.8906465654707346,0.8906465654707346
West Bengal,North 24 Parganas,2025-06-01,0.4928543327467407,0.4928543327467407,0.4928543327467407
West Bengal,North 24 Parganas,2025-07-01,1.0827533110603345,1.0827533110603345,1.0827533110603345
West Bengal,North 24 Parganas,2025-09-01,1.0526373768375694,1.0526373768375694,1.0526373768375694
West Bengal,North 24 Parganas,2025-10-01,-0.040247908608022624,-0.040247908608022624,-0.040247908608022624
West Bengal,North 24 Parganas,2025-11-01,0.2585561785910097,0.2585561785910097,0.2585561785910097
West Bengal,North 24 Parganas,2025-12-01,0.1348215254150676,0.1348215254150676,0.1348215254150676
West Bengal,North Dinajpur,2025-05-01,-0.7705736866855972,-0.7705736866855972,-0.7705736866855972
West Bengal,North Dinajpur,2025-06-01,-0.7675766123622094,-0.7675766123622094,-0.7675766123622094
West Bengal,North Dinajpur,2025-07-01,-0.6710280619868919,-0.6710280619868919,-0.6710280619868919
West Bengal,North Dinajpur,2025-09-01,0.4834667821594224,0.4834667821594224,0.4834667821594224
West Bengal,North Dinajpur,2025-10-01,-0.5908638062559592,-0.5908638062559592,-0.5908638062559592
West Bengal,North Dinajpur,2025-11-01,-0.33984620035734775,-0.33984620035734775,-0.33984620035734775
West Bengal,North Dinajpur,2025-12-01,-0.4737229581698843,-0.4737229581698843,-0.4737229581698843
West Bengal,North Twenty Four Parganas,2025-03-01,-0.32937030983941923,-0.32937030983941923,-0.32937030983941923
West Bengal,North Twenty Four Parganas,2025-04-01,-0.39032434361196217,-0.39032434361196217,-0.39032434361196217
West Bengal,North Twenty Four Parganas,2025-05-01,-0.32426870388430407,-0.32426870388430407,-0.32426870388430407
West Bengal,North Twenty Four Parganas,2025-06-01,-0.3356575538134051,-0.3356575538134051,-0.3356575538134051
West Bengal,North Twenty Four Parganas,2025-07-01,-0.26620045338652126,-0.26620045338652126,-0.26620045338652126
West Bengal,North Twenty Four Parganas,2025-09-01,0.6832930987222094,0.6832930987222094,0.6832930987222094
West Bengal,North Twenty Four Parganas,2025-10-01,-0.3989592582631581,-0.3989592582631581,-0.3989592582631581
West Bengal,North Twenty Four Parganas,2025-11-01,-0.08747051570103088,-0.08747051570103088,-0.08747051570103088
West Bengal,North Twenty Four Parganas,2025-12-01,-0.36175152460738813,-0.36175152460738813,-0.36175152460738813
West Bengal,Paschim Bardhaman,2025-03-01,-0.0329178372875738,-0.0329178372875738,-0.0329178372875738
West Bengal,Paschim Bardhaman,2025-04-01,-0.3457476144272625,-0.3457476144272625,-0.3457476144272625
West Bengal,Paschim Bardhaman,2025-05-01,-0.32700308932627925,-0.32700308932627925,-0.32700308932627925
West Bengal,Paschim Bardhaman,2025-06-01,-0.4683510954355366,-0.4683510954355366,-0.4683510954355366
West Bengal,Paschim Bardhaman,2025-07-01,-0.31138175952705266,-0.31138175952705266,-0.31138175952705266
West Bengal,Paschim Bardhaman,2025-09-01,0.5968100839372567,0.5968100839372567,0.5968100839372567
West Bengal,Paschim Bardhaman,2025-10-01,-0.5175149751129609,-0.5175149751129609,-0.5175149751129609
West Bengal,Paschim Bardhaman,2025-11-01,-0.06958426026595908,-0.06958426026595908,-0.06958426026595908
West Bengal,Paschim Bardhaman,2025-12-01,-0.28891477609022687,-0.28891477609022687,-0.28891477609022687
West Bengal,Paschim Medinipur,2025-03-01,1.1706410348947234,1.1004025728010398,1.068209944341435
West Bengal,Paschim Medinipur,2025-04-01,0.3420907995082857,0.3420907995082857,0.3420907995082857
West Bengal,Paschim Medinipur,2025-05-01,0.45766144546036236,0.45766144546036236,0.45766144546036236
West Bengal,Paschim Medinipur,2025-06-01,0.5050712764571819,0.5050712764571819,0.5050712764571819
West Bengal,Paschim Medinipur,2025-07-01,0.9068484080029962,0.9068484080029962,0.9068484080029962
West Bengal,Paschim Medinipur,2025-09-01,1.028295200859955,1.028295200859955,1.028295200859955
West Bengal,Paschim Medinipur,2025-10-01,-0.034975083359886625,-0.034975083359886625,-0.034975083359886625
West Bengal,Paschim Medinipur,2025-11-01,0.23187060057735603,0.23187060057735603,0.23187060057735603
West Bengal,Paschim Medinipur,2025-12-01,-0.01654541769847148,-0.01654541769847148,-0.01654541769847148
West Bengal,Purba Bardhaman,2025-03-01,0.1563134847202236,0.1563134847202236,0.1563134847202236
West Bengal,Purba Bardhaman,2025-04-01,-0.31736734815434603,-0.31736734815434603,-0.31736734815434603
West Bengal,Purba Bardhaman,2025-05-01,-0.31837830709262704,-0.31837830709262704,-0.31837830709262704
West Bengal,Purba Bardhaman,2025-06-01,0.46576791183915306,0.46576791183915306,0.46576791183915306
West Bengal,Purba Bardhaman,2025-07-01,-0.5658945670191105,-0.5658945670191105,-0.5658945670191105
West Bengal,Purba Bardhaman,2025-09-01,0.6431303767564749,0.6431303767564749,0.6431303767564749
West Bengal,Purba Bardhaman,2025-10-01,-0.45526395003259795,-0.45526395003259795,-0.45526395003259795
West Bengal,Purba Bardhaman,2025-11-01,-0.11241173427386247,-0.11241173427386247,-0.11241173427386247
West Bengal,Purba Bardhaman,2025-12-01,-0.3201326281140418,-0.3201326281140418,-0.3201326281140418
West Bengal,Purba Medinipur,2025-03-01,1.0577168524147669,1.0577168524147669,1.0577168524147669
West Bengal,Purba Medinipur,2025-04-01,0.3720051595719976,0.3720051595719976,0.3720051595719976
West Bengal,Purba Medinipur,2025-05-01,0.47090019635049657,0.47090019635049657,0.47090019635049657
West Bengal,Purba Medinipur,2025-06-01,0.4419502463980582,0.4419502463980582,0.4419502463980582
West Bengal,Purba Medinipur,2025-07-01,0.7661864727792898,0.7661864727792898,0.7661864727792898
West Bengal,Purba Medinipur,2025-09-01,0.9104146336949253,0.9104146336949253,0.9104146336949253
West Bengal,Purba Medinipur,2025-10-01,-0.1534712321186326,-0.1534712321186326,-0.1534712321186326
West Bengal,Purba Medinipur,2025-11-01,0.16244442560700473,0.16244442560700473,0.16244442560700473
West Bengal,Purba Medinipur,2025-12-01,-0.08643972697883702,-0.08643972697883702,-0.08643972697883702
West Bengal,Purulia,2025-03-01,-0.6844228755088549,-0.6844228755088549,-0.6844228755088549
West Bengal,Purulia,2025-04-01,-0.5908292865460592,-0.5908292865460592,-0.5908292865460592
West Bengal,Purulia,2025-05-01,-0.595325209107335,-0.595325209107335,-0.595325209107335
West Bengal,Purulia,2025-06-01,-0.552172042127672,-0.552172042127672,-0.552172042127672
West Bengal,Purulia,2025-07-01,-0.5017701472513151,-0.5017701472513151,-0.5017701472513151
West Bengal,Purulia,2025-09-01,0.5392552793876704,0.5392552793876704,0.5392552793876704
West Bengal,Purulia,2025-10-01,-0.5836765762631669,-0.5836765762631669,-0.5836765762631669
West Bengal,Purulia,2025-11-01,-0.23557695578122467,-0.23557695578122467,-0.23557695578122467
West Bengal,Purulia,2025-12-01,-0.4600478377486868,-0.4600478377486868,-0.4600478377486868
West Bengal,Puruliya,2025-03-01,0.7603650489400471,0.7603650489400471,0.7603650489400471
West Bengal,Puruliya,2025-04-01,0.24293729942579434,0.24293729942579434,0.24293729942579434
West Bengal,Puruliya,2025-05-01,0.36555865359866024,0.36555865359866024,0.36555865359866024
West Bengal,Puruliya,2025-06-01,0.30025170262779927,0.30025170262779927,0.30025170262779927
West Bengal,Puruliya,2025-07-01,0.509564285937067,0.509564285937067,0.509564285937067
West Bengal,Puruliya,2025-09-01,0.9749892903173053,0.9749892903173053,0.9749892903173053
West Bengal,Puruliya,2025-10-01,-0.16948774086304816,-0.16948774086304816,-0.16948774086304816
West Bengal,Puruliya,2025-11-01,0.24371587938676215,0.24371587938676215,0.24371587938676215
West Bengal,Puruliya,2025-12-01,-0.05440923213137899,-0.05440923213137899,-0.05440923213137899
West Bengal,South  Twenty Four Parganas,2025-11-01,-1.2505973909566597,-1.2505973909566597,-1.2505973909566597
West Bengal,South  Twenty Four Parganas,2025-12-01,-1.2932484716713615,-1.2932484716713615,-1.2932484716713615
West Bengal,South 24 Pargana,2025-09-01,-1.1302941015450894,-1.1302941015450894,-1.1302941015450894
West Bengal,South 24 Pargana,2025-10-01,-0.46522506284104076,-0.46522506284104076,-0.46522506284104076
West Bengal,South 24 Pargana,2025-11-01,-1.5145815151465283,-1.5145815151465283,-1.5145815151465283
West Bengal,South 24 Pargana,2025-12-01,-0.628043194409099,-0.628043194409099,-0.628043194409099
West Bengal,South 24 Parganas,2025-03-01,1.6559416142066268,1.556585117354229,1.511046722963547
West Bengal,South 24 Parganas,2025-04-01,0.9499560014894155,0.9499560014894155,0.9499560014894155
West Bengal,South 24 Parganas,2025-05-01,1.3648857093492737,1.282992566788317,1.2454582097812121
West Bengal,South 24 Parganas,2025-06-01,1.3102372198602033,1.231622986668591,1.1955914631224354
West Bengal,South 24 Parganas,2025-07-01,1.8235154294662017,1.7141045036982294,1.663957829387909
West Bengal,South 24 Parganas,2025-09-01,1.0708742737937367,1.0708742737937367,1.0708742737937367
West Bengal,South 24 Parganas,2025-10-01,0.1982473736785328,0.1982473736785328,0.1982473736785328
West Bengal,South 24 Parganas,2025-11-01,0.22109697803993497,0.22109697803993497,0.22109697803993497
West Bengal,South 24 Parganas,2025-12-01,0.049790678488726585,0.049790678488726585,0.049790678488726585
West Bengal,South 24 pargana,2025-09-01,-1.2932484716713615,-1.2932484716713615,-1.2932484716713615
West Bengal,South 24 pargana,2025-10-01,-1.1477891839621792,-1.1477891839621792,-1.1477891839621792
West Bengal,South 24 pargana,2025-11-01,-1.2175098998042315,-1.2175098998042315,-1.2175098998042315
West Bengal,South 24 parganas,2025-09-01,-1.0876109166821297,-1.0876109166821297,-1.0876109166821297
West Bengal,South 24 parganas,2025-10-01,-0.2726410808957625,-0.2726410808957625,-0.2726410808957625
West Bengal,South 24 parganas,2025-11-01,-1.6045069734079416,-1.6045069734079416,-1.6045069734079416
West Bengal,South 24 parganas,2025-12-01,-1.2505973909566597,-1.2505973909566597,-1.2505973909566597
West Bengal,South Dinajpur,2025-03-01,-0.6655024346754905,-0.6655024346754905,-0.6655024346754905
West Bengal,South Dinajpur,2025-04-01,-0.7130547164197371,-0.7130547164197371,-0.7130547164197371
West Bengal,South Dinajpur,2025-05-01,-0.7547646732158897,-0.7547646732158897,-0.7547646732158897
West Bengal,South Dinajpur,2025-06-01,-0.6742731201393591,-0.6742731201393591,-0.6742731201393591
West Bengal,South Dinajpur,2025-07-01,-0.5807812146670744,-0.5807812146670744,-0.5807812146670744
West Bengal,South Dinajpur,2025-09-01,0.5292331954151578,0.5292331954151578,0.5292331954151578
West Bengal,South Dinajpur,2025-10-01,-0.5681369764124399,-0.5681369764124399,-0.5681369764124399
West Bengal,South Dinajpur,2025-11-01,-0.3417881336376669,-0.3417881336376669,-0.3417881336376669
West Bengal,South Dinajpur,2025-12-01,-0.5074942605114119,-0.5074942605114119,-0.5074942605114119
West Bengal,South DumDum(M),2025-09-01,-1.217489544099661,-1.217489544099661,-1.217489544099661
West Bengal,South DumDum(M),2025-10-01,-1.2932382938190763,-1.2932382938190763,-1.2932382938190763
West Bengal,South DumDum(M),2025-11-01,-1.3533531380983113,-1.3533531380983113,-1.3533531380983113
West Bengal,South DumDum(M),2025-12-01,-1.1477688282576088,-1.1477688282576088,-1.1477688282576088
West Bengal,South Twenty Four Parganas,2025-03-01,-0.08792870788693162,-0.08792870788693162,-0.08792870788693162
West Bengal,South Twenty Four Parganas,2025-04-01,-0.20578809584029295,-0.20578809584029295,-0.20578809584029295
West Bengal,South Twenty Four Parganas,2025-05-01,-0.09635654103329522,-0.09635654103329522,-0.09635654103329522
West Bengal,South Twenty Four Parganas,2025-06-01,-0.12503418141487377,-0.12503418141487377,-0.12503418141487377
West Bengal,South Twenty Four Parganas,2025-07-01,-0.01595177241963759,-0.01595177241963759,-0.01595177241963759
West Bengal,South Twenty Four Parganas,2025-09-01,0.7758889488654155,0.7758889488654155,0.7758889488654155
West Bengal,South Twenty Four Parganas,2025-10-01,-0.02461746476837261,-0.02461746476837261,-0.02461746476837261
West Bengal,South Twenty Four Parganas,2025-11-01,-0.0014171219252205047,-0.0014171219252205047,-0.0014171219252205047
West Bengal,South Twenty Four Parganas,2025-12-01,-0.2996516048138917,-0.2996516048138917,-0.2996516048138917
West Bengal,Uttar Dinajpur,2025-03-01,0.8767629036912945,0.8767629036912945,0.8767629036912945
West Bengal,Uttar Dinajpur,2025-04-01,0.835091184414186,0.835091184414186,0.835091184414186
West Bengal,Uttar Dinajpur,2025-05-01,0.529860906662549,0.529860906662549,0.529860906662549
West Bengal,Uttar Dinajpur,2025-06-01,0.26779891071940665,0.26779891071940665,0.26779891071940665
West Bengal,Uttar Dinajpur,2025-07-01,1.2967742476063369,1.2189677927499565,1.1833065009407824
West Bengal,Uttar Dinajpur,2025-09-01,1.0086304926673357,1.0086304926673357,1.0086304926673357
West Bengal,Uttar Dinajpur,2025-10-01,0.03921744393892293,0.03921744393892293,0.03921744393892293
West Bengal,Uttar Dinajpur,2025-11-01,0.028845903256743844,0.028845903256743844,0.028845903256743844
West Bengal,Uttar Dinajpur,2025-12-01,-0.05951455602381173,-0.05951455602381173,-0.05951455602381173
West Bengal,West Medinipur,2025-09-01,-1.1477891839621792,-1.1477891839621792,-1.1477891839621792
West Bengal,West Medinipur,2025-10-01,-0.465240853149936,-0.465240853149936,-0.465240853149936
West Bengal,West Medinipur,2025-11-01,-1.7072736836975795,-1.7072736836975795,-1.7072736836975795
West Bengal,West Medinipur,2025-12-01,-1.190451227824868,-1.190451227824868,-1.190451227824868
West Bengal,West Midnapore,2025-03-01,-0.2926844782919809,-0.2926844782919809,-0.2926844782919809
West Bengal,West Midnapore,2025-04-01,-0.3531968665751644,-0.3531968665751644,-0.3531968665751644
West Bengal,West Midnapore,2025-05-01,-0.2569896718461215,-0.2569896718461215,-0.2569896718461215
West Bengal,West Midnapore,2025-06-01,-0.29303009221009335,-0.29303009221009335,-0.29303009221009335
West Bengal,West Midnapore,2025-07-01,-0.19536270144959023,-0.19536270144959023,-0.19536270144959023
West Bengal,West Midnapore,2025-09-01,0.7359037621768425,0.7359037621768425,0.7359037621768425
West Bengal,West Midnapore,2025-10-01,-0.29667291809984425,-0.29667291809984425,-0.29667291809984425
West Bengal,West Midnapore,2025-11-01,-0.011480958836838261,-0.011480958836838261,-0.011480958836838261
West Bengal,West Midnapore,2025-12-01,-0.3222548412883012,-0.3222548412883012,-0.3222548412883012
West Bengal,east midnapore,2025-11-01,-1.2932382938190763,-1.2932382938190763,-1.2932382938190763
West Bengal,hooghly,2025-09-01,-1.1304201622510177,-1.1304201622510177,-1.1304201622510177
West Bengal,hooghly,2025-10-01,-1.1304252511771606,-1.1304252511771606,-1.1304252511771606
West Bengal,hooghly,2025-11-01,-1.4115337204795793,-1.4115337204795793,-1.4115337204795793
West Bengal,hooghly,2025-12-01,-0.2080060607897274,-0.2080060607897274,-0.2080060607897274
West Bengal,nadia,2025-09-01,-1.190545577030389,-1.190545577030389,-1.190545577030389
West Bengal,nadia,2025-10-01,-0.7008069811678248,-0.7008069811678248,-0.7008069811678248
West Bengal,nadia,2025-11-01,-1.6646226029828777,-1.6646226029828777,-1.6646226029828777
West Bengal,nadia,2025-12-01,-1.250577035252089,-1.250577035252089,-1.250577035252089
West Bengli,Hooghly,2025-11-01,-1.3533531380983113,-1.3533531380983113,-1.3533531380983113
West Bengli,Hooghly,2025-12-01,-1.2932484716713615,-1.2932484716713615,-1.2932484716713615
West bengal,Hooghly,2025-09-01,-1.293228115966791,-1.293228115966791,-1.293228115966791
West bengal,Hooghly,2025-10-01,-1.3533531380983113,-1.3533531380983113,-1.3533531380983113
West bengal,Hooghly,2025-11-01,-1.3533531380983113,-1.3533531380983113,-1.3533531380983113
West bengal,Hooghly,2025-12-01,-1.2175098998042315,-1.2175098998042315,-1.2175098998042315
West bengal,South 24 Parganas,2025-09-01,-1.2505973909566597,-1.2505973909566597,-1.2505973909566597
West bengal,South 24 Parganas,2025-10-01,-1.3533531380983113,-1.3533531380983113,-1.3533531380983113
West bengal,South 24 Parganas,2025-11-01,-1.2174997219519461,-1.2174997219519461,-1.2174997219519461
West bengal,South 24 Parganas,2025-12-01,-1.2175098998042315,-1.2175098998042315,-1.2175098998042315
West bengal,hooghly,2025-09-01,-1.054720218001769,-1.054720218001769,-1.054720218001769
West bengal,hooghly,2025-10-01,-1.5618042181361123,-1.5618042181361123,-1.5618042181361123
West bengal,hooghly,2025-11-01,-0.21711299220456826,-0.21711299220456826,-0.21711299220456826
West bengal,hooghly,2025-12-01,-1.1169584695255876,-1.1169584695255876,-1.1169584695255876
Westbengal,Hooghly,2025-09-01,-1.0196595538120952,-1.0196595538120952,-1.0196595538120952
Westbengal,Hooghly,2025-10-01,-1.1479262078160941,-1.1479262078160941,-1.1479262078160941
Westbengal,Hooghly,2025-11-01,-1.1539264394414397,-1.1539264394414397,-1.1539264394414397
Westbengal,Hooghly,2025-12-01,-0.8788799306040507,-0.8788799306040507,-0.8788799306040507
Westbengal,Howrah,2025-09-01,-1.3533429602460259,-1.3533429602460259,-1.3533429602460259
Westbengal,Howrah,2025-10-01,-1.2932484716713615,-1.2932484716713615,-1.2932484716713615
Westbengal,Howrah,2025-11-01,-1.1477891839621792,-1.1477891839621792,-1.1477891839621792
Westbengal,Howrah,2025-12-01,-1.3533429602460259,-1.3533429602460259,-1.3533429602460259
andhra pradesh,chittoor,2025-09-01,-0.9848825774104437,-0.9848825774104437,-0.9848825774104437
andhra pradesh,chittoor,2025-10-01,-0.6056207713161634,-0.6056207713161634,-0.6056207713161634
andhra pradesh,chittoor,2025-11-01,-1.34241541781711,-1.34241541781711,-1.34241541781711
andhra pradesh,chittoor,2025-12-01,-0.21701550956420007,-0.21701550956420007,-0.21701550956420007
andhra pradesh,rangareddi,2025-09-01,-1.1006627934173692,-1.1006627934173692,-1.1006627934173692
andhra pradesh,rangareddi,2025-10-01,-1.5443193135713076,-1.5443193135713076,-1.5443193135713076
andhra pradesh,rangareddi,2025-11-01,-1.1675975684602933,-1.1675975684602933,-1.1675975684602933
andhra pradesh,rangareddi,2025-12-01,-1.2175098998042315,-1.2175098998042315,-1.2175098998042315
odisha,Gajapati,2025-09-01,-1.0646852270558576,-1.0646852270558576,-1.0646852270558576
odisha,Gajapati,2025-10-01,-1.2505872131043743,-1.2505872131043743,-1.2505872131043743
odisha,Gajapati,2025-11-01,-1.1004850581543133,-1.1004850581543133,-1.1004850581543133
odisha,Gajapati,2025-12-01,-1.100515591711169,-1.100515591711169,-1.100515591711169
west Bengal,South 24 Parganas,2025-09-01,-1.1477891839621792,-1.1477891839621792,-1.1477891839621792
west Bengal,South 24 Parganas,2025-10-01,-1.2175098998042315,-1.2175098998042315,-1.2175098998042315
west Bengal,South 24 Parganas,2025-11-01,-1.2505973909566597,-1.2505973909566597,-1.2505973909566597
west Bengal,South 24 Parganas,2025-12-01,-1.2932484716713615,-1.2932484716713615,-1.2932484716713615
